crop_name,soil_type,seedling_stage,moi,temp,humidity,result,growth_stage_order,moi_temp_ratio,moi_humidity_index
Wheat,Black Soil,Germination,1,25,80.0,1,1,0.04,0.8
Wheat,Black Soil,Germination,2,26,77.0,1,1,0.0769,1.54
Wheat,Black Soil,Germination,3,27,74.0,1,1,0.1111,2.22
Wheat,Black Soil,Germination,4,28,71.0,1,1,0.1429,2.84
Wheat,Black Soil,Germination,5,29,68.0,1,1,0.1724,3.4
Wheat,Black Soil,Germination,6,30,65.0,1,1,0.2,3.9
Wheat,Black Soil,Germination,7,31,62.0,1,1,0.2258,4.34
Wheat,Black Soil,Germination,8,32,59.0,1,1,0.25,4.72
Wheat,Black Soil,Germination,9,33,56.0,1,1,0.2727,5.04
Wheat,Black Soil,Germination,10,34,53.0,1,1,0.2941,5.3
Wheat,Black Soil,Germination,11,35,50.0,1,1,0.3143,5.5
Wheat,Black Soil,Germination,12,36,47.0,1,1,0.3333,5.64
Wheat,Black Soil,Germination,13,37,44.0,1,1,0.3514,5.72
Wheat,Black Soil,Germination,14,38,41.0,1,1,0.3684,5.74
Wheat,Black Soil,Germination,15,39,38.0,1,1,0.3846,5.7
Wheat,Black Soil,Germination,16,40,35.0,1,1,0.4,5.6
Wheat,Black Soil,Germination,17,41,32.0,1,1,0.4146,5.44
Wheat,Black Soil,Germination,18,42,29.0,1,1,0.4286,5.22
Wheat,Black Soil,Germination,19,43,26.0,1,1,0.4419,4.94
Wheat,Black Soil,Germination,20,44,23.0,1,1,0.4545,4.6
Wheat,Black Soil,Germination,21,45,20.0,1,1,0.4667,4.2
Wheat,Black Soil,Germination,22,46,17.0,1,1,0.4783,3.74
Wheat,Black Soil,Germination,23,25,80.0,1,1,0.92,18.4
Wheat,Black Soil,Germination,24,26,77.5,1,1,0.9231,18.6
Wheat,Black Soil,Germination,25,27,75.0,1,1,0.9259,18.75
Wheat,Black Soil,Germination,26,28,72.5,1,1,0.9286,18.85
Wheat,Black Soil,Germination,27,29,70.0,1,1,0.931,18.9
Wheat,Black Soil,Germination,28,30,67.5,1,1,0.9333,18.9
Wheat,Black Soil,Germination,29,31,65.0,1,1,0.9355,18.85
Wheat,Black Soil,Germination,30,32,62.5,1,1,0.9375,18.75
Wheat,Black Soil,Germination,41,43,35.0,0,1,0.9535,14.35
Wheat,Black Soil,Germination,42,44,32.5,0,1,0.9545,13.65
Wheat,Black Soil,Germination,43,45,30.0,0,1,0.9556,12.9
Wheat,Black Soil,Germination,44,46,27.5,0,1,0.9565,12.1
Wheat,Black Soil,Germination,45,25,80.0,0,1,1.8,36.0
Wheat,Black Soil,Germination,46,26,77.3,0,1,1.7692,35.558
Wheat,Black Soil,Germination,47,27,74.6,0,1,1.7407,35.062
Wheat,Black Soil,Germination,48,28,71.9,0,1,1.7143,34.512
Wheat,Black Soil,Germination,49,29,69.2,0,1,1.6897,33.908
Wheat,Black Soil,Germination,50,30,66.5,0,1,1.6667,33.25
Wheat,Black Soil,Germination,51,31,63.8,0,1,1.6452,32.538
Wheat,Black Soil,Germination,52,32,61.1,0,1,1.625,31.772
Wheat,Black Soil,Germination,53,33,58.4,0,1,1.6061,30.952
Wheat,Black Soil,Germination,54,34,55.7,0,1,1.5882,30.078
Wheat,Black Soil,Germination,55,35,53.0,0,1,1.5714,29.15
Wheat,Black Soil,Germination,56,36,50.3,0,1,1.5556,28.168
Wheat,Black Soil,Germination,57,37,47.6,0,1,1.5405,27.132
Wheat,Black Soil,Germination,58,38,44.9,0,1,1.5263,26.042
Wheat,Black Soil,Germination,59,39,42.2,0,1,1.5128,24.898
Wheat,Black Soil,Germination,60,40,39.5,0,1,1.5,23.7
Wheat,Black Soil,Germination,61,41,36.8,0,1,1.4878,22.448
Wheat,Black Soil,Germination,62,42,34.1,0,1,1.4762,21.142
Wheat,Black Soil,Germination,63,43,31.4,0,1,1.4651,19.782
Wheat,Black Soil,Germination,64,44,28.7,0,1,1.4545,18.368
Wheat,Black Soil,Germination,65,45,26.0,0,1,1.4444,16.9
Wheat,Black Soil,Germination,66,46,23.3,0,1,1.4348,15.378
Wheat,Black Soil,Germination,67,25,80.0,0,1,2.68,53.6
Wheat,Black Soil,Germination,68,26,78.0,0,1,2.6154,53.04
Wheat,Black Soil,Germination,69,27,76.0,0,1,2.5556,52.44
Wheat,Black Soil,Germination,70,28,74.0,0,1,2.5,51.8
Wheat,Black Soil,Germination,71,29,72.0,0,1,2.4483,51.12
Wheat,Black Soil,Germination,72,30,70.0,0,1,2.4,50.4
Wheat,Black Soil,Germination,73,31,68.0,0,1,2.3548,49.64
Wheat,Black Soil,Germination,74,32,66.0,0,1,2.3125,48.84
Wheat,Black Soil,Germination,75,33,64.0,0,1,2.2727,48.0
Wheat,Black Soil,Germination,76,34,62.0,0,1,2.2353,47.12
Wheat,Black Soil,Germination,77,35,60.0,0,1,2.2,46.2
Wheat,Black Soil,Germination,78,36,58.0,0,1,2.1667,45.24
Wheat,Black Soil,Germination,79,37,56.0,0,1,2.1351,44.24
Wheat,Black Soil,Germination,80,38,54.0,0,1,2.1053,43.2
Wheat,Black Soil,Germination,81,39,52.0,0,1,2.0769,42.12
Wheat,Black Soil,Germination,82,40,50.0,0,1,2.05,41.0
Wheat,Black Soil,Germination,83,41,48.0,0,1,2.0244,39.84
Wheat,Black Soil,Germination,84,42,46.0,0,1,2.0,38.64
Wheat,Black Soil,Germination,85,43,44.0,0,1,1.9767,37.4
Wheat,Black Soil,Germination,86,44,42.0,0,1,1.9545,36.12
Wheat,Black Soil,Germination,87,45,40.0,0,1,1.9333,34.8
Wheat,Black Soil,Germination,88,46,38.0,0,1,1.913,33.44
Wheat,Black Soil,Germination,89,25,80.0,0,1,3.56,71.2
Wheat,Black Soil,Germination,90,26,78.0,0,1,3.4615,70.2
Wheat,Black Soil,Germination,91,27,76.0,0,1,3.3704,69.16
Wheat,Black Soil,Germination,92,28,74.0,0,1,3.2857,68.08
Wheat,Black Soil,Germination,93,29,72.0,0,1,3.2069,66.96
Wheat,Black Soil,Germination,94,30,70.0,0,1,3.1333,65.8
Wheat,Black Soil,Germination,95,31,68.0,0,1,3.0645,64.6
Wheat,Black Soil,Germination,96,32,66.0,0,1,3.0,63.36
Wheat,Black Soil,Germination,97,33,64.0,0,1,2.9394,62.08
Wheat,Black Soil,Germination,98,34,62.0,0,1,2.8824,60.76
Wheat,Black Soil,Germination,99,35,60.0,0,1,2.8286,59.4
Wheat,Black Soil,Germination,100,36,58.0,0,1,2.7778,58.0
Wheat,Black Soil,Seedling Stage,1,37,56.0,1,2,0.027,0.56
Wheat,Black Soil,Seedling Stage,2,38,54.0,1,2,0.0526,1.08
Wheat,Black Soil,Seedling Stage,3,39,52.0,1,2,0.0769,1.56
Wheat,Black Soil,Seedling Stage,4,40,50.0,1,2,0.1,2.0
Wheat,Black Soil,Seedling Stage,5,41,48.0,1,2,0.122,2.4
Wheat,Black Soil,Seedling Stage,6,42,46.0,1,2,0.1429,2.76
Wheat,Black Soil,Seedling Stage,7,43,44.0,1,2,0.1628,3.08
Wheat,Black Soil,Seedling Stage,8,44,42.0,1,2,0.1818,3.36
Wheat,Black Soil,Seedling Stage,9,45,40.0,1,2,0.2,3.6
Wheat,Black Soil,Seedling Stage,10,46,38.0,1,2,0.2174,3.8
Wheat,Black Soil,Seedling Stage,11,25,80.0,1,2,0.44,8.8
Wheat,Black Soil,Seedling Stage,12,26,77.0,1,2,0.4615,9.24
Wheat,Black Soil,Seedling Stage,13,27,74.0,1,2,0.4815,9.62
Wheat,Black Soil,Seedling Stage,14,28,71.0,1,2,0.5,9.94
Wheat,Black Soil,Seedling Stage,15,29,68.0,1,2,0.5172,10.2
Wheat,Black Soil,Seedling Stage,16,30,65.0,1,2,0.5333,10.4
Wheat,Black Soil,Seedling Stage,17,31,62.0,1,2,0.5484,10.54
Wheat,Black Soil,Seedling Stage,18,32,59.0,1,2,0.5625,10.62
Wheat,Black Soil,Seedling Stage,19,33,56.0,1,2,0.5758,10.64
Wheat,Black Soil,Seedling Stage,20,34,53.0,1,2,0.5882,10.6
Wheat,Black Soil,Seedling Stage,21,35,50.0,1,2,0.6,10.5
Wheat,Black Soil,Seedling Stage,22,36,47.0,1,2,0.6111,10.34
Wheat,Black Soil,Seedling Stage,23,37,44.0,1,2,0.6216,10.12
Wheat,Black Soil,Seedling Stage,24,38,41.0,1,2,0.6316,9.84
Wheat,Black Soil,Seedling Stage,25,39,38.0,1,2,0.641,9.5
Wheat,Black Soil,Seedling Stage,26,40,35.0,1,2,0.65,9.1
Wheat,Black Soil,Seedling Stage,27,41,32.0,1,2,0.6585,8.64
Wheat,Black Soil,Seedling Stage,28,42,29.0,1,2,0.6667,8.12
Wheat,Black Soil,Seedling Stage,29,43,26.0,1,2,0.6744,7.54
Wheat,Black Soil,Seedling Stage,30,44,23.0,1,2,0.6818,6.9
Wheat,Black Soil,Seedling Stage,31,45,20.0,1,2,0.6889,6.2
Wheat,Black Soil,Seedling Stage,32,46,17.0,1,2,0.6957,5.44
Wheat,Black Soil,Seedling Stage,33,25,80.0,1,2,1.32,26.4
Wheat,Black Soil,Seedling Stage,34,26,77.0,1,2,1.3077,26.18
Wheat,Black Soil,Seedling Stage,35,27,74.0,1,2,1.2963,25.9
Wheat,Black Soil,Seedling Stage,36,28,71.0,1,2,1.2857,25.56
Wheat,Black Soil,Seedling Stage,37,29,68.0,1,2,1.2759,25.16
Wheat,Black Soil,Seedling Stage,38,30,65.0,1,2,1.2667,24.7
Wheat,Black Soil,Seedling Stage,39,31,62.0,1,2,1.2581,24.18
Wheat,Black Soil,Seedling Stage,51,43,26.0,0,2,1.186,13.26
Wheat,Black Soil,Seedling Stage,52,44,23.0,0,2,1.1818,11.96
Wheat,Black Soil,Seedling Stage,53,45,20.0,0,2,1.1778,10.6
Wheat,Black Soil,Seedling Stage,54,46,17.0,0,2,1.1739,9.18
Wheat,Black Soil,Seedling Stage,55,25,80.0,0,2,2.2,44.0
Wheat,Black Soil,Seedling Stage,56,26,77.0,0,2,2.1538,43.12
Wheat,Black Soil,Seedling Stage,57,27,74.0,0,2,2.1111,42.18
Wheat,Black Soil,Seedling Stage,58,28,71.0,0,2,2.0714,41.18
Wheat,Black Soil,Seedling Stage,59,29,68.0,0,2,2.0345,40.12
Wheat,Black Soil,Seedling Stage,60,30,65.0,0,2,2.0,39.0
Wheat,Black Soil,Seedling Stage,61,31,62.0,0,2,1.9677,37.82
Wheat,Black Soil,Seedling Stage,62,32,59.0,0,2,1.9375,36.58
Wheat,Black Soil,Seedling Stage,63,33,56.0,0,2,1.9091,35.28
Wheat,Black Soil,Seedling Stage,64,34,53.0,0,2,1.8824,33.92
Wheat,Black Soil,Seedling Stage,65,35,50.0,0,2,1.8571,32.5
Wheat,Black Soil,Seedling Stage,66,36,47.0,0,2,1.8333,31.02
Wheat,Black Soil,Seedling Stage,67,37,44.0,0,2,1.8108,29.48
Wheat,Black Soil,Seedling Stage,68,38,41.0,0,2,1.7895,27.88
Wheat,Black Soil,Seedling Stage,69,39,38.0,0,2,1.7692,26.22
Wheat,Black Soil,Seedling Stage,70,40,35.0,0,2,1.75,24.5
Wheat,Black Soil,Seedling Stage,71,41,32.0,0,2,1.7317,22.72
Wheat,Black Soil,Seedling Stage,72,42,29.0,0,2,1.7143,20.88
Wheat,Black Soil,Seedling Stage,73,43,26.0,0,2,1.6977,18.98
Wheat,Black Soil,Seedling Stage,74,44,23.0,0,2,1.6818,17.02
Wheat,Black Soil,Seedling Stage,75,45,20.0,0,2,1.6667,15.0
Wheat,Black Soil,Seedling Stage,76,46,17.0,0,2,1.6522,12.92
Wheat,Black Soil,Seedling Stage,77,25,80.0,0,2,3.08,61.6
Wheat,Black Soil,Seedling Stage,78,26,77.3,0,2,3.0,60.294
Wheat,Black Soil,Seedling Stage,79,27,74.6,0,2,2.9259,58.934
Wheat,Black Soil,Seedling Stage,80,28,71.9,0,2,2.8571,57.52
Wheat,Black Soil,Seedling Stage,81,29,69.2,0,2,2.7931,56.052
Wheat,Black Soil,Seedling Stage,82,30,66.5,0,2,2.7333,54.53
Wheat,Black Soil,Seedling Stage,83,31,63.8,0,2,2.6774,52.954
Wheat,Black Soil,Seedling Stage,84,32,61.1,0,2,2.625,51.324
Wheat,Black Soil,Seedling Stage,85,33,58.4,0,2,2.5758,49.64
Wheat,Black Soil,Seedling Stage,86,34,55.7,0,2,2.5294,47.902
Wheat,Black Soil,Seedling Stage,87,35,53.0,0,2,2.4857,46.11
Wheat,Black Soil,Seedling Stage,88,36,50.3,0,2,2.4444,44.264
Wheat,Black Soil,Seedling Stage,89,37,47.6,0,2,2.4054,42.364
Wheat,Black Soil,Seedling Stage,90,38,44.9,0,2,2.3684,40.41
Wheat,Black Soil,Seedling Stage,91,39,42.2,0,2,2.3333,38.402
Wheat,Black Soil,Seedling Stage,92,40,39.5,0,2,2.3,36.34
Wheat,Black Soil,Seedling Stage,93,41,36.8,0,2,2.2683,34.224
Wheat,Black Soil,Seedling Stage,94,42,34.1,0,2,2.2381,32.054
Wheat,Black Soil,Seedling Stage,95,43,31.4,0,2,2.2093,29.83
Wheat,Black Soil,Seedling Stage,96,44,28.7,0,2,2.1818,27.552
Wheat,Black Soil,Seedling Stage,97,45,26.0,0,2,2.1556,25.22
Wheat,Black Soil,Seedling Stage,98,46,23.3,0,2,2.1304,22.834
Wheat,Black Soil,Seedling Stage,99,25,80.0,0,2,3.96,79.2
Wheat,Black Soil,Seedling Stage,100,26,77.0,0,2,3.8462,77.0
Wheat,Black Soil,Vegetative Growth / Root or Tuber Development,1,27,74.0,1,3,0.037,0.74
Wheat,Black Soil,Vegetative Growth / Root or Tuber Development,2,28,71.0,1,3,0.0714,1.42
Wheat,Black Soil,Vegetative Growth / Root or Tuber Development,3,29,68.0,1,3,0.1034,2.04
Wheat,Black Soil,Vegetative Growth / Root or Tuber Development,4,30,65.0,1,3,0.1333,2.6
Wheat,Black Soil,Vegetative Growth / Root or Tuber Development,5,31,62.0,1,3,0.1613,3.1
Wheat,Black Soil,Vegetative Growth / Root or Tuber Development,6,32,59.0,1,3,0.1875,3.54
Wheat,Black Soil,Vegetative Growth / Root or Tuber Development,7,33,56.0,1,3,0.2121,3.92
Wheat,Black Soil,Vegetative Growth / Root or Tuber Development,8,34,53.0,1,3,0.2353,4.24
Wheat,Black Soil,Vegetative Growth / Root or Tuber Development,9,35,50.0,1,3,0.2571,4.5
Wheat,Black Soil,Vegetative Growth / Root or Tuber Development,10,36,47.0,1,3,0.2778,4.7
Wheat,Black Soil,Vegetative Growth / Root or Tuber Development,11,37,44.0,1,3,0.2973,4.84
Wheat,Black Soil,Vegetative Growth / Root or Tuber Development,12,38,41.0,1,3,0.3158,4.92
Wheat,Black Soil,Vegetative Growth / Root or Tuber Development,13,39,38.0,1,3,0.3333,4.94
Wheat,Black Soil,Vegetative Growth / Root or Tuber Development,14,40,35.0,1,3,0.35,4.9
Wheat,Black Soil,Vegetative Growth / Root or Tuber Development,15,41,32.0,1,3,0.3659,4.8
Wheat,Black Soil,Vegetative Growth / Root or Tuber Development,16,42,29.0,1,3,0.381,4.64
Wheat,Black Soil,Vegetative Growth / Root or Tuber Development,17,43,26.0,1,3,0.3953,4.42
Wheat,Black Soil,Vegetative Growth / Root or Tuber Development,18,44,23.0,1,3,0.4091,4.14
Wheat,Black Soil,Vegetative Growth / Root or Tuber Development,19,45,20.0,1,3,0.4222,3.8
Wheat,Black Soil,Vegetative Growth / Root or Tuber Development,20,46,17.0,1,3,0.4348,3.4
Wheat,Black Soil,Vegetative Growth / Root or Tuber Development,21,25,80.0,1,3,0.84,16.8
Wheat,Black Soil,Vegetative Growth / Root or Tuber Development,22,26,77.5,1,3,0.8462,17.05
Wheat,Black Soil,Vegetative Growth / Root or Tuber Development,23,27,75.0,1,3,0.8519,17.25
Wheat,Black Soil,Vegetative Growth / Root or Tuber Development,24,28,72.5,1,3,0.8571,17.4
Wheat,Black Soil,Vegetative Growth / Root or Tuber Development,25,29,70.0,1,3,0.8621,17.5
Wheat,Black Soil,Vegetative Growth / Root or Tuber Development,26,30,67.5,1,3,0.8667,17.55
Wheat,Black Soil,Vegetative Growth / Root or Tuber Development,27,31,65.0,1,3,0.871,17.55
Wheat,Black Soil,Vegetative Growth / Root or Tuber Development,28,32,62.5,1,3,0.875,17.5
Wheat,Black Soil,Vegetative Growth / Root or Tuber Development,29,33,60.0,1,3,0.8788,17.4
Wheat,Black Soil,Vegetative Growth / Root or Tuber Development,30,34,57.5,1,3,0.8824,17.25
Wheat,Black Soil,Vegetative Growth / Root or Tuber Development,31,35,55.0,1,3,0.8857,17.05
Wheat,Black Soil,Vegetative Growth / Root or Tuber Development,32,36,52.5,1,3,0.8889,16.8
Wheat,Black Soil,Vegetative Growth / Root or Tuber Development,33,37,50.0,1,3,0.8919,16.5
Wheat,Black Soil,Vegetative Growth / Root or Tuber Development,34,38,47.5,1,3,0.8947,16.15
Wheat,Black Soil,Vegetative Growth / Root or Tuber Development,35,39,45.0,1,3,0.8974,15.75
Wheat,Black Soil,Vegetative Growth / Root or Tuber Development,36,40,42.5,1,3,0.9,15.3
Wheat,Black Soil,Vegetative Growth / Root or Tuber Development,37,41,40.0,1,3,0.9024,14.8
Wheat,Black Soil,Vegetative Growth / Root or Tuber Development,38,42,37.5,1,3,0.9048,14.25
Wheat,Black Soil,Vegetative Growth / Root or Tuber Development,39,43,35.0,1,3,0.907,13.65
Wheat,Black Soil,Vegetative Growth / Root or Tuber Development,40,44,32.5,1,3,0.9091,13.0
Wheat,Black Soil,Vegetative Growth / Root or Tuber Development,41,45,30.0,1,3,0.9111,12.3
Wheat,Black Soil,Vegetative Growth / Root or Tuber Development,42,46,27.5,1,3,0.913,11.55
Wheat,Black Soil,Vegetative Growth / Root or Tuber Development,43,25,80.0,1,3,1.72,34.4
Wheat,Black Soil,Vegetative Growth / Root or Tuber Development,44,26,77.3,1,3,1.6923,34.012
Wheat,Black Soil,Vegetative Growth / Root or Tuber Development,45,27,74.6,1,3,1.6667,33.57
Wheat,Black Soil,Vegetative Growth / Root or Tuber Development,46,28,71.9,1,3,1.6429,33.074
Wheat,Black Soil,Vegetative Growth / Root or Tuber Development,47,29,69.2,1,3,1.6207,32.524
Wheat,Black Soil,Vegetative Growth / Root or Tuber Development,48,30,66.5,1,3,1.6,31.92
Wheat,Black Soil,Vegetative Growth / Root or Tuber Development,49,31,63.8,1,3,1.5806,31.262
Wheat,Black Soil,Vegetative Growth / Root or Tuber Development,61,43,31.4,0,3,1.4186,19.154
Wheat,Black Soil,Vegetative Growth / Root or Tuber Development,62,44,28.7,0,3,1.4091,17.794
Wheat,Black Soil,Vegetative Growth / Root or Tuber Development,63,45,26.0,0,3,1.4,16.38
Wheat,Black Soil,Vegetative Growth / Root or Tuber Development,64,46,23.3,0,3,1.3913,14.912
Wheat,Black Soil,Vegetative Growth / Root or Tuber Development,65,25,80.0,0,3,2.6,52.0
Wheat,Black Soil,Vegetative Growth / Root or Tuber Development,66,26,77.0,0,3,2.5385,50.82
Wheat,Black Soil,Vegetative Growth / Root or Tuber Development,67,27,74.0,0,3,2.4815,49.58
Wheat,Black Soil,Vegetative Growth / Root or Tuber Development,68,28,71.0,0,3,2.4286,48.28
Wheat,Black Soil,Vegetative Growth / Root or Tuber Development,69,29,68.0,0,3,2.3793,46.92
Wheat,Black Soil,Vegetative Growth / Root or Tuber Development,70,30,65.0,0,3,2.3333,45.5
Wheat,Black Soil,Vegetative Growth / Root or Tuber Development,71,31,62.0,0,3,2.2903,44.02
Wheat,Black Soil,Vegetative Growth / Root or Tuber Development,72,32,59.0,0,3,2.25,42.48
Wheat,Black Soil,Vegetative Growth / Root or Tuber Development,73,33,56.0,0,3,2.2121,40.88
Wheat,Black Soil,Vegetative Growth / Root or Tuber Development,74,34,53.0,0,3,2.1765,39.22
Wheat,Black Soil,Vegetative Growth / Root or Tuber Development,75,35,50.0,0,3,2.1429,37.5
Wheat,Black Soil,Vegetative Growth / Root or Tuber Development,76,36,47.0,0,3,2.1111,35.72
Wheat,Black Soil,Vegetative Growth / Root or Tuber Development,77,37,44.0,0,3,2.0811,33.88
Wheat,Black Soil,Vegetative Growth / Root or Tuber Development,78,38,41.0,0,3,2.0526,31.98
Wheat,Black Soil,Vegetative Growth / Root or Tuber Development,79,39,38.0,0,3,2.0256,30.02
Wheat,Black Soil,Vegetative Growth / Root or Tuber Development,80,40,35.0,0,3,2.0,28.0
Wheat,Black Soil,Vegetative Growth / Root or Tuber Development,81,41,32.0,0,3,1.9756,25.92
Wheat,Black Soil,Vegetative Growth / Root or Tuber Development,82,42,29.0,0,3,1.9524,23.78
Wheat,Black Soil,Vegetative Growth / Root or Tuber Development,83,43,26.0,0,3,1.9302,21.58
Wheat,Black Soil,Vegetative Growth / Root or Tuber Development,84,44,23.0,0,3,1.9091,19.32
Wheat,Black Soil,Vegetative Growth / Root or Tuber Development,85,45,20.0,0,3,1.8889,17.0
Wheat,Black Soil,Vegetative Growth / Root or Tuber Development,86,46,17.0,0,3,1.8696,14.62
Wheat,Black Soil,Vegetative Growth / Root or Tuber Development,87,25,80.0,0,3,3.48,69.6
Wheat,Black Soil,Vegetative Growth / Root or Tuber Development,88,26,77.0,0,3,3.3846,67.76
Wheat,Black Soil,Vegetative Growth / Root or Tuber Development,89,27,74.0,0,3,3.2963,65.86
Wheat,Black Soil,Vegetative Growth / Root or Tuber Development,90,28,71.0,0,3,3.2143,63.9
Wheat,Black Soil,Vegetative Growth / Root or Tuber Development,91,29,68.0,0,3,3.1379,61.88
Wheat,Black Soil,Vegetative Growth / Root or Tuber Development,92,30,65.0,0,3,3.0667,59.8
Wheat,Black Soil,Vegetative Growth / Root or Tuber Development,93,31,62.0,0,3,3.0,57.66
Wheat,Black Soil,Vegetative Growth / Root or Tuber Development,94,32,59.0,0,3,2.9375,55.46
Wheat,Black Soil,Vegetative Growth / Root or Tuber Development,95,33,56.0,0,3,2.8788,53.2
Wheat,Black Soil,Vegetative Growth / Root or Tuber Development,96,34,53.0,0,3,2.8235,50.88
Wheat,Black Soil,Vegetative Growth / Root or Tuber Development,97,35,50.0,0,3,2.7714,48.5
Wheat,Black Soil,Vegetative Growth / Root or Tuber Development,98,36,47.0,0,3,2.7222,46.06
Wheat,Black Soil,Vegetative Growth / Root or Tuber Development,99,37,44.0,0,3,2.6757,43.56
Wheat,Black Soil,Vegetative Growth / Root or Tuber Development,100,38,41.0,0,3,2.6316,41.0
Wheat,Black Soil,Flowering,1,39,38.0,1,4,0.0256,0.38
Wheat,Black Soil,Flowering,2,40,35.0,1,4,0.05,0.7
Wheat,Black Soil,Flowering,3,41,32.0,1,4,0.0732,0.96
Wheat,Black Soil,Flowering,4,42,29.0,1,4,0.0952,1.16
Wheat,Black Soil,Flowering,5,43,26.0,1,4,0.1163,1.3
Wheat,Black Soil,Flowering,6,44,23.0,1,4,0.1364,1.38
Wheat,Black Soil,Flowering,7,45,20.0,1,4,0.1556,1.4
Wheat,Black Soil,Flowering,8,46,17.0,1,4,0.1739,1.36
Wheat,Black Soil,Flowering,9,25,80.0,1,4,0.36,7.2
Wheat,Black Soil,Flowering,10,26,77.0,1,4,0.3846,7.7
Wheat,Black Soil,Flowering,11,27,74.0,1,4,0.4074,8.14
Wheat,Black Soil,Flowering,12,28,71.0,1,4,0.4286,8.52
Wheat,Black Soil,Flowering,13,29,68.0,1,4,0.4483,8.84
Wheat,Black Soil,Flowering,14,30,65.0,1,4,0.4667,9.1
Wheat,Black Soil,Flowering,15,31,62.0,1,4,0.4839,9.3
Wheat,Black Soil,Flowering,16,32,59.0,1,4,0.5,9.44
Wheat,Black Soil,Flowering,17,33,56.0,1,4,0.5152,9.52
Wheat,Black Soil,Flowering,18,34,53.0,1,4,0.5294,9.54
Wheat,Black Soil,Flowering,19,35,50.0,1,4,0.5429,9.5
Wheat,Black Soil,Flowering,20,36,47.0,1,4,0.5556,9.4
Wheat,Black Soil,Flowering,21,37,44.0,1,4,0.5676,9.24
Wheat,Black Soil,Flowering,22,38,41.0,1,4,0.5789,9.02
Wheat,Black Soil,Flowering,23,39,38.0,1,4,0.5897,8.74
Wheat,Black Soil,Flowering,24,40,35.0,1,4,0.6,8.4
Wheat,Black Soil,Flowering,25,41,32.0,1,4,0.6098,8.0
Wheat,Black Soil,Flowering,26,42,29.0,1,4,0.619,7.54
Wheat,Black Soil,Flowering,27,43,26.0,1,4,0.6279,7.02
Wheat,Black Soil,Flowering,28,44,23.0,1,4,0.6364,6.44
Wheat,Black Soil,Flowering,29,45,20.0,1,4,0.6444,5.8
Wheat,Black Soil,Flowering,30,46,17.0,1,4,0.6522,5.1
Wheat,Black Soil,Flowering,31,25,80.0,1,4,1.24,24.8
Wheat,Black Soil,Flowering,32,26,77.0,1,4,1.2308,24.64
Wheat,Black Soil,Flowering,33,27,74.0,1,4,1.2222,24.42
Wheat,Black Soil,Flowering,34,28,71.0,1,4,1.2143,24.14
Wheat,Black Soil,Flowering,35,29,68.0,1,4,1.2069,23.8
Wheat,Black Soil,Flowering,36,30,65.0,1,4,1.2,23.4
Wheat,Black Soil,Flowering,37,31,62.0,1,4,1.1935,22.94
Wheat,Black Soil,Flowering,38,32,59.0,1,4,1.1875,22.42
Wheat,Black Soil,Flowering,39,33,56.0,1,4,1.1818,21.84
Wheat,Black Soil,Flowering,40,34,53.0,1,4,1.1765,21.2
Wheat,Black Soil,Flowering,41,35,50.0,1,4,1.1714,20.5
Wheat,Black Soil,Flowering,42,36,47.0,1,4,1.1667,19.74
Wheat,Black Soil,Flowering,43,37,44.0,1,4,1.1622,18.92
Wheat,Black Soil,Flowering,44,38,41.0,1,4,1.1579,18.04
Wheat,Black Soil,Flowering,45,39,38.0,1,4,1.1538,17.1
Wheat,Black Soil,Flowering,46,40,35.0,1,4,1.15,16.1
Wheat,Black Soil,Flowering,47,41,32.0,1,4,1.1463,15.04
Wheat,Black Soil,Flowering,48,42,29.0,1,4,1.1429,13.92
Wheat,Black Soil,Flowering,49,43,26.0,1,4,1.1395,12.74
Wheat,Black Soil,Flowering,50,44,23.0,1,4,1.1364,11.5
Wheat,Black Soil,Flowering,51,45,20.0,1,4,1.1333,10.2
Wheat,Black Soil,Flowering,52,46,17.0,1,4,1.1304,8.84
Wheat,Black Soil,Flowering,53,25,80.0,1,4,2.12,42.4
Wheat,Black Soil,Flowering,54,26,77.0,1,4,2.0769,41.58
Wheat,Black Soil,Flowering,55,27,74.0,1,4,2.037,40.7
Wheat,Black Soil,Flowering,56,28,71.0,1,4,2.0,39.76
Wheat,Black Soil,Flowering,57,29,68.0,1,4,1.9655,38.76
Wheat,Black Soil,Flowering,58,30,65.0,1,4,1.9333,37.7
Wheat,Black Soil,Flowering,59,31,62.0,1,4,1.9032,36.58
Wheat,Black Soil,Flowering,71,43,26.0,0,4,1.6512,18.46
Wheat,Black Soil,Flowering,72,44,23.0,0,4,1.6364,16.56
Wheat,Black Soil,Flowering,73,45,20.0,0,4,1.6222,14.6
Wheat,Black Soil,Flowering,74,46,17.0,0,4,1.6087,12.58
Wheat,Black Soil,Flowering,75,25,80.0,0,4,3.0,60.0
Wheat,Black Soil,Flowering,76,26,77.0,0,4,2.9231,58.52
Wheat,Black Soil,Flowering,77,27,74.0,0,4,2.8519,56.98
Wheat,Black Soil,Flowering,78,28,71.0,0,4,2.7857,55.38
Wheat,Black Soil,Flowering,79,29,68.0,0,4,2.7241,53.72
Wheat,Black Soil,Flowering,80,30,65.0,0,4,2.6667,52.0
Wheat,Black Soil,Flowering,81,31,62.0,0,4,2.6129,50.22
Wheat,Black Soil,Flowering,82,32,59.0,0,4,2.5625,48.38
Wheat,Black Soil,Flowering,83,33,56.0,0,4,2.5152,46.48
Wheat,Black Soil,Flowering,84,34,53.0,0,4,2.4706,44.52
Wheat,Black Soil,Flowering,85,35,50.0,0,4,2.4286,42.5
Wheat,Black Soil,Flowering,86,36,47.0,0,4,2.3889,40.42
Wheat,Black Soil,Flowering,87,37,44.0,0,4,2.3514,38.28
Wheat,Black Soil,Flowering,88,38,41.0,0,4,2.3158,36.08
Wheat,Black Soil,Flowering,89,39,38.0,0,4,2.2821,33.82
Wheat,Black Soil,Flowering,90,40,35.0,0,4,2.25,31.5
Wheat,Black Soil,Flowering,91,41,32.0,0,4,2.2195,29.12
Wheat,Black Soil,Flowering,92,42,29.0,0,4,2.1905,26.68
Wheat,Black Soil,Flowering,93,43,26.0,0,4,2.1628,24.18
Wheat,Black Soil,Flowering,94,44,23.0,0,4,2.1364,21.62
Wheat,Black Soil,Flowering,95,45,20.0,0,4,2.1111,19.0
Wheat,Black Soil,Flowering,96,46,17.0,0,4,2.087,16.32
Wheat,Black Soil,Flowering,97,25,81.0,0,4,3.88,78.57
Wheat,Black Soil,Flowering,98,26,79.0,0,4,3.7692,77.42
Wheat,Black Soil,Flowering,99,27,76.0,0,4,3.6667,75.24
Wheat,Black Soil,Flowering,100,28,73.0,0,4,3.5714,73.0
Wheat,Black Soil,Pollination,1,29,70.0,1,5,0.0345,0.7
Wheat,Black Soil,Pollination,2,30,67.0,1,5,0.0667,1.34
Wheat,Black Soil,Pollination,3,31,64.0,1,5,0.0968,1.92
Wheat,Black Soil,Pollination,4,32,61.0,1,5,0.125,2.44
Wheat,Black Soil,Pollination,5,33,58.0,1,5,0.1515,2.9
Wheat,Black Soil,Pollination,6,34,55.0,1,5,0.1765,3.3
Wheat,Black Soil,Pollination,7,35,52.0,1,5,0.2,3.64
Wheat,Black Soil,Pollination,8,36,49.0,1,5,0.2222,3.92
Wheat,Black Soil,Pollination,9,37,46.0,1,5,0.2432,4.14
Wheat,Black Soil,Pollination,10,38,43.0,1,5,0.2632,4.3
Wheat,Black Soil,Pollination,11,39,40.0,1,5,0.2821,4.4
Wheat,Black Soil,Pollination,12,40,37.0,1,5,0.3,4.44
Wheat,Black Soil,Pollination,13,41,34.0,1,5,0.3171,4.42
Wheat,Black Soil,Pollination,14,42,31.0,1,5,0.3333,4.34
Wheat,Black Soil,Pollination,15,43,28.0,1,5,0.3488,4.2
Wheat,Black Soil,Pollination,16,44,25.0,1,5,0.3636,4.0
Wheat,Black Soil,Pollination,17,45,22.0,1,5,0.3778,3.74
Wheat,Black Soil,Pollination,18,46,19.0,1,5,0.3913,3.42
Wheat,Black Soil,Pollination,19,25,80.0,1,5,0.76,15.2
Wheat,Black Soil,Pollination,20,26,77.0,1,5,0.7692,15.4
Wheat,Black Soil,Pollination,21,27,74.0,1,5,0.7778,15.54
Wheat,Black Soil,Pollination,22,28,71.0,1,5,0.7857,15.62
Wheat,Black Soil,Pollination,23,29,68.0,1,5,0.7931,15.64
Wheat,Black Soil,Pollination,24,30,65.0,1,5,0.8,15.6
Wheat,Black Soil,Pollination,25,31,62.0,1,5,0.8065,15.5
Wheat,Black Soil,Pollination,26,32,59.0,1,5,0.8125,15.34
Wheat,Black Soil,Pollination,27,33,56.0,1,5,0.8182,15.12
Wheat,Black Soil,Pollination,28,34,53.0,1,5,0.8235,14.84
Wheat,Black Soil,Pollination,29,35,50.0,1,5,0.8286,14.5
Wheat,Black Soil,Pollination,30,36,47.0,1,5,0.8333,14.1
Wheat,Black Soil,Pollination,31,37,44.0,1,5,0.8378,13.64
Wheat,Black Soil,Pollination,32,38,41.0,1,5,0.8421,13.12
Wheat,Black Soil,Pollination,33,39,38.0,1,5,0.8462,12.54
Wheat,Black Soil,Pollination,34,40,35.0,1,5,0.85,11.9
Wheat,Black Soil,Pollination,35,41,32.0,1,5,0.8537,11.2
Wheat,Black Soil,Pollination,36,42,29.0,1,5,0.8571,10.44
Wheat,Black Soil,Pollination,37,43,26.0,1,5,0.8605,9.62
Wheat,Black Soil,Pollination,38,44,23.0,1,5,0.8636,8.74
Wheat,Black Soil,Pollination,39,45,20.0,1,5,0.8667,7.8
Wheat,Black Soil,Pollination,40,46,17.0,1,5,0.8696,6.8
Wheat,Black Soil,Pollination,41,25,80.0,1,5,1.64,32.8
Wheat,Black Soil,Pollination,42,26,77.0,1,5,1.6154,32.34
Wheat,Black Soil,Pollination,43,27,74.0,1,5,1.5926,31.82
Wheat,Black Soil,Pollination,44,28,71.0,1,5,1.5714,31.24
Wheat,Black Soil,Pollination,45,29,68.0,1,5,1.5517,30.6
Wheat,Black Soil,Pollination,46,30,65.0,1,5,1.5333,29.9
Wheat,Black Soil,Pollination,47,31,62.0,1,5,1.5161,29.14
Wheat,Black Soil,Pollination,48,32,59.0,1,5,1.5,28.32
Wheat,Black Soil,Pollination,49,33,56.0,1,5,1.4848,27.44
Wheat,Black Soil,Pollination,50,34,53.0,1,5,1.4706,26.5
Wheat,Black Soil,Pollination,51,35,50.0,1,5,1.4571,25.5
Wheat,Black Soil,Pollination,52,36,47.0,1,5,1.4444,24.44
Wheat,Black Soil,Pollination,53,37,44.0,1,5,1.4324,23.32
Wheat,Black Soil,Pollination,54,38,41.0,1,5,1.4211,22.14
Wheat,Black Soil,Pollination,55,39,38.0,1,5,1.4103,20.9
Wheat,Black Soil,Pollination,56,40,35.0,1,5,1.4,19.6
Wheat,Black Soil,Pollination,57,41,32.0,1,5,1.3902,18.24
Wheat,Black Soil,Pollination,58,42,29.0,1,5,1.381,16.82
Wheat,Black Soil,Pollination,59,43,26.0,1,5,1.3721,15.34
Wheat,Black Soil,Pollination,60,44,23.0,1,5,1.3636,13.8
Wheat,Black Soil,Pollination,61,45,20.0,1,5,1.3556,12.2
Wheat,Black Soil,Pollination,62,46,17.0,1,5,1.3478,10.54
Wheat,Black Soil,Pollination,63,25,80.0,1,5,2.52,50.4
Wheat,Black Soil,Pollination,64,26,77.0,1,5,2.4615,49.28
Wheat,Black Soil,Pollination,65,27,74.0,1,5,2.4074,48.1
Wheat,Black Soil,Pollination,66,28,71.0,1,5,2.3571,46.86
Wheat,Black Soil,Pollination,67,29,68.0,1,5,2.3103,45.56
Wheat,Black Soil,Pollination,68,30,65.0,1,5,2.2667,44.2
Wheat,Black Soil,Pollination,69,31,62.0,1,5,2.2258,42.78
Wheat,Black Soil,Pollination,81,43,26.0,0,5,1.8837,21.06
Wheat,Black Soil,Pollination,82,44,23.0,0,5,1.8636,18.86
Wheat,Black Soil,Pollination,83,45,20.0,0,5,1.8444,16.6
Wheat,Black Soil,Pollination,84,46,17.0,0,5,1.8261,14.28
Wheat,Black Soil,Pollination,85,25,80.0,0,5,3.4,68.0
Wheat,Black Soil,Pollination,86,26,77.0,0,5,3.3077,66.22
Wheat,Black Soil,Pollination,87,27,74.0,0,5,3.2222,64.38
Wheat,Black Soil,Pollination,88,28,71.0,0,5,3.1429,62.48
Wheat,Black Soil,Pollination,89,29,68.0,0,5,3.069,60.52
Wheat,Black Soil,Pollination,90,30,65.0,0,5,3.0,58.5
Wheat,Black Soil,Pollination,91,31,62.0,0,5,2.9355,56.42
Wheat,Black Soil,Pollination,92,32,59.0,0,5,2.875,54.28
Wheat,Black Soil,Pollination,93,33,56.0,0,5,2.8182,52.08
Wheat,Black Soil,Pollination,94,34,53.0,0,5,2.7647,49.82
Wheat,Black Soil,Pollination,95,35,50.0,0,5,2.7143,47.5
Wheat,Black Soil,Pollination,96,36,47.0,0,5,2.6667,45.12
Wheat,Black Soil,Pollination,97,37,44.0,0,5,2.6216,42.68
Wheat,Black Soil,Pollination,98,38,41.0,0,5,2.5789,40.18
Wheat,Black Soil,Pollination,99,39,38.0,0,5,2.5385,37.62
Wheat,Black Soil,Pollination,100,40,35.0,0,5,2.5,35.0
Wheat,Black Soil,Fruit/Grain/Bulb Formation,1,41,32.0,1,6,0.0244,0.32
Wheat,Black Soil,Fruit/Grain/Bulb Formation,2,42,29.0,1,6,0.0476,0.58
Wheat,Black Soil,Fruit/Grain/Bulb Formation,3,43,26.0,1,6,0.0698,0.78
Wheat,Black Soil,Fruit/Grain/Bulb Formation,4,44,23.0,1,6,0.0909,0.92
Wheat,Black Soil,Fruit/Grain/Bulb Formation,5,45,20.0,1,6,0.1111,1.0
Wheat,Black Soil,Fruit/Grain/Bulb Formation,6,46,17.0,1,6,0.1304,1.02
Wheat,Black Soil,Fruit/Grain/Bulb Formation,7,25,80.0,1,6,0.28,5.6
Wheat,Black Soil,Fruit/Grain/Bulb Formation,8,26,77.0,1,6,0.3077,6.16
Wheat,Black Soil,Fruit/Grain/Bulb Formation,9,27,74.0,1,6,0.3333,6.66
Wheat,Black Soil,Fruit/Grain/Bulb Formation,10,28,71.0,1,6,0.3571,7.1
Wheat,Black Soil,Fruit/Grain/Bulb Formation,11,29,68.0,1,6,0.3793,7.48
Wheat,Black Soil,Fruit/Grain/Bulb Formation,12,30,65.0,1,6,0.4,7.8
Wheat,Black Soil,Fruit/Grain/Bulb Formation,13,31,62.0,1,6,0.4194,8.06
Wheat,Black Soil,Fruit/Grain/Bulb Formation,14,32,59.0,1,6,0.4375,8.26
Wheat,Black Soil,Fruit/Grain/Bulb Formation,15,33,56.0,1,6,0.4545,8.4
Wheat,Black Soil,Fruit/Grain/Bulb Formation,16,34,53.0,1,6,0.4706,8.48
Wheat,Black Soil,Fruit/Grain/Bulb Formation,17,35,50.0,1,6,0.4857,8.5
Wheat,Black Soil,Fruit/Grain/Bulb Formation,18,36,47.0,1,6,0.5,8.46
Wheat,Black Soil,Fruit/Grain/Bulb Formation,19,37,44.0,1,6,0.5135,8.36
Wheat,Black Soil,Fruit/Grain/Bulb Formation,20,38,41.0,1,6,0.5263,8.2
Wheat,Black Soil,Fruit/Grain/Bulb Formation,21,39,38.0,1,6,0.5385,7.98
Wheat,Black Soil,Fruit/Grain/Bulb Formation,22,40,35.0,1,6,0.55,7.7
Wheat,Black Soil,Fruit/Grain/Bulb Formation,23,41,32.0,1,6,0.561,7.36
Wheat,Black Soil,Fruit/Grain/Bulb Formation,24,42,29.0,1,6,0.5714,6.96
Wheat,Black Soil,Fruit/Grain/Bulb Formation,25,43,26.0,1,6,0.5814,6.5
Wheat,Black Soil,Fruit/Grain/Bulb Formation,26,44,23.0,1,6,0.5909,5.98
Wheat,Black Soil,Fruit/Grain/Bulb Formation,27,45,20.0,1,6,0.6,5.4
Wheat,Black Soil,Fruit/Grain/Bulb Formation,28,46,17.0,1,6,0.6087,4.76
Wheat,Black Soil,Fruit/Grain/Bulb Formation,29,25,80.0,1,6,1.16,23.2
Wheat,Black Soil,Fruit/Grain/Bulb Formation,30,26,77.0,1,6,1.1538,23.1
Wheat,Black Soil,Fruit/Grain/Bulb Formation,31,27,74.0,1,6,1.1481,22.94
Wheat,Black Soil,Fruit/Grain/Bulb Formation,32,28,71.0,1,6,1.1429,22.72
Wheat,Black Soil,Fruit/Grain/Bulb Formation,33,29,68.0,1,6,1.1379,22.44
Wheat,Black Soil,Fruit/Grain/Bulb Formation,34,30,65.0,1,6,1.1333,22.1
Wheat,Black Soil,Fruit/Grain/Bulb Formation,35,31,62.0,1,6,1.129,21.7
Wheat,Black Soil,Fruit/Grain/Bulb Formation,36,32,59.0,1,6,1.125,21.24
Wheat,Black Soil,Fruit/Grain/Bulb Formation,37,33,56.0,1,6,1.1212,20.72
Wheat,Black Soil,Fruit/Grain/Bulb Formation,38,34,53.0,1,6,1.1176,20.14
Wheat,Black Soil,Fruit/Grain/Bulb Formation,39,35,50.0,1,6,1.1143,19.5
Wheat,Black Soil,Fruit/Grain/Bulb Formation,40,36,47.0,1,6,1.1111,18.8
Wheat,Black Soil,Fruit/Grain/Bulb Formation,41,37,44.0,1,6,1.1081,18.04
Wheat,Black Soil,Fruit/Grain/Bulb Formation,42,38,41.0,1,6,1.1053,17.22
Wheat,Black Soil,Fruit/Grain/Bulb Formation,43,39,38.0,1,6,1.1026,16.34
Wheat,Black Soil,Fruit/Grain/Bulb Formation,44,40,35.0,1,6,1.1,15.4
Wheat,Black Soil,Fruit/Grain/Bulb Formation,45,41,32.0,1,6,1.0976,14.4
Wheat,Black Soil,Fruit/Grain/Bulb Formation,46,42,29.0,1,6,1.0952,13.34
Wheat,Black Soil,Fruit/Grain/Bulb Formation,47,43,26.0,1,6,1.093,12.22
Wheat,Black Soil,Fruit/Grain/Bulb Formation,48,44,23.0,1,6,1.0909,11.04
Wheat,Black Soil,Fruit/Grain/Bulb Formation,49,45,20.0,1,6,1.0889,9.8
Wheat,Black Soil,Fruit/Grain/Bulb Formation,50,46,17.0,1,6,1.087,8.5
Wheat,Black Soil,Fruit/Grain/Bulb Formation,51,25,80.0,1,6,2.04,40.8
Wheat,Black Soil,Fruit/Grain/Bulb Formation,52,26,77.0,1,6,2.0,40.04
Wheat,Black Soil,Fruit/Grain/Bulb Formation,53,27,74.0,1,6,1.963,39.22
Wheat,Black Soil,Fruit/Grain/Bulb Formation,54,28,71.0,1,6,1.9286,38.34
Wheat,Black Soil,Fruit/Grain/Bulb Formation,55,29,68.0,1,6,1.8966,37.4
Wheat,Black Soil,Fruit/Grain/Bulb Formation,56,30,65.0,1,6,1.8667,36.4
Wheat,Black Soil,Fruit/Grain/Bulb Formation,57,31,62.0,1,6,1.8387,35.34
Wheat,Black Soil,Fruit/Grain/Bulb Formation,58,32,59.0,1,6,1.8125,34.22
Wheat,Black Soil,Fruit/Grain/Bulb Formation,59,33,56.0,1,6,1.7879,33.04
Wheat,Black Soil,Fruit/Grain/Bulb Formation,60,34,53.0,1,6,1.7647,31.8
Wheat,Black Soil,Fruit/Grain/Bulb Formation,61,35,50.0,1,6,1.7429,30.5
Wheat,Black Soil,Fruit/Grain/Bulb Formation,62,36,47.0,1,6,1.7222,29.14
Wheat,Black Soil,Fruit/Grain/Bulb Formation,63,37,44.0,1,6,1.7027,27.72
Wheat,Black Soil,Fruit/Grain/Bulb Formation,64,38,41.0,1,6,1.6842,26.24
Wheat,Black Soil,Fruit/Grain/Bulb Formation,65,39,38.0,1,6,1.6667,24.7
Wheat,Black Soil,Fruit/Grain/Bulb Formation,66,40,35.0,1,6,1.65,23.1
Wheat,Black Soil,Fruit/Grain/Bulb Formation,67,41,32.0,1,6,1.6341,21.44
Wheat,Black Soil,Fruit/Grain/Bulb Formation,68,42,29.0,1,6,1.619,19.72
Wheat,Black Soil,Fruit/Grain/Bulb Formation,69,43,26.0,1,6,1.6047,17.94
Wheat,Black Soil,Fruit/Grain/Bulb Formation,81,33,56.0,0,6,2.4545,45.36
Wheat,Black Soil,Fruit/Grain/Bulb Formation,82,34,53.0,0,6,2.4118,43.46
Wheat,Black Soil,Fruit/Grain/Bulb Formation,83,35,50.0,0,6,2.3714,41.5
Wheat,Black Soil,Fruit/Grain/Bulb Formation,84,36,47.0,0,6,2.3333,39.48
Wheat,Black Soil,Fruit/Grain/Bulb Formation,85,37,44.0,0,6,2.2973,37.4
Wheat,Black Soil,Fruit/Grain/Bulb Formation,86,38,41.0,0,6,2.2632,35.26
Wheat,Black Soil,Fruit/Grain/Bulb Formation,87,39,38.0,0,6,2.2308,33.06
Wheat,Black Soil,Fruit/Grain/Bulb Formation,88,40,35.0,0,6,2.2,30.8
Wheat,Black Soil,Fruit/Grain/Bulb Formation,89,41,32.0,0,6,2.1707,28.48
Wheat,Black Soil,Fruit/Grain/Bulb Formation,90,42,29.0,0,6,2.1429,26.1
Wheat,Black Soil,Fruit/Grain/Bulb Formation,91,43,26.0,0,6,2.1163,23.66
Wheat,Black Soil,Fruit/Grain/Bulb Formation,92,44,23.0,0,6,2.0909,21.16
Wheat,Black Soil,Fruit/Grain/Bulb Formation,93,45,20.0,0,6,2.0667,18.6
Wheat,Black Soil,Fruit/Grain/Bulb Formation,94,46,17.0,0,6,2.0435,15.98
Wheat,Black Soil,Fruit/Grain/Bulb Formation,95,25,80.0,0,6,3.8,76.0
Wheat,Black Soil,Fruit/Grain/Bulb Formation,96,26,77.0,0,6,3.6923,73.92
Wheat,Black Soil,Fruit/Grain/Bulb Formation,97,27,74.0,0,6,3.5926,71.78
Wheat,Black Soil,Fruit/Grain/Bulb Formation,98,28,71.0,0,6,3.5,69.58
Wheat,Black Soil,Fruit/Grain/Bulb Formation,99,29,68.0,0,6,3.4138,67.32
Wheat,Black Soil,Fruit/Grain/Bulb Formation,100,30,65.0,0,6,3.3333,65.0
Wheat,Black Soil,Maturation,1,31,62.0,1,7,0.0323,0.62
Wheat,Black Soil,Maturation,2,32,59.0,1,7,0.0625,1.18
Wheat,Black Soil,Maturation,3,33,56.0,1,7,0.0909,1.68
Wheat,Black Soil,Maturation,4,34,53.0,1,7,0.1176,2.12
Wheat,Black Soil,Maturation,5,35,50.0,1,7,0.1429,2.5
Wheat,Black Soil,Maturation,6,36,47.0,1,7,0.1667,2.82
Wheat,Black Soil,Maturation,7,37,44.0,1,7,0.1892,3.08
Wheat,Black Soil,Maturation,8,38,41.0,1,7,0.2105,3.28
Wheat,Black Soil,Maturation,9,39,38.0,1,7,0.2308,3.42
Wheat,Black Soil,Maturation,10,40,35.0,1,7,0.25,3.5
Wheat,Black Soil,Maturation,11,41,32.0,1,7,0.2683,3.52
Wheat,Black Soil,Maturation,12,42,29.0,1,7,0.2857,3.48
Wheat,Black Soil,Maturation,13,43,26.0,1,7,0.3023,3.38
Wheat,Black Soil,Maturation,14,44,23.0,1,7,0.3182,3.22
Wheat,Black Soil,Maturation,15,45,20.0,1,7,0.3333,3.0
Wheat,Black Soil,Maturation,16,46,17.0,1,7,0.3478,2.72
Wheat,Black Soil,Maturation,17,25,80.0,1,7,0.68,13.6
Wheat,Black Soil,Maturation,18,26,77.0,1,7,0.6923,13.86
Wheat,Black Soil,Maturation,19,27,74.0,1,7,0.7037,14.06
Wheat,Black Soil,Maturation,20,28,71.0,1,7,0.7143,14.2
Wheat,Black Soil,Maturation,21,29,68.0,1,7,0.7241,14.28
Wheat,Black Soil,Maturation,22,30,65.0,1,7,0.7333,14.3
Wheat,Black Soil,Maturation,23,31,62.0,1,7,0.7419,14.26
Wheat,Black Soil,Maturation,24,32,59.0,1,7,0.75,14.16
Wheat,Black Soil,Maturation,25,33,56.0,1,7,0.7576,14.0
Wheat,Black Soil,Maturation,26,34,53.0,1,7,0.7647,13.78
Wheat,Black Soil,Maturation,27,35,50.0,1,7,0.7714,13.5
Wheat,Black Soil,Maturation,28,36,47.0,1,7,0.7778,13.16
Wheat,Black Soil,Maturation,29,37,44.0,1,7,0.7838,12.76
Wheat,Black Soil,Maturation,30,38,41.0,1,7,0.7895,12.3
Wheat,Black Soil,Maturation,31,39,38.0,1,7,0.7949,11.78
Wheat,Black Soil,Maturation,32,40,35.0,1,7,0.8,11.2
Wheat,Black Soil,Maturation,33,41,32.0,1,7,0.8049,10.56
Wheat,Black Soil,Maturation,34,42,29.0,1,7,0.8095,9.86
Wheat,Black Soil,Maturation,35,43,26.0,1,7,0.814,9.1
Wheat,Black Soil,Maturation,36,44,23.0,1,7,0.8182,8.28
Wheat,Black Soil,Maturation,37,45,20.0,1,7,0.8222,7.4
Wheat,Black Soil,Maturation,38,46,17.0,1,7,0.8261,6.46
Wheat,Black Soil,Maturation,39,25,80.0,1,7,1.56,31.2
Wheat,Black Soil,Maturation,40,26,77.0,1,7,1.5385,30.8
Wheat,Black Soil,Maturation,41,27,74.0,1,7,1.5185,30.34
Wheat,Black Soil,Maturation,42,28,71.0,1,7,1.5,29.82
Wheat,Black Soil,Maturation,43,29,68.0,1,7,1.4828,29.24
Wheat,Black Soil,Maturation,44,30,65.0,1,7,1.4667,28.6
Wheat,Black Soil,Maturation,45,31,62.0,1,7,1.4516,27.9
Wheat,Black Soil,Maturation,46,32,59.0,1,7,1.4375,27.14
Wheat,Black Soil,Maturation,47,33,56.0,1,7,1.4242,26.32
Wheat,Black Soil,Maturation,48,34,53.0,1,7,1.4118,25.44
Wheat,Black Soil,Maturation,49,35,50.0,1,7,1.4,24.5
Wheat,Black Soil,Maturation,50,36,47.0,1,7,1.3889,23.5
Wheat,Black Soil,Maturation,51,37,44.0,1,7,1.3784,22.44
Wheat,Black Soil,Maturation,52,38,41.0,1,7,1.3684,21.32
Wheat,Black Soil,Maturation,53,39,38.0,1,7,1.359,20.14
Wheat,Black Soil,Maturation,54,40,35.0,1,7,1.35,18.9
Wheat,Black Soil,Maturation,55,41,32.0,1,7,1.3415,17.6
Wheat,Black Soil,Maturation,56,42,29.0,1,7,1.3333,16.24
Wheat,Black Soil,Maturation,57,43,26.0,1,7,1.3256,14.82
Wheat,Black Soil,Maturation,58,44,23.0,1,7,1.3182,13.34
Wheat,Black Soil,Maturation,59,45,20.0,1,7,1.3111,11.8
Wheat,Black Soil,Maturation,60,46,17.0,1,7,1.3043,10.2
Wheat,Black Soil,Maturation,61,25,80.0,1,7,2.44,48.8
Wheat,Black Soil,Maturation,62,26,77.0,1,7,2.3846,47.74
Wheat,Black Soil,Maturation,63,27,74.0,1,7,2.3333,46.62
Wheat,Black Soil,Maturation,64,28,71.0,1,7,2.2857,45.44
Wheat,Black Soil,Maturation,65,29,68.0,1,7,2.2414,44.2
Wheat,Black Soil,Maturation,66,30,65.0,1,7,2.2,42.9
Wheat,Black Soil,Maturation,67,31,62.0,1,7,2.1613,41.54
Wheat,Black Soil,Maturation,68,32,59.0,1,7,2.125,40.12
Wheat,Black Soil,Maturation,69,33,56.0,1,7,2.0909,38.64
Wheat,Black Soil,Maturation,81,45,20.0,0,7,1.8,16.2
Wheat,Black Soil,Maturation,82,46,17.0,0,7,1.7826,13.94
Wheat,Black Soil,Maturation,83,25,80.0,0,7,3.32,66.4
Wheat,Black Soil,Maturation,84,26,77.0,0,7,3.2308,64.68
Wheat,Black Soil,Maturation,85,27,74.0,0,7,3.1481,62.9
Wheat,Black Soil,Maturation,86,28,71.0,0,7,3.0714,61.06
Wheat,Black Soil,Maturation,87,29,68.0,0,7,3.0,59.16
Wheat,Black Soil,Maturation,88,30,65.0,0,7,2.9333,57.2
Wheat,Black Soil,Maturation,89,31,62.0,0,7,2.871,55.18
Wheat,Black Soil,Maturation,90,32,59.0,0,7,2.8125,53.1
Wheat,Black Soil,Maturation,91,33,56.0,0,7,2.7576,50.96
Wheat,Black Soil,Maturation,92,34,53.0,0,7,2.7059,48.76
Wheat,Black Soil,Maturation,93,35,50.0,0,7,2.6571,46.5
Wheat,Black Soil,Maturation,94,36,47.0,0,7,2.6111,44.18
Wheat,Black Soil,Maturation,95,37,44.0,0,7,2.5676,41.8
Wheat,Black Soil,Maturation,96,38,41.0,0,7,2.5263,39.36
Wheat,Black Soil,Maturation,97,39,38.0,0,7,2.4872,36.86
Wheat,Black Soil,Maturation,98,40,35.0,0,7,2.45,34.3
Wheat,Black Soil,Maturation,99,41,32.0,0,7,2.4146,31.68
Wheat,Black Soil,Maturation,100,42,29.0,0,7,2.381,29.0
Wheat,Black Soil,Harvest,1,43,26.0,1,8,0.0233,0.26
Wheat,Black Soil,Harvest,2,44,23.0,1,8,0.0455,0.46
Wheat,Black Soil,Harvest,3,45,20.0,1,8,0.0667,0.6
Wheat,Black Soil,Harvest,4,46,17.0,1,8,0.087,0.68
Wheat,Black Soil,Harvest,5,25,80.0,1,8,0.2,4.0
Wheat,Black Soil,Harvest,6,26,77.0,1,8,0.2308,4.62
Wheat,Black Soil,Harvest,7,27,74.0,1,8,0.2593,5.18
Wheat,Black Soil,Harvest,8,28,71.0,1,8,0.2857,5.68
Wheat,Black Soil,Harvest,9,29,68.0,1,8,0.3103,6.12
Wheat,Black Soil,Harvest,10,30,65.0,1,8,0.3333,6.5
Wheat,Black Soil,Harvest,11,31,62.0,1,8,0.3548,6.82
Wheat,Black Soil,Harvest,12,32,59.0,1,8,0.375,7.08
Wheat,Black Soil,Harvest,13,33,56.0,1,8,0.3939,7.28
Wheat,Black Soil,Harvest,14,34,53.0,1,8,0.4118,7.42
Wheat,Black Soil,Harvest,15,35,50.0,1,8,0.4286,7.5
Wheat,Black Soil,Harvest,16,36,47.0,1,8,0.4444,7.52
Wheat,Black Soil,Harvest,17,37,44.0,1,8,0.4595,7.48
Wheat,Black Soil,Harvest,18,38,41.0,1,8,0.4737,7.38
Wheat,Black Soil,Harvest,19,39,38.0,1,8,0.4872,7.22
Wheat,Black Soil,Harvest,20,40,35.0,1,8,0.5,7.0
Wheat,Black Soil,Harvest,21,41,32.0,1,8,0.5122,6.72
Wheat,Black Soil,Harvest,22,42,29.0,1,8,0.5238,6.38
Wheat,Black Soil,Harvest,23,43,26.0,1,8,0.5349,5.98
Wheat,Black Soil,Harvest,24,44,23.0,1,8,0.5455,5.52
Wheat,Black Soil,Harvest,25,45,20.0,1,8,0.5556,5.0
Wheat,Black Soil,Harvest,26,46,17.0,1,8,0.5652,4.42
Wheat,Black Soil,Harvest,27,25,80.0,1,8,1.08,21.6
Wheat,Black Soil,Harvest,28,26,77.0,1,8,1.0769,21.56
Wheat,Black Soil,Harvest,29,27,74.0,1,8,1.0741,21.46
Wheat,Black Soil,Harvest,30,28,71.0,1,8,1.0714,21.3
Wheat,Black Soil,Harvest,31,29,68.0,1,8,1.069,21.08
Wheat,Black Soil,Harvest,32,30,65.0,1,8,1.0667,20.8
Wheat,Black Soil,Harvest,33,31,62.0,1,8,1.0645,20.46
Wheat,Black Soil,Harvest,34,32,59.0,1,8,1.0625,20.06
Wheat,Black Soil,Harvest,35,33,56.0,1,8,1.0606,19.6
Wheat,Black Soil,Harvest,36,34,53.0,1,8,1.0588,19.08
Wheat,Black Soil,Harvest,37,35,50.0,1,8,1.0571,18.5
Wheat,Black Soil,Harvest,38,36,47.0,1,8,1.0556,17.86
Wheat,Black Soil,Harvest,39,37,44.0,1,8,1.0541,17.16
Wheat,Black Soil,Harvest,40,38,41.0,1,8,1.0526,16.4
Wheat,Black Soil,Harvest,41,39,38.0,1,8,1.0513,15.58
Wheat,Black Soil,Harvest,42,40,35.0,1,8,1.05,14.7
Wheat,Black Soil,Harvest,43,41,32.0,1,8,1.0488,13.76
Wheat,Black Soil,Harvest,44,42,29.0,1,8,1.0476,12.76
Wheat,Black Soil,Harvest,45,43,26.0,1,8,1.0465,11.7
Wheat,Black Soil,Harvest,46,44,23.0,1,8,1.0455,10.58
Wheat,Black Soil,Harvest,47,45,20.0,1,8,1.0444,9.4
Wheat,Black Soil,Harvest,48,46,17.0,1,8,1.0435,8.16
Wheat,Black Soil,Harvest,49,25,80.0,1,8,1.96,39.2
Wheat,Black Soil,Harvest,50,26,77.0,1,8,1.9231,38.5
Wheat,Black Soil,Harvest,51,27,74.0,1,8,1.8889,37.74
Wheat,Black Soil,Harvest,52,28,71.0,1,8,1.8571,36.92
Wheat,Black Soil,Harvest,53,29,68.0,1,8,1.8276,36.04
Wheat,Black Soil,Harvest,54,30,65.0,1,8,1.8,35.1
Wheat,Black Soil,Harvest,55,31,62.0,1,8,1.7742,34.1
Wheat,Black Soil,Harvest,56,32,59.0,1,8,1.75,33.04
Wheat,Black Soil,Harvest,57,33,56.0,1,8,1.7273,31.92
Wheat,Black Soil,Harvest,58,34,53.0,1,8,1.7059,30.74
Wheat,Black Soil,Harvest,59,35,50.0,1,8,1.6857,29.5
Wheat,Black Soil,Harvest,71,25,80.0,0,8,2.84,56.8
Wheat,Black Soil,Harvest,72,26,77.0,0,8,2.7692,55.44
Wheat,Black Soil,Harvest,73,27,74.0,0,8,2.7037,54.02
Wheat,Black Soil,Harvest,74,28,71.0,0,8,2.6429,52.54
Wheat,Black Soil,Harvest,75,29,68.0,0,8,2.5862,51.0
Wheat,Black Soil,Harvest,76,30,65.0,0,8,2.5333,49.4
Wheat,Black Soil,Harvest,77,31,62.0,0,8,2.4839,47.74
Wheat,Black Soil,Harvest,78,32,59.0,0,8,2.4375,46.02
Wheat,Black Soil,Harvest,79,33,56.0,0,8,2.3939,44.24
Wheat,Black Soil,Harvest,80,34,53.0,0,8,2.3529,42.4
Wheat,Black Soil,Harvest,81,35,50.0,0,8,2.3143,40.5
Wheat,Black Soil,Harvest,82,36,47.0,0,8,2.2778,38.54
Wheat,Black Soil,Harvest,83,37,44.0,0,8,2.2432,36.52
Wheat,Black Soil,Harvest,84,38,41.0,0,8,2.2105,34.44
Wheat,Black Soil,Harvest,85,39,38.0,0,8,2.1795,32.3
Wheat,Black Soil,Harvest,86,40,35.0,0,8,2.15,30.1
Wheat,Black Soil,Harvest,87,41,32.0,0,8,2.122,27.84
Wheat,Black Soil,Harvest,88,42,29.0,0,8,2.0952,25.52
Wheat,Black Soil,Harvest,89,43,26.0,0,8,2.0698,23.14
Wheat,Black Soil,Harvest,90,44,23.0,0,8,2.0455,20.7
Wheat,Black Soil,Harvest,91,45,20.0,0,8,2.0222,18.2
Wheat,Black Soil,Harvest,92,46,17.0,0,8,2.0,15.64
Wheat,Black Soil,Harvest,93,25,80.0,0,8,3.72,74.4
Wheat,Black Soil,Harvest,94,26,77.0,0,8,3.6154,72.38
Wheat,Black Soil,Harvest,95,27,74.0,0,8,3.5185,70.3
Wheat,Black Soil,Harvest,96,28,71.0,0,8,3.4286,68.16
Wheat,Black Soil,Harvest,97,29,68.0,0,8,3.3448,65.96
Wheat,Black Soil,Harvest,98,30,65.0,0,8,3.2667,63.7
Wheat,Black Soil,Harvest,99,31,62.0,0,8,3.1935,61.38
Wheat,Black Soil,Harvest,100,32,59.0,0,8,3.125,59.0
Wheat,Alluvial Soil,Germination,1,33,56.0,1,1,0.0303,0.56
Wheat,Alluvial Soil,Germination,2,34,53.0,1,1,0.0588,1.06
Wheat,Alluvial Soil,Germination,3,35,50.0,1,1,0.0857,1.5
Wheat,Alluvial Soil,Germination,4,36,47.0,1,1,0.1111,1.88
Wheat,Alluvial Soil,Germination,5,37,44.0,1,1,0.1351,2.2
Wheat,Alluvial Soil,Germination,6,38,41.0,1,1,0.1579,2.46
Wheat,Alluvial Soil,Germination,7,39,38.0,1,1,0.1795,2.66
Wheat,Alluvial Soil,Germination,8,40,35.0,1,1,0.2,2.8
Wheat,Alluvial Soil,Germination,9,41,32.0,1,1,0.2195,2.88
Wheat,Alluvial Soil,Germination,10,42,29.0,1,1,0.2381,2.9
Wheat,Alluvial Soil,Germination,11,43,26.0,1,1,0.2558,2.86
Wheat,Alluvial Soil,Germination,12,44,23.0,1,1,0.2727,2.76
Wheat,Alluvial Soil,Germination,13,45,20.0,1,1,0.2889,2.6
Wheat,Alluvial Soil,Germination,14,46,17.0,1,1,0.3043,2.38
Wheat,Alluvial Soil,Germination,15,25,80.0,1,1,0.6,12.0
Wheat,Alluvial Soil,Germination,16,26,77.0,1,1,0.6154,12.32
Wheat,Alluvial Soil,Germination,17,27,74.0,1,1,0.6296,12.58
Wheat,Alluvial Soil,Germination,18,28,71.0,1,1,0.6429,12.78
Wheat,Alluvial Soil,Germination,19,29,68.0,1,1,0.6552,12.92
Wheat,Alluvial Soil,Germination,20,30,65.0,1,1,0.6667,13.0
Wheat,Alluvial Soil,Germination,21,31,62.0,1,1,0.6774,13.02
Wheat,Alluvial Soil,Germination,22,32,59.0,1,1,0.6875,12.98
Wheat,Alluvial Soil,Germination,23,33,56.0,1,1,0.697,12.88
Wheat,Alluvial Soil,Germination,24,34,53.0,1,1,0.7059,12.72
Wheat,Alluvial Soil,Germination,25,35,50.0,1,1,0.7143,12.5
Wheat,Alluvial Soil,Germination,26,36,47.0,1,1,0.7222,12.22
Wheat,Alluvial Soil,Germination,27,37,44.0,1,1,0.7297,11.88
Wheat,Alluvial Soil,Germination,28,38,41.0,1,1,0.7368,11.48
Wheat,Alluvial Soil,Germination,29,39,38.0,1,1,0.7436,11.02
Wheat,Alluvial Soil,Germination,30,40,35.0,1,1,0.75,10.5
Wheat,Alluvial Soil,Germination,41,29,68.0,0,1,1.4138,27.88
Wheat,Alluvial Soil,Germination,42,30,65.0,0,1,1.4,27.3
Wheat,Alluvial Soil,Germination,43,31,62.0,0,1,1.3871,26.66
Wheat,Alluvial Soil,Germination,44,32,59.0,0,1,1.375,25.96
Wheat,Alluvial Soil,Germination,45,33,56.0,0,1,1.3636,25.2
Wheat,Alluvial Soil,Germination,46,34,53.0,0,1,1.3529,24.38
Wheat,Alluvial Soil,Germination,47,35,50.0,0,1,1.3429,23.5
Wheat,Alluvial Soil,Germination,48,36,47.0,0,1,1.3333,22.56
Wheat,Alluvial Soil,Germination,49,37,44.0,0,1,1.3243,21.56
Wheat,Alluvial Soil,Germination,50,38,41.0,0,1,1.3158,20.5
Wheat,Alluvial Soil,Germination,51,39,38.0,0,1,1.3077,19.38
Wheat,Alluvial Soil,Germination,52,40,35.0,0,1,1.3,18.2
Wheat,Alluvial Soil,Germination,53,41,32.0,0,1,1.2927,16.96
Wheat,Alluvial Soil,Germination,54,42,29.0,0,1,1.2857,15.66
Wheat,Alluvial Soil,Germination,55,43,26.0,0,1,1.2791,14.3
Wheat,Alluvial Soil,Germination,56,44,23.0,0,1,1.2727,12.88
Wheat,Alluvial Soil,Germination,57,45,20.0,0,1,1.2667,11.4
Wheat,Alluvial Soil,Germination,58,46,17.0,0,1,1.2609,9.86
Wheat,Alluvial Soil,Germination,59,25,80.0,0,1,2.36,47.2
Wheat,Alluvial Soil,Germination,60,26,77.0,0,1,2.3077,46.2
Wheat,Alluvial Soil,Germination,61,27,74.0,0,1,2.2593,45.14
Wheat,Alluvial Soil,Germination,62,28,71.0,0,1,2.2143,44.02
Wheat,Alluvial Soil,Germination,63,29,68.0,0,1,2.1724,42.84
Wheat,Alluvial Soil,Germination,64,30,65.0,0,1,2.1333,41.6
Wheat,Alluvial Soil,Germination,65,31,62.0,0,1,2.0968,40.3
Wheat,Alluvial Soil,Germination,66,32,59.0,0,1,2.0625,38.94
Wheat,Alluvial Soil,Germination,67,33,56.0,0,1,2.0303,37.52
Wheat,Alluvial Soil,Germination,68,34,53.0,0,1,2.0,36.04
Wheat,Alluvial Soil,Germination,69,35,50.0,0,1,1.9714,34.5
Wheat,Alluvial Soil,Germination,70,36,47.0,0,1,1.9444,32.9
Wheat,Alluvial Soil,Germination,71,37,44.0,0,1,1.9189,31.24
Wheat,Alluvial Soil,Germination,72,38,41.0,0,1,1.8947,29.52
Wheat,Alluvial Soil,Germination,73,39,38.0,0,1,1.8718,27.74
Wheat,Alluvial Soil,Germination,74,40,35.0,0,1,1.85,25.9
Wheat,Alluvial Soil,Germination,75,41,32.0,0,1,1.8293,24.0
Wheat,Alluvial Soil,Germination,76,42,29.0,0,1,1.8095,22.04
Wheat,Alluvial Soil,Germination,77,43,26.0,0,1,1.7907,20.02
Wheat,Alluvial Soil,Germination,78,44,23.0,0,1,1.7727,17.94
Wheat,Alluvial Soil,Germination,79,45,20.0,0,1,1.7556,15.8
Wheat,Alluvial Soil,Germination,80,46,17.0,0,1,1.7391,13.6
Wheat,Alluvial Soil,Germination,81,25,80.0,0,1,3.24,64.8
Wheat,Alluvial Soil,Germination,82,26,77.0,0,1,3.1538,63.14
Wheat,Alluvial Soil,Germination,83,27,74.0,0,1,3.0741,61.42
Wheat,Alluvial Soil,Germination,84,28,71.0,0,1,3.0,59.64
Wheat,Alluvial Soil,Germination,85,29,68.0,0,1,2.931,57.8
Wheat,Alluvial Soil,Germination,86,30,65.0,0,1,2.8667,55.9
Wheat,Alluvial Soil,Germination,87,31,62.0,0,1,2.8065,53.94
Wheat,Alluvial Soil,Germination,88,32,59.0,0,1,2.75,51.92
Wheat,Alluvial Soil,Germination,89,33,56.0,0,1,2.697,49.84
Wheat,Alluvial Soil,Germination,90,34,53.0,0,1,2.6471,47.7
Wheat,Alluvial Soil,Germination,91,35,50.0,0,1,2.6,45.5
Wheat,Alluvial Soil,Germination,92,36,47.0,0,1,2.5556,43.24
Wheat,Alluvial Soil,Germination,93,37,44.0,0,1,2.5135,40.92
Wheat,Alluvial Soil,Germination,94,38,41.0,0,1,2.4737,38.54
Wheat,Alluvial Soil,Germination,95,39,38.0,0,1,2.4359,36.1
Wheat,Alluvial Soil,Germination,96,40,35.0,0,1,2.4,33.6
Wheat,Alluvial Soil,Germination,97,41,32.0,0,1,2.3659,31.04
Wheat,Alluvial Soil,Germination,98,42,29.0,0,1,2.3333,28.42
Wheat,Alluvial Soil,Germination,99,43,26.0,0,1,2.3023,25.74
Wheat,Alluvial Soil,Germination,100,44,23.0,0,1,2.2727,23.0
Wheat,Alluvial Soil,Seedling Stage,1,45,20.0,1,2,0.0222,0.2
Wheat,Alluvial Soil,Seedling Stage,2,46,17.0,1,2,0.0435,0.34
Wheat,Alluvial Soil,Seedling Stage,3,25,80.0,1,2,0.12,2.4
Wheat,Alluvial Soil,Seedling Stage,4,26,77.0,1,2,0.1538,3.08
Wheat,Alluvial Soil,Seedling Stage,5,27,74.0,1,2,0.1852,3.7
Wheat,Alluvial Soil,Seedling Stage,6,28,71.0,1,2,0.2143,4.26
Wheat,Alluvial Soil,Seedling Stage,7,29,68.0,1,2,0.2414,4.76
Wheat,Alluvial Soil,Seedling Stage,8,30,65.0,1,2,0.2667,5.2
Wheat,Alluvial Soil,Seedling Stage,9,31,62.0,1,2,0.2903,5.58
Wheat,Alluvial Soil,Seedling Stage,10,32,59.0,1,2,0.3125,5.9
Wheat,Alluvial Soil,Seedling Stage,11,33,56.0,1,2,0.3333,6.16
Wheat,Alluvial Soil,Seedling Stage,12,34,53.0,1,2,0.3529,6.36
Wheat,Alluvial Soil,Seedling Stage,13,35,50.0,1,2,0.3714,6.5
Wheat,Alluvial Soil,Seedling Stage,14,36,47.0,1,2,0.3889,6.58
Wheat,Alluvial Soil,Seedling Stage,15,37,44.0,1,2,0.4054,6.6
Wheat,Alluvial Soil,Seedling Stage,16,38,41.0,1,2,0.4211,6.56
Wheat,Alluvial Soil,Seedling Stage,17,39,38.0,1,2,0.4359,6.46
Wheat,Alluvial Soil,Seedling Stage,18,40,35.0,1,2,0.45,6.3
Wheat,Alluvial Soil,Seedling Stage,19,41,32.0,1,2,0.4634,6.08
Wheat,Alluvial Soil,Seedling Stage,20,42,29.0,1,2,0.4762,5.8
Wheat,Alluvial Soil,Seedling Stage,21,43,26.0,1,2,0.4884,5.46
Wheat,Alluvial Soil,Seedling Stage,22,44,23.0,1,2,0.5,5.06
Wheat,Alluvial Soil,Seedling Stage,23,45,20.0,1,2,0.5111,4.6
Wheat,Alluvial Soil,Seedling Stage,24,46,17.0,1,2,0.5217,4.08
Wheat,Alluvial Soil,Seedling Stage,25,25,80.0,1,2,1.0,20.0
Wheat,Alluvial Soil,Seedling Stage,26,26,77.0,1,2,1.0,20.02
Wheat,Alluvial Soil,Seedling Stage,27,27,74.0,1,2,1.0,19.98
Wheat,Alluvial Soil,Seedling Stage,28,28,71.0,1,2,1.0,19.88
Wheat,Alluvial Soil,Seedling Stage,29,29,68.0,1,2,1.0,19.72
Wheat,Alluvial Soil,Seedling Stage,30,30,65.0,1,2,1.0,19.5
Wheat,Alluvial Soil,Seedling Stage,31,31,62.0,1,2,1.0,19.22
Wheat,Alluvial Soil,Seedling Stage,32,32,59.0,1,2,1.0,18.88
Wheat,Alluvial Soil,Seedling Stage,33,33,56.0,1,2,1.0,18.48
Wheat,Alluvial Soil,Seedling Stage,34,34,53.0,1,2,1.0,18.02
Wheat,Alluvial Soil,Seedling Stage,35,35,50.0,1,2,1.0,17.5
Wheat,Alluvial Soil,Seedling Stage,36,36,47.0,1,2,1.0,16.92
Wheat,Alluvial Soil,Seedling Stage,37,37,44.0,1,2,1.0,16.28
Wheat,Alluvial Soil,Seedling Stage,38,38,41.0,1,2,1.0,15.58
Wheat,Alluvial Soil,Seedling Stage,39,39,38.0,1,2,1.0,14.82
Wheat,Alluvial Soil,Seedling Stage,51,29,68.0,0,2,1.7586,34.68
Wheat,Alluvial Soil,Seedling Stage,52,30,65.0,0,2,1.7333,33.8
Wheat,Alluvial Soil,Seedling Stage,53,31,62.0,0,2,1.7097,32.86
Wheat,Alluvial Soil,Seedling Stage,54,32,59.0,0,2,1.6875,31.86
Wheat,Alluvial Soil,Seedling Stage,55,33,56.0,0,2,1.6667,30.8
Wheat,Alluvial Soil,Seedling Stage,56,34,53.0,0,2,1.6471,29.68
Wheat,Alluvial Soil,Seedling Stage,57,35,50.0,0,2,1.6286,28.5
Wheat,Alluvial Soil,Seedling Stage,58,36,47.0,0,2,1.6111,27.26
Wheat,Alluvial Soil,Seedling Stage,59,37,44.0,0,2,1.5946,25.96
Wheat,Alluvial Soil,Seedling Stage,60,38,41.0,0,2,1.5789,24.6
Wheat,Alluvial Soil,Seedling Stage,61,39,38.0,0,2,1.5641,23.18
Wheat,Alluvial Soil,Seedling Stage,62,40,35.0,0,2,1.55,21.7
Wheat,Alluvial Soil,Seedling Stage,63,41,32.0,0,2,1.5366,20.16
Wheat,Alluvial Soil,Seedling Stage,64,42,29.0,0,2,1.5238,18.56
Wheat,Alluvial Soil,Seedling Stage,65,43,26.0,0,2,1.5116,16.9
Wheat,Alluvial Soil,Seedling Stage,66,44,23.0,0,2,1.5,15.18
Wheat,Alluvial Soil,Seedling Stage,67,45,20.0,0,2,1.4889,13.4
Wheat,Alluvial Soil,Seedling Stage,68,46,17.0,0,2,1.4783,11.56
Wheat,Alluvial Soil,Seedling Stage,69,25,80.0,0,2,2.76,55.2
Wheat,Alluvial Soil,Seedling Stage,70,26,77.0,0,2,2.6923,53.9
Wheat,Alluvial Soil,Seedling Stage,71,27,74.0,0,2,2.6296,52.54
Wheat,Alluvial Soil,Seedling Stage,72,28,71.0,0,2,2.5714,51.12
Wheat,Alluvial Soil,Seedling Stage,73,29,68.0,0,2,2.5172,49.64
Wheat,Alluvial Soil,Seedling Stage,74,30,65.0,0,2,2.4667,48.1
Wheat,Alluvial Soil,Seedling Stage,75,31,62.0,0,2,2.4194,46.5
Wheat,Alluvial Soil,Seedling Stage,76,32,59.0,0,2,2.375,44.84
Wheat,Alluvial Soil,Seedling Stage,77,33,56.0,0,2,2.3333,43.12
Wheat,Alluvial Soil,Seedling Stage,78,34,53.0,0,2,2.2941,41.34
Wheat,Alluvial Soil,Seedling Stage,79,35,50.0,0,2,2.2571,39.5
Wheat,Alluvial Soil,Seedling Stage,80,36,47.0,0,2,2.2222,37.6
Wheat,Alluvial Soil,Seedling Stage,81,37,44.0,0,2,2.1892,35.64
Wheat,Alluvial Soil,Seedling Stage,82,38,41.0,0,2,2.1579,33.62
Wheat,Alluvial Soil,Seedling Stage,83,39,38.0,0,2,2.1282,31.54
Wheat,Alluvial Soil,Seedling Stage,84,40,35.0,0,2,2.1,29.4
Wheat,Alluvial Soil,Seedling Stage,85,41,32.0,0,2,2.0732,27.2
Wheat,Alluvial Soil,Seedling Stage,86,42,29.0,0,2,2.0476,24.94
Wheat,Alluvial Soil,Seedling Stage,87,43,26.0,0,2,2.0233,22.62
Wheat,Alluvial Soil,Seedling Stage,88,44,23.0,0,2,2.0,20.24
Wheat,Alluvial Soil,Seedling Stage,89,45,20.0,0,2,1.9778,17.8
Wheat,Alluvial Soil,Seedling Stage,90,46,17.0,0,2,1.9565,15.3
Wheat,Alluvial Soil,Seedling Stage,91,25,80.0,0,2,3.64,72.8
Wheat,Alluvial Soil,Seedling Stage,92,26,77.0,0,2,3.5385,70.84
Wheat,Alluvial Soil,Seedling Stage,93,27,74.0,0,2,3.4444,68.82
Wheat,Alluvial Soil,Seedling Stage,94,28,71.0,0,2,3.3571,66.74
Wheat,Alluvial Soil,Seedling Stage,95,29,68.0,0,2,3.2759,64.6
Wheat,Alluvial Soil,Seedling Stage,96,30,65.0,0,2,3.2,62.4
Wheat,Alluvial Soil,Seedling Stage,97,31,62.0,0,2,3.129,60.14
Wheat,Alluvial Soil,Seedling Stage,98,32,59.0,0,2,3.0625,57.82
Wheat,Alluvial Soil,Seedling Stage,99,33,56.0,0,2,3.0,55.44
Wheat,Alluvial Soil,Seedling Stage,100,34,53.0,0,2,2.9412,53.0
Wheat,Alluvial Soil,Vegetative Growth / Root or Tuber Development,1,35,50.0,1,3,0.0286,0.5
Wheat,Alluvial Soil,Vegetative Growth / Root or Tuber Development,2,36,47.0,1,3,0.0556,0.94
Wheat,Alluvial Soil,Vegetative Growth / Root or Tuber Development,3,37,44.0,1,3,0.0811,1.32
Wheat,Alluvial Soil,Vegetative Growth / Root or Tuber Development,4,38,41.0,1,3,0.1053,1.64
Wheat,Alluvial Soil,Vegetative Growth / Root or Tuber Development,5,39,38.0,1,3,0.1282,1.9
Wheat,Alluvial Soil,Vegetative Growth / Root or Tuber Development,6,40,35.0,1,3,0.15,2.1
Wheat,Alluvial Soil,Vegetative Growth / Root or Tuber Development,7,41,32.0,1,3,0.1707,2.24
Wheat,Alluvial Soil,Vegetative Growth / Root or Tuber Development,8,42,29.0,1,3,0.1905,2.32
Wheat,Alluvial Soil,Vegetative Growth / Root or Tuber Development,9,43,26.0,1,3,0.2093,2.34
Wheat,Alluvial Soil,Vegetative Growth / Root or Tuber Development,10,44,23.0,1,3,0.2273,2.3
Wheat,Alluvial Soil,Vegetative Growth / Root or Tuber Development,11,45,20.0,1,3,0.2444,2.2
Wheat,Alluvial Soil,Vegetative Growth / Root or Tuber Development,12,46,17.0,1,3,0.2609,2.04
Wheat,Alluvial Soil,Vegetative Growth / Root or Tuber Development,13,25,80.0,1,3,0.52,10.4
Wheat,Alluvial Soil,Vegetative Growth / Root or Tuber Development,14,26,77.0,1,3,0.5385,10.78
Wheat,Alluvial Soil,Vegetative Growth / Root or Tuber Development,15,27,74.0,1,3,0.5556,11.1
Wheat,Alluvial Soil,Vegetative Growth / Root or Tuber Development,16,28,71.0,1,3,0.5714,11.36
Wheat,Alluvial Soil,Vegetative Growth / Root or Tuber Development,17,29,68.0,1,3,0.5862,11.56
Wheat,Alluvial Soil,Vegetative Growth / Root or Tuber Development,18,30,65.0,1,3,0.6,11.7
Wheat,Alluvial Soil,Vegetative Growth / Root or Tuber Development,19,31,62.0,1,3,0.6129,11.78
Wheat,Alluvial Soil,Vegetative Growth / Root or Tuber Development,20,32,59.0,1,3,0.625,11.8
Wheat,Alluvial Soil,Vegetative Growth / Root or Tuber Development,21,33,56.0,1,3,0.6364,11.76
Wheat,Alluvial Soil,Vegetative Growth / Root or Tuber Development,22,34,53.0,1,3,0.6471,11.66
Wheat,Alluvial Soil,Vegetative Growth / Root or Tuber Development,23,35,50.0,1,3,0.6571,11.5
Wheat,Alluvial Soil,Vegetative Growth / Root or Tuber Development,24,36,47.0,1,3,0.6667,11.28
Wheat,Alluvial Soil,Vegetative Growth / Root or Tuber Development,25,37,44.0,1,3,0.6757,11.0
Wheat,Alluvial Soil,Vegetative Growth / Root or Tuber Development,26,38,41.0,1,3,0.6842,10.66
Wheat,Alluvial Soil,Vegetative Growth / Root or Tuber Development,27,39,38.0,1,3,0.6923,10.26
Wheat,Alluvial Soil,Vegetative Growth / Root or Tuber Development,28,40,35.0,1,3,0.7,9.8
Wheat,Alluvial Soil,Vegetative Growth / Root or Tuber Development,29,41,32.0,1,3,0.7073,9.28
Wheat,Alluvial Soil,Vegetative Growth / Root or Tuber Development,30,42,29.0,1,3,0.7143,8.7
Wheat,Alluvial Soil,Vegetative Growth / Root or Tuber Development,31,43,26.0,1,3,0.7209,8.06
Wheat,Alluvial Soil,Vegetative Growth / Root or Tuber Development,32,44,23.0,1,3,0.7273,7.36
Wheat,Alluvial Soil,Vegetative Growth / Root or Tuber Development,33,45,20.0,1,3,0.7333,6.6
Wheat,Alluvial Soil,Vegetative Growth / Root or Tuber Development,34,46,17.0,1,3,0.7391,5.78
Wheat,Alluvial Soil,Vegetative Growth / Root or Tuber Development,35,25,80.0,1,3,1.4,28.0
Wheat,Alluvial Soil,Vegetative Growth / Root or Tuber Development,36,26,77.0,1,3,1.3846,27.72
Wheat,Alluvial Soil,Vegetative Growth / Root or Tuber Development,37,27,74.0,1,3,1.3704,27.38
Wheat,Alluvial Soil,Vegetative Growth / Root or Tuber Development,38,28,71.0,1,3,1.3571,26.98
Wheat,Alluvial Soil,Vegetative Growth / Root or Tuber Development,39,29,68.0,1,3,1.3448,26.52
Wheat,Alluvial Soil,Vegetative Growth / Root or Tuber Development,40,30,65.0,1,3,1.3333,26.0
Wheat,Alluvial Soil,Vegetative Growth / Root or Tuber Development,41,31,62.0,1,3,1.3226,25.42
Wheat,Alluvial Soil,Vegetative Growth / Root or Tuber Development,42,32,59.0,1,3,1.3125,24.78
Wheat,Alluvial Soil,Vegetative Growth / Root or Tuber Development,43,33,56.0,1,3,1.303,24.08
Wheat,Alluvial Soil,Vegetative Growth / Root or Tuber Development,44,34,53.0,1,3,1.2941,23.32
Wheat,Alluvial Soil,Vegetative Growth / Root or Tuber Development,45,35,50.0,1,3,1.2857,22.5
Wheat,Alluvial Soil,Vegetative Growth / Root or Tuber Development,46,36,47.0,1,3,1.2778,21.62
Wheat,Alluvial Soil,Vegetative Growth / Root or Tuber Development,47,37,44.0,1,3,1.2703,20.68
Wheat,Alluvial Soil,Vegetative Growth / Root or Tuber Development,48,38,41.0,1,3,1.2632,19.68
Wheat,Alluvial Soil,Vegetative Growth / Root or Tuber Development,49,39,38.0,1,3,1.2564,18.62
Wheat,Alluvial Soil,Vegetative Growth / Root or Tuber Development,61,29,68.0,0,3,2.1034,41.48
Wheat,Alluvial Soil,Vegetative Growth / Root or Tuber Development,62,30,65.0,0,3,2.0667,40.3
Wheat,Alluvial Soil,Vegetative Growth / Root or Tuber Development,63,31,62.0,0,3,2.0323,39.06
Wheat,Alluvial Soil,Vegetative Growth / Root or Tuber Development,64,32,59.0,0,3,2.0,37.76
Wheat,Alluvial Soil,Vegetative Growth / Root or Tuber Development,65,33,56.0,0,3,1.9697,36.4
Wheat,Alluvial Soil,Vegetative Growth / Root or Tuber Development,66,34,53.0,0,3,1.9412,34.98
Wheat,Alluvial Soil,Vegetative Growth / Root or Tuber Development,67,35,50.0,0,3,1.9143,33.5
Wheat,Alluvial Soil,Vegetative Growth / Root or Tuber Development,68,36,47.0,0,3,1.8889,31.96
Wheat,Alluvial Soil,Vegetative Growth / Root or Tuber Development,69,37,44.0,0,3,1.8649,30.36
Wheat,Alluvial Soil,Vegetative Growth / Root or Tuber Development,70,38,41.0,0,3,1.8421,28.7
Wheat,Alluvial Soil,Vegetative Growth / Root or Tuber Development,71,39,38.0,0,3,1.8205,26.98
Wheat,Alluvial Soil,Vegetative Growth / Root or Tuber Development,72,40,35.0,0,3,1.8,25.2
Wheat,Alluvial Soil,Vegetative Growth / Root or Tuber Development,73,41,32.0,0,3,1.7805,23.36
Wheat,Alluvial Soil,Vegetative Growth / Root or Tuber Development,74,42,29.0,0,3,1.7619,21.46
Wheat,Alluvial Soil,Vegetative Growth / Root or Tuber Development,75,43,26.0,0,3,1.7442,19.5
Wheat,Alluvial Soil,Vegetative Growth / Root or Tuber Development,76,44,23.0,0,3,1.7273,17.48
Wheat,Alluvial Soil,Vegetative Growth / Root or Tuber Development,77,45,20.0,0,3,1.7111,15.4
Wheat,Alluvial Soil,Vegetative Growth / Root or Tuber Development,78,46,17.0,0,3,1.6957,13.26
Wheat,Alluvial Soil,Vegetative Growth / Root or Tuber Development,79,25,80.0,0,3,3.16,63.2
Wheat,Alluvial Soil,Vegetative Growth / Root or Tuber Development,80,26,77.0,0,3,3.0769,61.6
Wheat,Alluvial Soil,Vegetative Growth / Root or Tuber Development,81,27,74.0,0,3,3.0,59.94
Wheat,Alluvial Soil,Vegetative Growth / Root or Tuber Development,82,28,71.0,0,3,2.9286,58.22
Wheat,Alluvial Soil,Vegetative Growth / Root or Tuber Development,83,29,68.0,0,3,2.8621,56.44
Wheat,Alluvial Soil,Vegetative Growth / Root or Tuber Development,84,30,65.0,0,3,2.8,54.6
Wheat,Alluvial Soil,Vegetative Growth / Root or Tuber Development,85,31,62.0,0,3,2.7419,52.7
Wheat,Alluvial Soil,Vegetative Growth / Root or Tuber Development,86,32,59.0,0,3,2.6875,50.74
Wheat,Alluvial Soil,Vegetative Growth / Root or Tuber Development,87,33,56.0,0,3,2.6364,48.72
Wheat,Alluvial Soil,Vegetative Growth / Root or Tuber Development,88,34,53.0,0,3,2.5882,46.64
Wheat,Alluvial Soil,Vegetative Growth / Root or Tuber Development,89,35,50.0,0,3,2.5429,44.5
Wheat,Alluvial Soil,Vegetative Growth / Root or Tuber Development,90,36,47.0,0,3,2.5,42.3
Wheat,Alluvial Soil,Vegetative Growth / Root or Tuber Development,91,37,44.0,0,3,2.4595,40.04
Wheat,Alluvial Soil,Vegetative Growth / Root or Tuber Development,92,38,41.0,0,3,2.4211,37.72
Wheat,Alluvial Soil,Vegetative Growth / Root or Tuber Development,93,39,38.0,0,3,2.3846,35.34
Wheat,Alluvial Soil,Vegetative Growth / Root or Tuber Development,94,40,35.0,0,3,2.35,32.9
Wheat,Alluvial Soil,Vegetative Growth / Root or Tuber Development,95,41,32.0,0,3,2.3171,30.4
Wheat,Alluvial Soil,Vegetative Growth / Root or Tuber Development,96,42,29.0,0,3,2.2857,27.84
Wheat,Alluvial Soil,Vegetative Growth / Root or Tuber Development,97,43,26.0,0,3,2.2558,25.22
Wheat,Alluvial Soil,Vegetative Growth / Root or Tuber Development,98,44,23.0,0,3,2.2273,22.54
Wheat,Alluvial Soil,Vegetative Growth / Root or Tuber Development,99,45,20.0,0,3,2.2,19.8
Wheat,Alluvial Soil,Vegetative Growth / Root or Tuber Development,100,46,17.0,0,3,2.1739,17.0
Wheat,Alluvial Soil,Flowering,1,25,80.0,1,4,0.04,0.8
Wheat,Alluvial Soil,Flowering,2,26,77.0,1,4,0.0769,1.54
Wheat,Alluvial Soil,Flowering,3,27,74.0,1,4,0.1111,2.22
Wheat,Alluvial Soil,Flowering,4,28,71.0,1,4,0.1429,2.84
Wheat,Alluvial Soil,Flowering,5,29,68.0,1,4,0.1724,3.4
Wheat,Alluvial Soil,Flowering,6,30,65.0,1,4,0.2,3.9
Wheat,Alluvial Soil,Flowering,7,31,62.0,1,4,0.2258,4.34
Wheat,Alluvial Soil,Flowering,8,32,59.0,1,4,0.25,4.72
Wheat,Alluvial Soil,Flowering,9,33,56.0,1,4,0.2727,5.04
Wheat,Alluvial Soil,Flowering,10,34,53.0,1,4,0.2941,5.3
Wheat,Alluvial Soil,Flowering,11,35,50.0,1,4,0.3143,5.5
Wheat,Alluvial Soil,Flowering,12,36,47.0,1,4,0.3333,5.64
Wheat,Alluvial Soil,Flowering,13,37,44.0,1,4,0.3514,5.72
Wheat,Alluvial Soil,Flowering,14,38,41.0,1,4,0.3684,5.74
Wheat,Alluvial Soil,Flowering,15,39,38.0,1,4,0.3846,5.7
Wheat,Alluvial Soil,Flowering,16,40,35.0,1,4,0.4,5.6
Wheat,Alluvial Soil,Flowering,17,41,32.0,1,4,0.4146,5.44
Wheat,Alluvial Soil,Flowering,18,42,29.0,1,4,0.4286,5.22
Wheat,Alluvial Soil,Flowering,19,43,26.0,1,4,0.4419,4.94
Wheat,Alluvial Soil,Flowering,20,44,23.0,1,4,0.4545,4.6
Wheat,Alluvial Soil,Flowering,21,45,20.0,1,4,0.4667,4.2
Wheat,Alluvial Soil,Flowering,22,46,17.0,1,4,0.4783,3.74
Wheat,Alluvial Soil,Flowering,23,25,80.0,1,4,0.92,18.4
Wheat,Alluvial Soil,Flowering,24,26,77.0,1,4,0.9231,18.48
Wheat,Alluvial Soil,Flowering,25,27,74.0,1,4,0.9259,18.5
Wheat,Alluvial Soil,Flowering,26,28,71.0,1,4,0.9286,18.46
Wheat,Alluvial Soil,Flowering,27,29,68.0,1,4,0.931,18.36
Wheat,Alluvial Soil,Flowering,28,30,65.0,1,4,0.9333,18.2
Wheat,Alluvial Soil,Flowering,29,31,62.0,1,4,0.9355,17.98
Wheat,Alluvial Soil,Flowering,30,32,59.0,1,4,0.9375,17.7
Wheat,Alluvial Soil,Flowering,31,33,56.0,1,4,0.9394,17.36
Wheat,Alluvial Soil,Flowering,32,34,53.0,1,4,0.9412,16.96
Wheat,Alluvial Soil,Flowering,33,35,50.0,1,4,0.9429,16.5
Wheat,Alluvial Soil,Flowering,34,36,47.0,1,4,0.9444,15.98
Wheat,Alluvial Soil,Flowering,35,37,44.0,1,4,0.9459,15.4
Wheat,Alluvial Soil,Flowering,36,38,41.0,1,4,0.9474,14.76
Wheat,Alluvial Soil,Flowering,37,39,38.0,1,4,0.9487,14.06
Wheat,Alluvial Soil,Flowering,38,40,35.0,1,4,0.95,13.3
Wheat,Alluvial Soil,Flowering,39,41,32.0,1,4,0.9512,12.48
Wheat,Alluvial Soil,Flowering,40,42,29.0,1,4,0.9524,11.6
Wheat,Alluvial Soil,Flowering,41,43,26.0,1,4,0.9535,10.66
Wheat,Alluvial Soil,Flowering,42,44,23.0,1,4,0.9545,9.66
Wheat,Alluvial Soil,Flowering,43,45,20.0,1,4,0.9556,8.6
Wheat,Alluvial Soil,Flowering,44,46,17.0,1,4,0.9565,7.48
Wheat,Alluvial Soil,Flowering,45,25,80.0,1,4,1.8,36.0
Wheat,Alluvial Soil,Flowering,46,26,77.0,1,4,1.7692,35.42
Wheat,Alluvial Soil,Flowering,47,27,74.0,1,4,1.7407,34.78
Wheat,Alluvial Soil,Flowering,48,28,71.0,1,4,1.7143,34.08
Wheat,Alluvial Soil,Flowering,49,29,68.0,1,4,1.6897,33.32
Wheat,Alluvial Soil,Flowering,50,30,65.0,1,4,1.6667,32.5
Wheat,Alluvial Soil,Flowering,51,31,62.0,1,4,1.6452,31.62
Wheat,Alluvial Soil,Flowering,52,32,59.0,1,4,1.625,30.68
Wheat,Alluvial Soil,Flowering,53,33,56.0,1,4,1.6061,29.68
Wheat,Alluvial Soil,Flowering,54,34,53.0,1,4,1.5882,28.62
Wheat,Alluvial Soil,Flowering,55,35,50.0,1,4,1.5714,27.5
Wheat,Alluvial Soil,Flowering,56,36,47.0,1,4,1.5556,26.32
Wheat,Alluvial Soil,Flowering,57,37,44.0,1,4,1.5405,25.08
Wheat,Alluvial Soil,Flowering,58,38,41.0,1,4,1.5263,23.78
Wheat,Alluvial Soil,Flowering,59,39,38.0,1,4,1.5128,22.42
Wheat,Alluvial Soil,Flowering,71,29,68.0,0,4,2.4483,48.28
Wheat,Alluvial Soil,Flowering,72,30,65.0,0,4,2.4,46.8
Wheat,Alluvial Soil,Flowering,73,31,62.0,0,4,2.3548,45.26
Wheat,Alluvial Soil,Flowering,74,32,59.0,0,4,2.3125,43.66
Wheat,Alluvial Soil,Flowering,75,33,56.0,0,4,2.2727,42.0
Wheat,Alluvial Soil,Flowering,76,34,53.0,0,4,2.2353,40.28
Wheat,Alluvial Soil,Flowering,77,35,50.0,0,4,2.2,38.5
Wheat,Alluvial Soil,Flowering,78,36,47.0,0,4,2.1667,36.66
Wheat,Alluvial Soil,Flowering,79,37,44.0,0,4,2.1351,34.76
Wheat,Alluvial Soil,Flowering,80,38,41.0,0,4,2.1053,32.8
Wheat,Alluvial Soil,Flowering,81,39,38.0,0,4,2.0769,30.78
Wheat,Alluvial Soil,Flowering,82,40,35.0,0,4,2.05,28.7
Wheat,Alluvial Soil,Flowering,83,41,32.0,0,4,2.0244,26.56
Wheat,Alluvial Soil,Flowering,84,42,29.0,0,4,2.0,24.36
Wheat,Alluvial Soil,Flowering,85,43,26.0,0,4,1.9767,22.1
Wheat,Alluvial Soil,Flowering,86,44,23.0,0,4,1.9545,19.78
Wheat,Alluvial Soil,Flowering,87,45,20.0,0,4,1.9333,17.4
Wheat,Alluvial Soil,Flowering,88,46,17.0,0,4,1.913,14.96
Wheat,Alluvial Soil,Flowering,89,25,80.0,0,4,3.56,71.2
Wheat,Alluvial Soil,Flowering,90,26,77.0,0,4,3.4615,69.3
Wheat,Alluvial Soil,Flowering,91,27,74.0,0,4,3.3704,67.34
Wheat,Alluvial Soil,Flowering,92,28,71.0,0,4,3.2857,65.32
Wheat,Alluvial Soil,Flowering,93,29,68.0,0,4,3.2069,63.24
Wheat,Alluvial Soil,Flowering,94,30,65.0,0,4,3.1333,61.1
Wheat,Alluvial Soil,Flowering,95,31,62.0,0,4,3.0645,58.9
Wheat,Alluvial Soil,Flowering,96,32,59.0,0,4,3.0,56.64
Wheat,Alluvial Soil,Flowering,97,33,56.0,0,4,2.9394,54.32
Wheat,Alluvial Soil,Flowering,98,34,53.0,0,4,2.8824,51.94
Wheat,Alluvial Soil,Flowering,99,35,50.0,0,4,2.8286,49.5
Wheat,Alluvial Soil,Flowering,100,36,47.0,0,4,2.7778,47.0
Wheat,Alluvial Soil,Pollination,1,37,44.0,1,5,0.027,0.44
Wheat,Alluvial Soil,Pollination,2,38,41.0,1,5,0.0526,0.82
Wheat,Alluvial Soil,Pollination,3,39,38.0,1,5,0.0769,1.14
Wheat,Alluvial Soil,Pollination,4,40,35.0,1,5,0.1,1.4
Wheat,Alluvial Soil,Pollination,5,41,32.0,1,5,0.122,1.6
Wheat,Alluvial Soil,Pollination,6,42,29.0,1,5,0.1429,1.74
Wheat,Alluvial Soil,Pollination,7,43,26.0,1,5,0.1628,1.82
Wheat,Alluvial Soil,Pollination,8,44,23.0,1,5,0.1818,1.84
Wheat,Alluvial Soil,Pollination,9,45,20.0,1,5,0.2,1.8
Wheat,Alluvial Soil,Pollination,10,46,17.0,1,5,0.2174,1.7
Wheat,Alluvial Soil,Pollination,11,25,80.0,1,5,0.44,8.8
Wheat,Alluvial Soil,Pollination,12,26,77.0,1,5,0.4615,9.24
Wheat,Alluvial Soil,Pollination,13,27,74.0,1,5,0.4815,9.62
Wheat,Alluvial Soil,Pollination,14,28,71.0,1,5,0.5,9.94
Wheat,Alluvial Soil,Pollination,15,29,68.0,1,5,0.5172,10.2
Wheat,Alluvial Soil,Pollination,16,30,65.0,1,5,0.5333,10.4
Wheat,Alluvial Soil,Pollination,17,31,62.0,1,5,0.5484,10.54
Wheat,Alluvial Soil,Pollination,18,32,59.0,1,5,0.5625,10.62
Wheat,Alluvial Soil,Pollination,19,33,56.0,1,5,0.5758,10.64
Wheat,Alluvial Soil,Pollination,20,34,53.0,1,5,0.5882,10.6
Wheat,Alluvial Soil,Pollination,21,35,50.0,1,5,0.6,10.5
Wheat,Alluvial Soil,Pollination,22,36,47.0,1,5,0.6111,10.34
Wheat,Alluvial Soil,Pollination,23,37,44.0,1,5,0.6216,10.12
Wheat,Alluvial Soil,Pollination,24,38,41.0,1,5,0.6316,9.84
Wheat,Alluvial Soil,Pollination,25,39,38.0,1,5,0.641,9.5
Wheat,Alluvial Soil,Pollination,26,40,35.0,1,5,0.65,9.1
Wheat,Alluvial Soil,Pollination,27,41,32.0,1,5,0.6585,8.64
Wheat,Alluvial Soil,Pollination,28,42,29.0,1,5,0.6667,8.12
Wheat,Alluvial Soil,Pollination,29,43,26.0,1,5,0.6744,7.54
Wheat,Alluvial Soil,Pollination,30,44,23.0,1,5,0.6818,6.9
Wheat,Alluvial Soil,Pollination,31,45,20.0,1,5,0.6889,6.2
Wheat,Alluvial Soil,Pollination,32,46,17.0,1,5,0.6957,5.44
Wheat,Alluvial Soil,Pollination,33,25,80.0,1,5,1.32,26.4
Wheat,Alluvial Soil,Pollination,34,26,77.0,1,5,1.3077,26.18
Wheat,Alluvial Soil,Pollination,35,27,74.0,1,5,1.2963,25.9
Wheat,Alluvial Soil,Pollination,36,28,71.0,1,5,1.2857,25.56
Wheat,Alluvial Soil,Pollination,37,29,68.0,1,5,1.2759,25.16
Wheat,Alluvial Soil,Pollination,38,30,65.0,1,5,1.2667,24.7
Wheat,Alluvial Soil,Pollination,39,31,62.0,1,5,1.2581,24.18
Wheat,Alluvial Soil,Pollination,40,32,59.0,1,5,1.25,23.6
Wheat,Alluvial Soil,Pollination,41,33,56.0,1,5,1.2424,22.96
Wheat,Alluvial Soil,Pollination,42,34,53.0,1,5,1.2353,22.26
Wheat,Alluvial Soil,Pollination,43,35,50.0,1,5,1.2286,21.5
Wheat,Alluvial Soil,Pollination,44,36,47.0,1,5,1.2222,20.68
Wheat,Alluvial Soil,Pollination,45,37,44.0,1,5,1.2162,19.8
Wheat,Alluvial Soil,Pollination,46,38,41.0,1,5,1.2105,18.86
Wheat,Alluvial Soil,Pollination,47,39,38.0,1,5,1.2051,17.86
Wheat,Alluvial Soil,Pollination,48,40,35.0,1,5,1.2,16.8
Wheat,Alluvial Soil,Pollination,49,41,32.0,1,5,1.1951,15.68
Wheat,Alluvial Soil,Pollination,50,42,29.0,1,5,1.1905,14.5
Wheat,Alluvial Soil,Pollination,51,43,26.0,1,5,1.186,13.26
Wheat,Alluvial Soil,Pollination,52,44,23.0,1,5,1.1818,11.96
Wheat,Alluvial Soil,Pollination,53,45,20.0,1,5,1.1778,10.6
Wheat,Alluvial Soil,Pollination,54,46,17.0,1,5,1.1739,9.18
Wheat,Alluvial Soil,Pollination,55,25,80.0,1,5,2.2,44.0
Wheat,Alluvial Soil,Pollination,56,26,77.0,1,5,2.1538,43.12
Wheat,Alluvial Soil,Pollination,57,27,74.0,1,5,2.1111,42.18
Wheat,Alluvial Soil,Pollination,58,28,71.0,1,5,2.0714,41.18
Wheat,Alluvial Soil,Pollination,59,29,68.0,1,5,2.0345,40.12
Wheat,Alluvial Soil,Pollination,60,30,65.0,1,5,2.0,39.0
Wheat,Alluvial Soil,Pollination,61,31,62.0,1,5,1.9677,37.82
Wheat,Alluvial Soil,Pollination,62,32,59.0,1,5,1.9375,36.58
Wheat,Alluvial Soil,Pollination,63,33,56.0,1,5,1.9091,35.28
Wheat,Alluvial Soil,Pollination,64,34,53.0,1,5,1.8824,33.92
Wheat,Alluvial Soil,Pollination,65,35,50.0,1,5,1.8571,32.5
Wheat,Alluvial Soil,Pollination,66,36,47.0,1,5,1.8333,31.02
Wheat,Alluvial Soil,Pollination,67,37,44.0,1,5,1.8108,29.48
Wheat,Alluvial Soil,Pollination,68,38,41.0,1,5,1.7895,27.88
Wheat,Alluvial Soil,Pollination,69,39,38.0,1,5,1.7692,26.22
Wheat,Alluvial Soil,Pollination,81,29,68.0,0,5,2.7931,55.08
Wheat,Alluvial Soil,Pollination,82,30,65.0,0,5,2.7333,53.3
Wheat,Alluvial Soil,Pollination,83,31,62.0,0,5,2.6774,51.46
Wheat,Alluvial Soil,Pollination,84,32,59.0,0,5,2.625,49.56
Wheat,Alluvial Soil,Pollination,85,33,56.0,0,5,2.5758,47.6
Wheat,Alluvial Soil,Pollination,86,34,53.0,0,5,2.5294,45.58
Wheat,Alluvial Soil,Pollination,87,35,50.0,0,5,2.4857,43.5
Wheat,Alluvial Soil,Pollination,88,36,47.0,0,5,2.4444,41.36
Wheat,Alluvial Soil,Pollination,89,37,44.0,0,5,2.4054,39.16
Wheat,Alluvial Soil,Pollination,90,38,41.0,0,5,2.3684,36.9
Wheat,Alluvial Soil,Pollination,91,39,38.0,0,5,2.3333,34.58
Wheat,Alluvial Soil,Pollination,92,40,35.0,0,5,2.3,32.2
Wheat,Alluvial Soil,Pollination,93,41,32.0,0,5,2.2683,29.76
Wheat,Alluvial Soil,Pollination,94,42,29.0,0,5,2.2381,27.26
Wheat,Alluvial Soil,Pollination,95,43,26.0,0,5,2.2093,24.7
Wheat,Alluvial Soil,Pollination,96,44,23.0,0,5,2.1818,22.08
Wheat,Alluvial Soil,Pollination,97,45,20.0,0,5,2.1556,19.4
Wheat,Alluvial Soil,Pollination,98,46,17.0,0,5,2.1304,16.66
Wheat,Alluvial Soil,Pollination,99,25,80.0,0,5,3.96,79.2
Wheat,Alluvial Soil,Pollination,100,26,77.0,0,5,3.8462,77.0
Wheat,Alluvial Soil,Fruit/Grain/Bulb Formation,1,27,74.0,1,6,0.037,0.74
Wheat,Alluvial Soil,Fruit/Grain/Bulb Formation,2,28,71.0,1,6,0.0714,1.42
Wheat,Alluvial Soil,Fruit/Grain/Bulb Formation,3,29,68.0,1,6,0.1034,2.04
Wheat,Alluvial Soil,Fruit/Grain/Bulb Formation,4,30,65.0,1,6,0.1333,2.6
Wheat,Alluvial Soil,Fruit/Grain/Bulb Formation,5,31,62.0,1,6,0.1613,3.1
Wheat,Alluvial Soil,Fruit/Grain/Bulb Formation,6,32,59.0,1,6,0.1875,3.54
Wheat,Alluvial Soil,Fruit/Grain/Bulb Formation,7,33,56.0,1,6,0.2121,3.92
Wheat,Alluvial Soil,Fruit/Grain/Bulb Formation,8,34,53.0,1,6,0.2353,4.24
Wheat,Alluvial Soil,Fruit/Grain/Bulb Formation,9,35,50.0,1,6,0.2571,4.5
Wheat,Alluvial Soil,Fruit/Grain/Bulb Formation,10,36,47.0,1,6,0.2778,4.7
Wheat,Alluvial Soil,Fruit/Grain/Bulb Formation,11,37,44.0,1,6,0.2973,4.84
Wheat,Alluvial Soil,Fruit/Grain/Bulb Formation,12,38,41.0,1,6,0.3158,4.92
Wheat,Alluvial Soil,Fruit/Grain/Bulb Formation,13,39,38.0,1,6,0.3333,4.94
Wheat,Alluvial Soil,Fruit/Grain/Bulb Formation,14,40,35.0,1,6,0.35,4.9
Wheat,Alluvial Soil,Fruit/Grain/Bulb Formation,15,41,32.0,1,6,0.3659,4.8
Wheat,Alluvial Soil,Fruit/Grain/Bulb Formation,16,42,29.0,1,6,0.381,4.64
Wheat,Alluvial Soil,Fruit/Grain/Bulb Formation,17,43,26.0,1,6,0.3953,4.42
Wheat,Alluvial Soil,Fruit/Grain/Bulb Formation,18,44,23.0,1,6,0.4091,4.14
Wheat,Alluvial Soil,Fruit/Grain/Bulb Formation,19,45,20.0,1,6,0.4222,3.8
Wheat,Alluvial Soil,Fruit/Grain/Bulb Formation,20,46,17.0,1,6,0.4348,3.4
Wheat,Alluvial Soil,Fruit/Grain/Bulb Formation,21,25,80.0,1,6,0.84,16.8
Wheat,Alluvial Soil,Fruit/Grain/Bulb Formation,22,26,77.0,1,6,0.8462,16.94
Wheat,Alluvial Soil,Fruit/Grain/Bulb Formation,23,27,74.0,1,6,0.8519,17.02
Wheat,Alluvial Soil,Fruit/Grain/Bulb Formation,24,28,71.0,1,6,0.8571,17.04
Wheat,Alluvial Soil,Fruit/Grain/Bulb Formation,25,29,68.0,1,6,0.8621,17.0
Wheat,Alluvial Soil,Fruit/Grain/Bulb Formation,26,30,65.0,1,6,0.8667,16.9
Wheat,Alluvial Soil,Fruit/Grain/Bulb Formation,27,31,62.0,1,6,0.871,16.74
Wheat,Alluvial Soil,Fruit/Grain/Bulb Formation,28,32,59.0,1,6,0.875,16.52
Wheat,Alluvial Soil,Fruit/Grain/Bulb Formation,29,33,56.0,1,6,0.8788,16.24
Wheat,Alluvial Soil,Fruit/Grain/Bulb Formation,30,34,53.0,1,6,0.8824,15.9
Wheat,Alluvial Soil,Fruit/Grain/Bulb Formation,31,35,50.0,1,6,0.8857,15.5
Wheat,Alluvial Soil,Fruit/Grain/Bulb Formation,32,36,47.0,1,6,0.8889,15.04
Wheat,Alluvial Soil,Fruit/Grain/Bulb Formation,33,37,44.0,1,6,0.8919,14.52
Wheat,Alluvial Soil,Fruit/Grain/Bulb Formation,34,38,41.0,1,6,0.8947,13.94
Wheat,Alluvial Soil,Fruit/Grain/Bulb Formation,35,39,38.0,1,6,0.8974,13.3
Wheat,Alluvial Soil,Fruit/Grain/Bulb Formation,36,40,35.0,1,6,0.9,12.6
Wheat,Alluvial Soil,Fruit/Grain/Bulb Formation,37,41,32.0,1,6,0.9024,11.84
Wheat,Alluvial Soil,Fruit/Grain/Bulb Formation,38,42,29.0,1,6,0.9048,11.02
Wheat,Alluvial Soil,Fruit/Grain/Bulb Formation,39,43,26.0,1,6,0.907,10.14
Wheat,Alluvial Soil,Fruit/Grain/Bulb Formation,40,44,23.0,1,6,0.9091,9.2
Wheat,Alluvial Soil,Fruit/Grain/Bulb Formation,41,45,20.0,1,6,0.9111,8.2
Wheat,Alluvial Soil,Fruit/Grain/Bulb Formation,42,46,17.0,1,6,0.913,7.14
Wheat,Alluvial Soil,Fruit/Grain/Bulb Formation,43,25,80.0,1,6,1.72,34.4
Wheat,Alluvial Soil,Fruit/Grain/Bulb Formation,44,26,77.0,1,6,1.6923,33.88
Wheat,Alluvial Soil,Fruit/Grain/Bulb Formation,45,27,74.0,1,6,1.6667,33.3
Wheat,Alluvial Soil,Fruit/Grain/Bulb Formation,46,28,71.0,1,6,1.6429,32.66
Wheat,Alluvial Soil,Fruit/Grain/Bulb Formation,47,29,68.0,1,6,1.6207,31.96
Wheat,Alluvial Soil,Fruit/Grain/Bulb Formation,48,30,65.0,1,6,1.6,31.2
Wheat,Alluvial Soil,Fruit/Grain/Bulb Formation,49,31,62.0,1,6,1.5806,30.38
Wheat,Alluvial Soil,Fruit/Grain/Bulb Formation,50,32,59.0,1,6,1.5625,29.5
Wheat,Alluvial Soil,Fruit/Grain/Bulb Formation,51,33,56.0,1,6,1.5455,28.56
Wheat,Alluvial Soil,Fruit/Grain/Bulb Formation,52,34,53.0,1,6,1.5294,27.56
Wheat,Alluvial Soil,Fruit/Grain/Bulb Formation,53,35,50.0,1,6,1.5143,26.5
Wheat,Alluvial Soil,Fruit/Grain/Bulb Formation,54,36,47.0,1,6,1.5,25.38
Wheat,Alluvial Soil,Fruit/Grain/Bulb Formation,55,37,44.0,1,6,1.4865,24.2
Wheat,Alluvial Soil,Fruit/Grain/Bulb Formation,56,38,41.0,1,6,1.4737,22.96
Wheat,Alluvial Soil,Fruit/Grain/Bulb Formation,57,39,38.0,1,6,1.4615,21.66
Wheat,Alluvial Soil,Fruit/Grain/Bulb Formation,58,40,35.0,1,6,1.45,20.3
Wheat,Alluvial Soil,Fruit/Grain/Bulb Formation,59,41,32.0,1,6,1.439,18.88
Wheat,Alluvial Soil,Fruit/Grain/Bulb Formation,60,42,29.0,1,6,1.4286,17.4
Wheat,Alluvial Soil,Fruit/Grain/Bulb Formation,61,43,26.0,1,6,1.4186,15.86
Wheat,Alluvial Soil,Fruit/Grain/Bulb Formation,62,44,23.0,1,6,1.4091,14.26
Wheat,Alluvial Soil,Fruit/Grain/Bulb Formation,63,45,20.0,1,6,1.4,12.6
Wheat,Alluvial Soil,Fruit/Grain/Bulb Formation,64,46,17.0,1,6,1.3913,10.88
Wheat,Alluvial Soil,Fruit/Grain/Bulb Formation,65,25,80.0,1,6,2.6,52.0
Wheat,Alluvial Soil,Fruit/Grain/Bulb Formation,66,26,77.0,1,6,2.5385,50.82
Wheat,Alluvial Soil,Fruit/Grain/Bulb Formation,67,27,74.0,1,6,2.4815,49.58
Wheat,Alluvial Soil,Fruit/Grain/Bulb Formation,68,28,71.0,1,6,2.4286,48.28
Wheat,Alluvial Soil,Fruit/Grain/Bulb Formation,69,29,68.0,1,6,2.3793,46.92
Wheat,Alluvial Soil,Fruit/Grain/Bulb Formation,81,41,32.0,0,6,1.9756,25.92
Wheat,Alluvial Soil,Fruit/Grain/Bulb Formation,82,42,29.0,0,6,1.9524,23.78
Wheat,Alluvial Soil,Fruit/Grain/Bulb Formation,83,43,26.0,0,6,1.9302,21.58
Wheat,Alluvial Soil,Fruit/Grain/Bulb Formation,84,44,23.0,0,6,1.9091,19.32
Wheat,Alluvial Soil,Fruit/Grain/Bulb Formation,85,45,20.0,0,6,1.8889,17.0
Wheat,Alluvial Soil,Fruit/Grain/Bulb Formation,86,46,17.0,0,6,1.8696,14.62
Wheat,Alluvial Soil,Fruit/Grain/Bulb Formation,87,25,80.0,0,6,3.48,69.6
Wheat,Alluvial Soil,Fruit/Grain/Bulb Formation,88,26,77.0,0,6,3.3846,67.76
Wheat,Alluvial Soil,Fruit/Grain/Bulb Formation,89,27,74.0,0,6,3.2963,65.86
Wheat,Alluvial Soil,Fruit/Grain/Bulb Formation,90,28,71.0,0,6,3.2143,63.9
Wheat,Alluvial Soil,Fruit/Grain/Bulb Formation,91,29,68.0,0,6,3.1379,61.88
Wheat,Alluvial Soil,Fruit/Grain/Bulb Formation,92,30,65.0,0,6,3.0667,59.8
Wheat,Alluvial Soil,Fruit/Grain/Bulb Formation,93,31,62.0,0,6,3.0,57.66
Wheat,Alluvial Soil,Fruit/Grain/Bulb Formation,94,32,59.0,0,6,2.9375,55.46
Wheat,Alluvial Soil,Fruit/Grain/Bulb Formation,95,33,56.0,0,6,2.8788,53.2
Wheat,Alluvial Soil,Fruit/Grain/Bulb Formation,96,34,53.0,0,6,2.8235,50.88
Wheat,Alluvial Soil,Fruit/Grain/Bulb Formation,97,35,50.0,0,6,2.7714,48.5
Wheat,Alluvial Soil,Fruit/Grain/Bulb Formation,98,36,47.0,0,6,2.7222,46.06
Wheat,Alluvial Soil,Fruit/Grain/Bulb Formation,99,37,44.0,0,6,2.6757,43.56
Wheat,Alluvial Soil,Fruit/Grain/Bulb Formation,100,38,41.0,0,6,2.6316,41.0
Wheat,Alluvial Soil,Maturation,1,39,38.0,1,7,0.0256,0.38
Wheat,Alluvial Soil,Maturation,2,40,35.0,1,7,0.05,0.7
Wheat,Alluvial Soil,Maturation,3,41,32.0,1,7,0.0732,0.96
Wheat,Alluvial Soil,Maturation,4,42,29.0,1,7,0.0952,1.16
Wheat,Alluvial Soil,Maturation,5,43,26.0,1,7,0.1163,1.3
Wheat,Alluvial Soil,Maturation,6,44,23.0,1,7,0.1364,1.38
Wheat,Alluvial Soil,Maturation,7,45,20.0,1,7,0.1556,1.4
Wheat,Alluvial Soil,Maturation,8,46,17.0,1,7,0.1739,1.36
Wheat,Alluvial Soil,Maturation,9,25,80.0,1,7,0.36,7.2
Wheat,Alluvial Soil,Maturation,10,26,77.0,1,7,0.3846,7.7
Wheat,Alluvial Soil,Maturation,11,27,74.0,1,7,0.4074,8.14
Wheat,Alluvial Soil,Maturation,12,28,71.0,1,7,0.4286,8.52
Wheat,Alluvial Soil,Maturation,13,29,68.0,1,7,0.4483,8.84
Wheat,Alluvial Soil,Maturation,14,30,65.0,1,7,0.4667,9.1
Wheat,Alluvial Soil,Maturation,15,31,62.0,1,7,0.4839,9.3
Wheat,Alluvial Soil,Maturation,16,32,59.0,1,7,0.5,9.44
Wheat,Alluvial Soil,Maturation,17,33,56.0,1,7,0.5152,9.52
Wheat,Alluvial Soil,Maturation,18,34,53.0,1,7,0.5294,9.54
Wheat,Alluvial Soil,Maturation,19,35,50.0,1,7,0.5429,9.5
Wheat,Alluvial Soil,Maturation,20,36,47.0,1,7,0.5556,9.4
Wheat,Alluvial Soil,Maturation,21,37,44.0,1,7,0.5676,9.24
Wheat,Alluvial Soil,Maturation,22,38,41.0,1,7,0.5789,9.02
Wheat,Alluvial Soil,Maturation,23,39,38.0,1,7,0.5897,8.74
Wheat,Alluvial Soil,Maturation,24,40,35.0,1,7,0.6,8.4
Wheat,Alluvial Soil,Maturation,25,41,32.0,1,7,0.6098,8.0
Wheat,Alluvial Soil,Maturation,26,42,29.0,1,7,0.619,7.54
Wheat,Alluvial Soil,Maturation,27,43,26.0,1,7,0.6279,7.02
Wheat,Alluvial Soil,Maturation,28,44,23.0,1,7,0.6364,6.44
Wheat,Alluvial Soil,Maturation,29,45,20.0,1,7,0.6444,5.8
Wheat,Alluvial Soil,Maturation,30,46,17.0,1,7,0.6522,5.1
Wheat,Alluvial Soil,Maturation,31,25,80.0,1,7,1.24,24.8
Wheat,Alluvial Soil,Maturation,32,26,77.0,1,7,1.2308,24.64
Wheat,Alluvial Soil,Maturation,33,27,74.0,1,7,1.2222,24.42
Wheat,Alluvial Soil,Maturation,34,28,71.0,1,7,1.2143,24.14
Wheat,Alluvial Soil,Maturation,35,29,68.0,1,7,1.2069,23.8
Wheat,Alluvial Soil,Maturation,36,30,65.0,1,7,1.2,23.4
Wheat,Alluvial Soil,Maturation,37,31,62.0,1,7,1.1935,22.94
Wheat,Alluvial Soil,Maturation,38,32,59.0,1,7,1.1875,22.42
Wheat,Alluvial Soil,Maturation,39,33,56.0,1,7,1.1818,21.84
Wheat,Alluvial Soil,Maturation,40,34,53.0,1,7,1.1765,21.2
Wheat,Alluvial Soil,Maturation,41,35,50.0,1,7,1.1714,20.5
Wheat,Alluvial Soil,Maturation,42,36,47.0,1,7,1.1667,19.74
Wheat,Alluvial Soil,Maturation,43,37,44.0,1,7,1.1622,18.92
Wheat,Alluvial Soil,Maturation,44,38,41.0,1,7,1.1579,18.04
Wheat,Alluvial Soil,Maturation,45,39,38.0,1,7,1.1538,17.1
Wheat,Alluvial Soil,Maturation,46,40,35.0,1,7,1.15,16.1
Wheat,Alluvial Soil,Maturation,47,41,32.0,1,7,1.1463,15.04
Wheat,Alluvial Soil,Maturation,48,42,29.0,1,7,1.1429,13.92
Wheat,Alluvial Soil,Maturation,49,43,26.0,1,7,1.1395,12.74
Wheat,Alluvial Soil,Maturation,50,44,23.0,1,7,1.1364,11.5
Wheat,Alluvial Soil,Maturation,51,45,20.0,1,7,1.1333,10.2
Wheat,Alluvial Soil,Maturation,52,46,17.0,1,7,1.1304,8.84
Wheat,Alluvial Soil,Maturation,53,25,80.0,1,7,2.12,42.4
Wheat,Alluvial Soil,Maturation,54,26,77.0,1,7,2.0769,41.58
Wheat,Alluvial Soil,Maturation,55,27,74.0,1,7,2.037,40.7
Wheat,Alluvial Soil,Maturation,56,28,71.0,1,7,2.0,39.76
Wheat,Alluvial Soil,Maturation,57,29,68.0,1,7,1.9655,38.76
Wheat,Alluvial Soil,Maturation,58,30,65.0,1,7,1.9333,37.7
Wheat,Alluvial Soil,Maturation,59,31,62.0,1,7,1.9032,36.58
Wheat,Alluvial Soil,Maturation,60,32,59.0,1,7,1.875,35.4
Wheat,Alluvial Soil,Maturation,61,33,56.0,1,7,1.8485,34.16
Wheat,Alluvial Soil,Maturation,62,34,53.0,1,7,1.8235,32.86
Wheat,Alluvial Soil,Maturation,63,35,50.0,1,7,1.8,31.5
Wheat,Alluvial Soil,Maturation,64,36,47.0,1,7,1.7778,30.08
Wheat,Alluvial Soil,Maturation,65,37,44.0,1,7,1.7568,28.6
Wheat,Alluvial Soil,Maturation,66,38,41.0,1,7,1.7368,27.06
Wheat,Alluvial Soil,Maturation,67,39,38.0,1,7,1.7179,25.46
Wheat,Alluvial Soil,Maturation,68,40,35.0,1,7,1.7,23.8
Wheat,Alluvial Soil,Maturation,69,41,32.0,1,7,1.6829,22.08
Wheat,Alluvial Soil,Maturation,81,31,62.0,0,7,2.6129,50.22
Wheat,Alluvial Soil,Maturation,82,32,59.0,0,7,2.5625,48.38
Wheat,Alluvial Soil,Maturation,83,33,56.0,0,7,2.5152,46.48
Wheat,Alluvial Soil,Maturation,84,34,53.0,0,7,2.4706,44.52
Wheat,Alluvial Soil,Maturation,85,35,50.0,0,7,2.4286,42.5
Wheat,Alluvial Soil,Maturation,86,36,47.0,0,7,2.3889,40.42
Wheat,Alluvial Soil,Maturation,87,37,44.0,0,7,2.3514,38.28
Wheat,Alluvial Soil,Maturation,88,38,41.0,0,7,2.3158,36.08
Wheat,Alluvial Soil,Maturation,89,39,38.0,0,7,2.2821,33.82
Wheat,Alluvial Soil,Maturation,90,40,35.0,0,7,2.25,31.5
Wheat,Alluvial Soil,Maturation,91,41,32.0,0,7,2.2195,29.12
Wheat,Alluvial Soil,Maturation,92,42,29.0,0,7,2.1905,26.68
Wheat,Alluvial Soil,Maturation,93,43,26.0,0,7,2.1628,24.18
Wheat,Alluvial Soil,Maturation,94,44,23.0,0,7,2.1364,21.62
Wheat,Alluvial Soil,Maturation,95,45,20.0,0,7,2.1111,19.0
Wheat,Alluvial Soil,Maturation,96,46,17.0,0,7,2.087,16.32
Wheat,Alluvial Soil,Maturation,97,25,80.0,0,7,3.88,77.6
Wheat,Alluvial Soil,Maturation,98,26,77.0,0,7,3.7692,75.46
Wheat,Alluvial Soil,Maturation,99,27,74.0,0,7,3.6667,73.26
Wheat,Alluvial Soil,Maturation,100,28,71.0,0,7,3.5714,71.0
Wheat,Alluvial Soil,Harvest,1,29,68.0,1,8,0.0345,0.68
Wheat,Alluvial Soil,Harvest,2,30,65.0,1,8,0.0667,1.3
Wheat,Alluvial Soil,Harvest,3,31,62.0,1,8,0.0968,1.86
Wheat,Alluvial Soil,Harvest,4,32,59.0,1,8,0.125,2.36
Wheat,Alluvial Soil,Harvest,5,33,56.0,1,8,0.1515,2.8
Wheat,Alluvial Soil,Harvest,6,34,53.0,1,8,0.1765,3.18
Wheat,Alluvial Soil,Harvest,7,35,50.0,1,8,0.2,3.5
Wheat,Alluvial Soil,Harvest,8,36,47.0,1,8,0.2222,3.76
Wheat,Alluvial Soil,Harvest,9,37,44.0,1,8,0.2432,3.96
Wheat,Alluvial Soil,Harvest,10,38,41.0,1,8,0.2632,4.1
Wheat,Alluvial Soil,Harvest,11,39,38.0,1,8,0.2821,4.18
Wheat,Alluvial Soil,Harvest,12,40,35.0,1,8,0.3,4.2
Wheat,Alluvial Soil,Harvest,13,41,32.0,1,8,0.3171,4.16
Wheat,Alluvial Soil,Harvest,14,42,29.0,1,8,0.3333,4.06
Wheat,Alluvial Soil,Harvest,15,43,26.0,1,8,0.3488,3.9
Wheat,Alluvial Soil,Harvest,16,44,23.0,1,8,0.3636,3.68
Wheat,Alluvial Soil,Harvest,17,45,20.0,1,8,0.3778,3.4
Wheat,Alluvial Soil,Harvest,18,46,17.0,1,8,0.3913,3.06
Wheat,Alluvial Soil,Harvest,19,25,80.0,1,8,0.76,15.2
Wheat,Alluvial Soil,Harvest,20,26,77.0,1,8,0.7692,15.4
Wheat,Alluvial Soil,Harvest,21,27,74.0,1,8,0.7778,15.54
Wheat,Alluvial Soil,Harvest,22,28,71.0,1,8,0.7857,15.62
Wheat,Alluvial Soil,Harvest,23,29,68.0,1,8,0.7931,15.64
Wheat,Alluvial Soil,Harvest,24,30,65.0,1,8,0.8,15.6
Wheat,Alluvial Soil,Harvest,25,31,62.0,1,8,0.8065,15.5
Wheat,Alluvial Soil,Harvest,26,32,59.0,1,8,0.8125,15.34
Wheat,Alluvial Soil,Harvest,27,33,56.0,1,8,0.8182,15.12
Wheat,Alluvial Soil,Harvest,28,34,53.0,1,8,0.8235,14.84
Wheat,Alluvial Soil,Harvest,29,35,50.0,1,8,0.8286,14.5
Wheat,Alluvial Soil,Harvest,30,36,47.0,1,8,0.8333,14.1
Wheat,Alluvial Soil,Harvest,31,37,44.0,1,8,0.8378,13.64
Wheat,Alluvial Soil,Harvest,32,38,41.0,1,8,0.8421,13.12
Wheat,Alluvial Soil,Harvest,33,39,38.0,1,8,0.8462,12.54
Wheat,Alluvial Soil,Harvest,34,40,35.0,1,8,0.85,11.9
Wheat,Alluvial Soil,Harvest,35,41,32.0,1,8,0.8537,11.2
Wheat,Alluvial Soil,Harvest,36,42,29.0,1,8,0.8571,10.44
Wheat,Alluvial Soil,Harvest,37,43,26.0,1,8,0.8605,9.62
Wheat,Alluvial Soil,Harvest,38,44,23.0,1,8,0.8636,8.74
Wheat,Alluvial Soil,Harvest,39,45,20.0,1,8,0.8667,7.8
Wheat,Alluvial Soil,Harvest,40,46,17.0,1,8,0.8696,6.8
Wheat,Alluvial Soil,Harvest,41,25,80.0,1,8,1.64,32.8
Wheat,Alluvial Soil,Harvest,42,26,77.0,1,8,1.6154,32.34
Wheat,Alluvial Soil,Harvest,43,27,74.0,1,8,1.5926,31.82
Wheat,Alluvial Soil,Harvest,44,28,71.0,1,8,1.5714,31.24
Wheat,Alluvial Soil,Harvest,45,29,68.0,1,8,1.5517,30.6
Wheat,Alluvial Soil,Harvest,46,30,65.0,1,8,1.5333,29.9
Wheat,Alluvial Soil,Harvest,47,31,62.0,1,8,1.5161,29.14
Wheat,Alluvial Soil,Harvest,48,32,59.0,1,8,1.5,28.32
Wheat,Alluvial Soil,Harvest,49,33,56.0,1,8,1.4848,27.44
Wheat,Alluvial Soil,Harvest,50,34,53.0,1,8,1.4706,26.5
Wheat,Alluvial Soil,Harvest,51,35,50.0,1,8,1.4571,25.5
Wheat,Alluvial Soil,Harvest,52,36,47.0,1,8,1.4444,24.44
Wheat,Alluvial Soil,Harvest,53,37,44.0,1,8,1.4324,23.32
Wheat,Alluvial Soil,Harvest,54,38,41.0,1,8,1.4211,22.14
Wheat,Alluvial Soil,Harvest,55,39,38.0,1,8,1.4103,20.9
Wheat,Alluvial Soil,Harvest,56,40,35.0,1,8,1.4,19.6
Wheat,Alluvial Soil,Harvest,57,41,32.0,1,8,1.3902,18.24
Wheat,Alluvial Soil,Harvest,58,42,29.0,1,8,1.381,16.82
Wheat,Alluvial Soil,Harvest,59,43,26.0,1,8,1.3721,15.34
Wheat,Alluvial Soil,Harvest,71,33,56.0,0,8,2.1515,39.76
Wheat,Alluvial Soil,Harvest,72,34,53.0,0,8,2.1176,38.16
Wheat,Alluvial Soil,Harvest,73,35,50.0,0,8,2.0857,36.5
Wheat,Alluvial Soil,Harvest,74,36,47.0,0,8,2.0556,34.78
Wheat,Alluvial Soil,Harvest,75,37,44.0,0,8,2.027,33.0
Wheat,Alluvial Soil,Harvest,76,38,41.0,0,8,2.0,31.16
Wheat,Alluvial Soil,Harvest,77,39,38.0,0,8,1.9744,29.26
Wheat,Alluvial Soil,Harvest,78,40,35.0,0,8,1.95,27.3
Wheat,Alluvial Soil,Harvest,79,41,32.0,0,8,1.9268,25.28
Wheat,Alluvial Soil,Harvest,80,42,29.0,0,8,1.9048,23.2
Wheat,Alluvial Soil,Harvest,81,43,26.0,0,8,1.8837,21.06
Wheat,Alluvial Soil,Harvest,82,44,23.0,0,8,1.8636,18.86
Wheat,Alluvial Soil,Harvest,83,45,20.0,0,8,1.8444,16.6
Wheat,Alluvial Soil,Harvest,84,46,17.0,0,8,1.8261,14.28
Wheat,Alluvial Soil,Harvest,85,25,80.0,0,8,3.4,68.0
Wheat,Alluvial Soil,Harvest,86,26,77.0,0,8,3.3077,66.22
Wheat,Alluvial Soil,Harvest,87,27,74.0,0,8,3.2222,64.38
Wheat,Alluvial Soil,Harvest,88,28,71.0,0,8,3.1429,62.48
Wheat,Alluvial Soil,Harvest,89,29,68.0,0,8,3.069,60.52
Wheat,Alluvial Soil,Harvest,90,30,65.0,0,8,3.0,58.5
Wheat,Alluvial Soil,Harvest,91,31,62.0,0,8,2.9355,56.42
Wheat,Alluvial Soil,Harvest,92,32,59.0,0,8,2.875,54.28
Wheat,Alluvial Soil,Harvest,93,33,56.0,0,8,2.8182,52.08
Wheat,Alluvial Soil,Harvest,94,34,53.0,0,8,2.7647,49.82
Wheat,Alluvial Soil,Harvest,95,35,50.0,0,8,2.7143,47.5
Wheat,Alluvial Soil,Harvest,96,36,47.0,0,8,2.6667,45.12
Wheat,Alluvial Soil,Harvest,97,37,44.0,0,8,2.6216,42.68
Wheat,Alluvial Soil,Harvest,98,38,41.0,0,8,2.5789,40.18
Wheat,Alluvial Soil,Harvest,99,39,38.0,0,8,2.5385,37.62
Wheat,Alluvial Soil,Harvest,100,40,35.0,0,8,2.5,35.0
Wheat,Sandy Soil,Germination,1,41,32.0,1,1,0.0244,0.32
Wheat,Sandy Soil,Germination,2,42,29.0,1,1,0.0476,0.58
Wheat,Sandy Soil,Germination,3,43,26.0,1,1,0.0698,0.78
Wheat,Sandy Soil,Germination,4,44,23.0,1,1,0.0909,0.92
Wheat,Sandy Soil,Germination,5,45,20.0,1,1,0.1111,1.0
Wheat,Sandy Soil,Germination,6,46,17.0,1,1,0.1304,1.02
Wheat,Sandy Soil,Germination,7,25,80.0,1,1,0.28,5.6
Wheat,Sandy Soil,Germination,8,26,77.0,1,1,0.3077,6.16
Wheat,Sandy Soil,Germination,9,27,74.0,1,1,0.3333,6.66
Wheat,Sandy Soil,Germination,10,28,71.0,1,1,0.3571,7.1
Wheat,Sandy Soil,Germination,11,29,68.0,1,1,0.3793,7.48
Wheat,Sandy Soil,Germination,12,30,65.0,1,1,0.4,7.8
Wheat,Sandy Soil,Germination,13,31,62.0,1,1,0.4194,8.06
Wheat,Sandy Soil,Germination,14,32,59.0,1,1,0.4375,8.26
Wheat,Sandy Soil,Germination,15,33,56.0,1,1,0.4545,8.4
Wheat,Sandy Soil,Germination,16,34,53.0,1,1,0.4706,8.48
Wheat,Sandy Soil,Germination,17,35,50.0,1,1,0.4857,8.5
Wheat,Sandy Soil,Germination,18,36,47.0,1,1,0.5,8.46
Wheat,Sandy Soil,Germination,19,37,44.0,1,1,0.5135,8.36
Wheat,Sandy Soil,Germination,20,38,41.0,1,1,0.5263,8.2
Wheat,Sandy Soil,Germination,21,39,38.0,1,1,0.5385,7.98
Wheat,Sandy Soil,Germination,22,40,35.0,1,1,0.55,7.7
Wheat,Sandy Soil,Germination,23,41,32.0,1,1,0.561,7.36
Wheat,Sandy Soil,Germination,24,42,29.0,1,1,0.5714,6.96
Wheat,Sandy Soil,Germination,25,43,26.0,1,1,0.5814,6.5
Wheat,Sandy Soil,Germination,26,44,23.0,1,1,0.5909,5.98
Wheat,Sandy Soil,Germination,27,45,20.0,1,1,0.6,5.4
Wheat,Sandy Soil,Germination,28,46,17.0,1,1,0.6087,4.76
Wheat,Sandy Soil,Germination,29,25,80.0,1,1,1.16,23.2
Wheat,Sandy Soil,Germination,30,26,77.0,1,1,1.1538,23.1
Wheat,Sandy Soil,Germination,41,37,44.0,0,1,1.1081,18.04
Wheat,Sandy Soil,Germination,42,38,41.0,0,1,1.1053,17.22
Wheat,Sandy Soil,Germination,43,39,38.0,0,1,1.1026,16.34
Wheat,Sandy Soil,Germination,44,40,35.0,0,1,1.1,15.4
Wheat,Sandy Soil,Germination,45,41,32.0,0,1,1.0976,14.4
Wheat,Sandy Soil,Germination,46,42,29.0,0,1,1.0952,13.34
Wheat,Sandy Soil,Germination,47,43,26.0,0,1,1.093,12.22
Wheat,Sandy Soil,Germination,48,44,23.0,0,1,1.0909,11.04
Wheat,Sandy Soil,Germination,49,45,20.0,0,1,1.0889,9.8
Wheat,Sandy Soil,Germination,50,46,17.0,0,1,1.087,8.5
Wheat,Sandy Soil,Germination,51,25,80.0,0,1,2.04,40.8
Wheat,Sandy Soil,Germination,52,26,77.0,0,1,2.0,40.04
Wheat,Sandy Soil,Germination,53,27,74.0,0,1,1.963,39.22
Wheat,Sandy Soil,Germination,54,28,71.0,0,1,1.9286,38.34
Wheat,Sandy Soil,Germination,55,29,68.0,0,1,1.8966,37.4
Wheat,Sandy Soil,Germination,56,30,65.0,0,1,1.8667,36.4
Wheat,Sandy Soil,Germination,57,31,62.0,0,1,1.8387,35.34
Wheat,Sandy Soil,Germination,58,32,59.0,0,1,1.8125,34.22
Wheat,Sandy Soil,Germination,59,33,56.0,0,1,1.7879,33.04
Wheat,Sandy Soil,Germination,60,34,53.0,0,1,1.7647,31.8
Wheat,Sandy Soil,Germination,61,35,50.0,0,1,1.7429,30.5
Wheat,Sandy Soil,Germination,62,36,47.0,0,1,1.7222,29.14
Wheat,Sandy Soil,Germination,63,37,44.0,0,1,1.7027,27.72
Wheat,Sandy Soil,Germination,64,38,41.0,0,1,1.6842,26.24
Wheat,Sandy Soil,Germination,65,39,38.0,0,1,1.6667,24.7
Wheat,Sandy Soil,Germination,66,40,35.0,0,1,1.65,23.1
Wheat,Sandy Soil,Germination,67,41,32.0,0,1,1.6341,21.44
Wheat,Sandy Soil,Germination,68,42,29.0,0,1,1.619,19.72
Wheat,Sandy Soil,Germination,69,43,26.0,0,1,1.6047,17.94
Wheat,Sandy Soil,Germination,70,44,23.0,0,1,1.5909,16.1
Wheat,Sandy Soil,Germination,71,45,20.0,0,1,1.5778,14.2
Wheat,Sandy Soil,Germination,72,46,17.0,0,1,1.5652,12.24
Wheat,Sandy Soil,Germination,73,25,80.0,0,1,2.92,58.4
Wheat,Sandy Soil,Germination,74,26,77.0,0,1,2.8462,56.98
Wheat,Sandy Soil,Germination,75,27,74.0,0,1,2.7778,55.5
Wheat,Sandy Soil,Germination,76,28,71.0,0,1,2.7143,53.96
Wheat,Sandy Soil,Germination,77,29,68.0,0,1,2.6552,52.36
Wheat,Sandy Soil,Germination,78,30,65.0,0,1,2.6,50.7
Wheat,Sandy Soil,Germination,79,31,62.0,0,1,2.5484,48.98
Wheat,Sandy Soil,Germination,80,32,59.0,0,1,2.5,47.2
Wheat,Sandy Soil,Germination,81,33,56.0,0,1,2.4545,45.36
Wheat,Sandy Soil,Germination,82,34,53.0,0,1,2.4118,43.46
Wheat,Sandy Soil,Germination,83,35,50.0,0,1,2.3714,41.5
Wheat,Sandy Soil,Germination,84,36,47.0,0,1,2.3333,39.48
Wheat,Sandy Soil,Germination,85,37,44.0,0,1,2.2973,37.4
Wheat,Sandy Soil,Germination,86,38,41.0,0,1,2.2632,35.26
Wheat,Sandy Soil,Germination,87,39,38.0,0,1,2.2308,33.06
Wheat,Sandy Soil,Germination,88,40,35.0,0,1,2.2,30.8
Wheat,Sandy Soil,Germination,89,41,32.0,0,1,2.1707,28.48
Wheat,Sandy Soil,Germination,90,42,29.0,0,1,2.1429,26.1
Wheat,Sandy Soil,Germination,91,43,26.0,0,1,2.1163,23.66
Wheat,Sandy Soil,Germination,92,44,23.0,0,1,2.0909,21.16
Wheat,Sandy Soil,Germination,93,45,20.0,0,1,2.0667,18.6
Wheat,Sandy Soil,Germination,94,46,17.0,0,1,2.0435,15.98
Wheat,Sandy Soil,Germination,95,25,80.0,0,1,3.8,76.0
Wheat,Sandy Soil,Germination,96,26,77.0,0,1,3.6923,73.92
Wheat,Sandy Soil,Germination,97,27,74.0,0,1,3.5926,71.78
Wheat,Sandy Soil,Germination,98,28,71.0,0,1,3.5,69.58
Wheat,Sandy Soil,Germination,99,29,68.0,0,1,3.4138,67.32
Wheat,Sandy Soil,Germination,100,30,65.0,0,1,3.3333,65.0
Wheat,Sandy Soil,Seedling Stage,1,31,62.0,1,2,0.0323,0.62
Wheat,Sandy Soil,Seedling Stage,2,32,59.0,1,2,0.0625,1.18
Wheat,Sandy Soil,Seedling Stage,3,33,56.0,1,2,0.0909,1.68
Wheat,Sandy Soil,Seedling Stage,4,34,53.0,1,2,0.1176,2.12
Wheat,Sandy Soil,Seedling Stage,5,35,50.0,1,2,0.1429,2.5
Wheat,Sandy Soil,Seedling Stage,6,36,47.0,1,2,0.1667,2.82
Wheat,Sandy Soil,Seedling Stage,7,37,44.0,1,2,0.1892,3.08
Wheat,Sandy Soil,Seedling Stage,8,38,41.0,1,2,0.2105,3.28
Wheat,Sandy Soil,Seedling Stage,9,39,38.0,1,2,0.2308,3.42
Wheat,Sandy Soil,Seedling Stage,10,40,35.0,1,2,0.25,3.5
Wheat,Sandy Soil,Seedling Stage,11,41,32.0,1,2,0.2683,3.52
Wheat,Sandy Soil,Seedling Stage,12,42,29.0,1,2,0.2857,3.48
Wheat,Sandy Soil,Seedling Stage,13,43,26.0,1,2,0.3023,3.38
Wheat,Sandy Soil,Seedling Stage,14,44,23.0,1,2,0.3182,3.22
Wheat,Sandy Soil,Seedling Stage,15,45,20.0,1,2,0.3333,3.0
Wheat,Sandy Soil,Seedling Stage,16,46,17.0,1,2,0.3478,2.72
Wheat,Sandy Soil,Seedling Stage,17,25,80.0,1,2,0.68,13.6
Wheat,Sandy Soil,Seedling Stage,18,26,77.0,1,2,0.6923,13.86
Wheat,Sandy Soil,Seedling Stage,19,27,74.0,1,2,0.7037,14.06
Wheat,Sandy Soil,Seedling Stage,20,28,71.0,1,2,0.7143,14.2
Wheat,Sandy Soil,Seedling Stage,21,29,68.0,1,2,0.7241,14.28
Wheat,Sandy Soil,Seedling Stage,22,30,65.0,1,2,0.7333,14.3
Wheat,Sandy Soil,Seedling Stage,23,31,62.0,1,2,0.7419,14.26
Wheat,Sandy Soil,Seedling Stage,24,32,59.0,1,2,0.75,14.16
Wheat,Sandy Soil,Seedling Stage,25,33,56.0,1,2,0.7576,14.0
Wheat,Sandy Soil,Seedling Stage,26,34,53.0,1,2,0.7647,13.78
Wheat,Sandy Soil,Seedling Stage,27,35,50.0,1,2,0.7714,13.5
Wheat,Sandy Soil,Seedling Stage,28,36,47.0,1,2,0.7778,13.16
Wheat,Sandy Soil,Seedling Stage,29,37,44.0,1,2,0.7838,12.76
Wheat,Sandy Soil,Seedling Stage,30,38,41.0,1,2,0.7895,12.3
Wheat,Sandy Soil,Seedling Stage,31,39,38.0,1,2,0.7949,11.78
Wheat,Sandy Soil,Seedling Stage,32,40,35.0,1,2,0.8,11.2
Wheat,Sandy Soil,Seedling Stage,33,41,32.0,1,2,0.8049,10.56
Wheat,Sandy Soil,Seedling Stage,34,42,29.0,1,2,0.8095,9.86
Wheat,Sandy Soil,Seedling Stage,35,43,26.0,1,2,0.814,9.1
Wheat,Sandy Soil,Seedling Stage,36,44,23.0,1,2,0.8182,8.28
Wheat,Sandy Soil,Seedling Stage,37,45,20.0,1,2,0.8222,7.4
Wheat,Sandy Soil,Seedling Stage,38,46,17.0,1,2,0.8261,6.46
Wheat,Sandy Soil,Seedling Stage,39,25,80.0,1,2,1.56,31.2
Wheat,Sandy Soil,Seedling Stage,51,37,44.0,0,2,1.3784,22.44
Wheat,Sandy Soil,Seedling Stage,52,38,41.0,0,2,1.3684,21.32
Wheat,Sandy Soil,Seedling Stage,53,39,38.0,0,2,1.359,20.14
Wheat,Sandy Soil,Seedling Stage,54,40,35.0,0,2,1.35,18.9
Wheat,Sandy Soil,Seedling Stage,55,41,32.0,0,2,1.3415,17.6
Wheat,Sandy Soil,Seedling Stage,56,42,29.0,0,2,1.3333,16.24
Wheat,Sandy Soil,Seedling Stage,57,43,26.0,0,2,1.3256,14.82
Wheat,Sandy Soil,Seedling Stage,58,44,23.0,0,2,1.3182,13.34
Wheat,Sandy Soil,Seedling Stage,59,45,20.0,0,2,1.3111,11.8
Wheat,Sandy Soil,Seedling Stage,60,46,17.0,0,2,1.3043,10.2
Wheat,Sandy Soil,Seedling Stage,61,25,80.0,0,2,2.44,48.8
Wheat,Sandy Soil,Seedling Stage,62,26,77.0,0,2,2.3846,47.74
Wheat,Sandy Soil,Seedling Stage,63,27,74.0,0,2,2.3333,46.62
Wheat,Sandy Soil,Seedling Stage,64,28,71.0,0,2,2.2857,45.44
Wheat,Sandy Soil,Seedling Stage,65,29,68.0,0,2,2.2414,44.2
Wheat,Sandy Soil,Seedling Stage,66,30,65.0,0,2,2.2,42.9
Wheat,Sandy Soil,Seedling Stage,67,31,62.0,0,2,2.1613,41.54
Wheat,Sandy Soil,Seedling Stage,68,32,59.0,0,2,2.125,40.12
Wheat,Sandy Soil,Seedling Stage,69,33,56.0,0,2,2.0909,38.64
Wheat,Sandy Soil,Seedling Stage,70,34,53.0,0,2,2.0588,37.1
Wheat,Sandy Soil,Seedling Stage,71,35,50.0,0,2,2.0286,35.5
Wheat,Sandy Soil,Seedling Stage,72,36,47.0,0,2,2.0,33.84
Wheat,Sandy Soil,Seedling Stage,73,37,44.0,0,2,1.973,32.12
Wheat,Sandy Soil,Seedling Stage,74,38,41.0,0,2,1.9474,30.34
Wheat,Sandy Soil,Seedling Stage,75,39,38.0,0,2,1.9231,28.5
Wheat,Sandy Soil,Seedling Stage,76,40,35.0,0,2,1.9,26.6
Wheat,Sandy Soil,Seedling Stage,77,41,32.0,0,2,1.878,24.64
Wheat,Sandy Soil,Seedling Stage,78,42,29.0,0,2,1.8571,22.62
Wheat,Sandy Soil,Seedling Stage,79,43,26.0,0,2,1.8372,20.54
Wheat,Sandy Soil,Seedling Stage,80,44,23.0,0,2,1.8182,18.4
Wheat,Sandy Soil,Seedling Stage,81,45,20.0,0,2,1.8,16.2
Wheat,Sandy Soil,Seedling Stage,82,46,17.0,0,2,1.7826,13.94
Wheat,Sandy Soil,Seedling Stage,83,25,80.0,0,2,3.32,66.4
Wheat,Sandy Soil,Seedling Stage,84,26,77.0,0,2,3.2308,64.68
Wheat,Sandy Soil,Seedling Stage,85,27,74.0,0,2,3.1481,62.9
Wheat,Sandy Soil,Seedling Stage,86,28,71.0,0,2,3.0714,61.06
Wheat,Sandy Soil,Seedling Stage,87,29,68.0,0,2,3.0,59.16
Wheat,Sandy Soil,Seedling Stage,88,30,65.0,0,2,2.9333,57.2
Wheat,Sandy Soil,Seedling Stage,89,31,62.0,0,2,2.871,55.18
Wheat,Sandy Soil,Seedling Stage,90,32,59.0,0,2,2.8125,53.1
Wheat,Sandy Soil,Seedling Stage,91,33,56.0,0,2,2.7576,50.96
Wheat,Sandy Soil,Seedling Stage,92,34,53.0,0,2,2.7059,48.76
Wheat,Sandy Soil,Seedling Stage,93,35,50.0,0,2,2.6571,46.5
Wheat,Sandy Soil,Seedling Stage,94,36,47.0,0,2,2.6111,44.18
Wheat,Sandy Soil,Seedling Stage,95,37,44.0,0,2,2.5676,41.8
Wheat,Sandy Soil,Seedling Stage,96,38,41.0,0,2,2.5263,39.36
Wheat,Sandy Soil,Seedling Stage,97,39,38.0,0,2,2.4872,36.86
Wheat,Sandy Soil,Seedling Stage,98,40,35.0,0,2,2.45,34.3
Wheat,Sandy Soil,Seedling Stage,99,41,32.0,0,2,2.4146,31.68
Wheat,Sandy Soil,Seedling Stage,100,42,29.0,0,2,2.381,29.0
Wheat,Sandy Soil,Vegetative Growth / Root or Tuber Development,1,43,26.0,1,3,0.0233,0.26
Wheat,Sandy Soil,Vegetative Growth / Root or Tuber Development,2,44,23.0,1,3,0.0455,0.46
Wheat,Sandy Soil,Vegetative Growth / Root or Tuber Development,3,45,20.0,1,3,0.0667,0.6
Wheat,Sandy Soil,Vegetative Growth / Root or Tuber Development,4,46,17.0,1,3,0.087,0.68
Wheat,Sandy Soil,Vegetative Growth / Root or Tuber Development,5,25,80.0,1,3,0.2,4.0
Wheat,Sandy Soil,Vegetative Growth / Root or Tuber Development,6,26,77.0,1,3,0.2308,4.62
Wheat,Sandy Soil,Vegetative Growth / Root or Tuber Development,7,27,74.0,1,3,0.2593,5.18
Wheat,Sandy Soil,Vegetative Growth / Root or Tuber Development,8,28,71.0,1,3,0.2857,5.68
Wheat,Sandy Soil,Vegetative Growth / Root or Tuber Development,9,29,68.0,1,3,0.3103,6.12
Wheat,Sandy Soil,Vegetative Growth / Root or Tuber Development,10,30,65.0,1,3,0.3333,6.5
Wheat,Sandy Soil,Vegetative Growth / Root or Tuber Development,11,31,62.0,1,3,0.3548,6.82
Wheat,Sandy Soil,Vegetative Growth / Root or Tuber Development,12,32,59.0,1,3,0.375,7.08
Wheat,Sandy Soil,Vegetative Growth / Root or Tuber Development,13,33,56.0,1,3,0.3939,7.28
Wheat,Sandy Soil,Vegetative Growth / Root or Tuber Development,14,34,53.0,1,3,0.4118,7.42
Wheat,Sandy Soil,Vegetative Growth / Root or Tuber Development,15,35,50.0,1,3,0.4286,7.5
Wheat,Sandy Soil,Vegetative Growth / Root or Tuber Development,16,36,47.0,1,3,0.4444,7.52
Wheat,Sandy Soil,Vegetative Growth / Root or Tuber Development,17,37,44.0,1,3,0.4595,7.48
Wheat,Sandy Soil,Vegetative Growth / Root or Tuber Development,18,38,41.0,1,3,0.4737,7.38
Wheat,Sandy Soil,Vegetative Growth / Root or Tuber Development,19,39,38.0,1,3,0.4872,7.22
Wheat,Sandy Soil,Vegetative Growth / Root or Tuber Development,20,40,35.0,1,3,0.5,7.0
Wheat,Sandy Soil,Vegetative Growth / Root or Tuber Development,21,41,32.0,1,3,0.5122,6.72
Wheat,Sandy Soil,Vegetative Growth / Root or Tuber Development,22,42,29.0,1,3,0.5238,6.38
Wheat,Sandy Soil,Vegetative Growth / Root or Tuber Development,23,43,26.0,1,3,0.5349,5.98
Wheat,Sandy Soil,Vegetative Growth / Root or Tuber Development,24,44,23.0,1,3,0.5455,5.52
Wheat,Sandy Soil,Vegetative Growth / Root or Tuber Development,25,45,20.0,1,3,0.5556,5.0
Wheat,Sandy Soil,Vegetative Growth / Root or Tuber Development,26,46,17.0,1,3,0.5652,4.42
Wheat,Sandy Soil,Vegetative Growth / Root or Tuber Development,27,25,80.0,1,3,1.08,21.6
Wheat,Sandy Soil,Vegetative Growth / Root or Tuber Development,28,26,77.0,1,3,1.0769,21.56
Wheat,Sandy Soil,Vegetative Growth / Root or Tuber Development,29,27,74.0,1,3,1.0741,21.46
Wheat,Sandy Soil,Vegetative Growth / Root or Tuber Development,30,28,71.0,1,3,1.0714,21.3
Wheat,Sandy Soil,Vegetative Growth / Root or Tuber Development,31,29,68.0,1,3,1.069,21.08
Wheat,Sandy Soil,Vegetative Growth / Root or Tuber Development,32,30,65.0,1,3,1.0667,20.8
Wheat,Sandy Soil,Vegetative Growth / Root or Tuber Development,33,31,62.0,1,3,1.0645,20.46
Wheat,Sandy Soil,Vegetative Growth / Root or Tuber Development,34,32,59.0,1,3,1.0625,20.06
Wheat,Sandy Soil,Vegetative Growth / Root or Tuber Development,35,33,56.0,1,3,1.0606,19.6
Wheat,Sandy Soil,Vegetative Growth / Root or Tuber Development,36,34,53.0,1,3,1.0588,19.08
Wheat,Sandy Soil,Vegetative Growth / Root or Tuber Development,37,35,50.0,1,3,1.0571,18.5
Wheat,Sandy Soil,Vegetative Growth / Root or Tuber Development,38,36,47.0,1,3,1.0556,17.86
Wheat,Sandy Soil,Vegetative Growth / Root or Tuber Development,39,37,44.0,1,3,1.0541,17.16
Wheat,Sandy Soil,Vegetative Growth / Root or Tuber Development,40,38,41.0,1,3,1.0526,16.4
Wheat,Sandy Soil,Vegetative Growth / Root or Tuber Development,41,39,38.0,1,3,1.0513,15.58
Wheat,Sandy Soil,Vegetative Growth / Root or Tuber Development,42,40,35.0,1,3,1.05,14.7
Wheat,Sandy Soil,Vegetative Growth / Root or Tuber Development,43,41,32.0,1,3,1.0488,13.76
Wheat,Sandy Soil,Vegetative Growth / Root or Tuber Development,44,42,29.0,1,3,1.0476,12.76
Wheat,Sandy Soil,Vegetative Growth / Root or Tuber Development,45,43,26.0,1,3,1.0465,11.7
Wheat,Sandy Soil,Vegetative Growth / Root or Tuber Development,46,44,23.0,1,3,1.0455,10.58
Wheat,Sandy Soil,Vegetative Growth / Root or Tuber Development,47,45,20.0,1,3,1.0444,9.4
Wheat,Sandy Soil,Vegetative Growth / Root or Tuber Development,48,46,17.0,1,3,1.0435,8.16
Wheat,Sandy Soil,Vegetative Growth / Root or Tuber Development,49,25,80.0,1,3,1.96,39.2
Wheat,Sandy Soil,Vegetative Growth / Root or Tuber Development,61,37,44.0,0,3,1.6486,26.84
Wheat,Sandy Soil,Vegetative Growth / Root or Tuber Development,62,38,41.0,0,3,1.6316,25.42
Wheat,Sandy Soil,Vegetative Growth / Root or Tuber Development,63,39,38.0,0,3,1.6154,23.94
Wheat,Sandy Soil,Vegetative Growth / Root or Tuber Development,64,40,35.0,0,3,1.6,22.4
Wheat,Sandy Soil,Vegetative Growth / Root or Tuber Development,65,41,32.0,0,3,1.5854,20.8
Wheat,Sandy Soil,Vegetative Growth / Root or Tuber Development,66,42,29.0,0,3,1.5714,19.14
Wheat,Sandy Soil,Vegetative Growth / Root or Tuber Development,67,43,26.0,0,3,1.5581,17.42
Wheat,Sandy Soil,Vegetative Growth / Root or Tuber Development,68,44,23.0,0,3,1.5455,15.64
Wheat,Sandy Soil,Vegetative Growth / Root or Tuber Development,69,45,20.0,0,3,1.5333,13.8
Wheat,Sandy Soil,Vegetative Growth / Root or Tuber Development,70,46,17.0,0,3,1.5217,11.9
Wheat,Sandy Soil,Vegetative Growth / Root or Tuber Development,71,25,80.0,0,3,2.84,56.8
Wheat,Sandy Soil,Vegetative Growth / Root or Tuber Development,72,26,77.0,0,3,2.7692,55.44
Wheat,Sandy Soil,Vegetative Growth / Root or Tuber Development,73,27,74.0,0,3,2.7037,54.02
Wheat,Sandy Soil,Vegetative Growth / Root or Tuber Development,74,28,71.0,0,3,2.6429,52.54
Wheat,Sandy Soil,Vegetative Growth / Root or Tuber Development,75,29,68.0,0,3,2.5862,51.0
Wheat,Sandy Soil,Vegetative Growth / Root or Tuber Development,76,30,65.0,0,3,2.5333,49.4
Wheat,Sandy Soil,Vegetative Growth / Root or Tuber Development,77,31,62.0,0,3,2.4839,47.74
Wheat,Sandy Soil,Vegetative Growth / Root or Tuber Development,78,32,59.0,0,3,2.4375,46.02
Wheat,Sandy Soil,Vegetative Growth / Root or Tuber Development,79,33,56.0,0,3,2.3939,44.24
Wheat,Sandy Soil,Vegetative Growth / Root or Tuber Development,80,34,53.0,0,3,2.3529,42.4
Wheat,Sandy Soil,Vegetative Growth / Root or Tuber Development,81,35,50.0,0,3,2.3143,40.5
Wheat,Sandy Soil,Vegetative Growth / Root or Tuber Development,82,36,47.0,0,3,2.2778,38.54
Wheat,Sandy Soil,Vegetative Growth / Root or Tuber Development,83,37,44.0,0,3,2.2432,36.52
Wheat,Sandy Soil,Vegetative Growth / Root or Tuber Development,84,38,41.0,0,3,2.2105,34.44
Wheat,Sandy Soil,Vegetative Growth / Root or Tuber Development,85,39,38.0,0,3,2.1795,32.3
Wheat,Sandy Soil,Vegetative Growth / Root or Tuber Development,86,40,35.0,0,3,2.15,30.1
Wheat,Sandy Soil,Vegetative Growth / Root or Tuber Development,87,41,32.0,0,3,2.122,27.84
Wheat,Sandy Soil,Vegetative Growth / Root or Tuber Development,88,42,29.0,0,3,2.0952,25.52
Wheat,Sandy Soil,Vegetative Growth / Root or Tuber Development,89,43,26.0,0,3,2.0698,23.14
Wheat,Sandy Soil,Vegetative Growth / Root or Tuber Development,90,44,23.0,0,3,2.0455,20.7
Wheat,Sandy Soil,Vegetative Growth / Root or Tuber Development,91,45,20.0,0,3,2.0222,18.2
Wheat,Sandy Soil,Vegetative Growth / Root or Tuber Development,92,46,17.0,0,3,2.0,15.64
Wheat,Sandy Soil,Vegetative Growth / Root or Tuber Development,93,25,80.0,0,3,3.72,74.4
Wheat,Sandy Soil,Vegetative Growth / Root or Tuber Development,94,26,77.0,0,3,3.6154,72.38
Wheat,Sandy Soil,Vegetative Growth / Root or Tuber Development,95,27,74.0,0,3,3.5185,70.3
Wheat,Sandy Soil,Vegetative Growth / Root or Tuber Development,96,28,71.0,0,3,3.4286,68.16
Wheat,Sandy Soil,Vegetative Growth / Root or Tuber Development,97,29,68.0,0,3,3.3448,65.96
Wheat,Sandy Soil,Vegetative Growth / Root or Tuber Development,98,30,65.0,0,3,3.2667,63.7
Wheat,Sandy Soil,Vegetative Growth / Root or Tuber Development,99,31,62.0,0,3,3.1935,61.38
Wheat,Sandy Soil,Vegetative Growth / Root or Tuber Development,100,32,59.0,0,3,3.125,59.0
Wheat,Sandy Soil,Flowering,1,33,56.0,1,4,0.0303,0.56
Wheat,Sandy Soil,Flowering,2,34,53.0,1,4,0.0588,1.06
Wheat,Sandy Soil,Flowering,3,35,50.0,1,4,0.0857,1.5
Wheat,Sandy Soil,Flowering,4,36,47.0,1,4,0.1111,1.88
Wheat,Sandy Soil,Flowering,5,37,44.0,1,4,0.1351,2.2
Wheat,Sandy Soil,Flowering,6,38,41.0,1,4,0.1579,2.46
Wheat,Sandy Soil,Flowering,7,39,38.0,1,4,0.1795,2.66
Wheat,Sandy Soil,Flowering,8,40,35.0,1,4,0.2,2.8
Wheat,Sandy Soil,Flowering,9,41,32.0,1,4,0.2195,2.88
Wheat,Sandy Soil,Flowering,10,42,29.0,1,4,0.2381,2.9
Wheat,Sandy Soil,Flowering,11,43,26.0,1,4,0.2558,2.86
Wheat,Sandy Soil,Flowering,12,44,23.0,1,4,0.2727,2.76
Wheat,Sandy Soil,Flowering,13,45,20.0,1,4,0.2889,2.6
Wheat,Sandy Soil,Flowering,14,46,17.0,1,4,0.3043,2.38
Wheat,Sandy Soil,Flowering,15,25,80.0,1,4,0.6,12.0
Wheat,Sandy Soil,Flowering,16,26,77.0,1,4,0.6154,12.32
Wheat,Sandy Soil,Flowering,17,27,74.0,1,4,0.6296,12.58
Wheat,Sandy Soil,Flowering,18,28,71.0,1,4,0.6429,12.78
Wheat,Sandy Soil,Flowering,19,29,68.0,1,4,0.6552,12.92
Wheat,Sandy Soil,Flowering,20,30,65.0,1,4,0.6667,13.0
Wheat,Sandy Soil,Flowering,21,31,62.0,1,4,0.6774,13.02
Wheat,Sandy Soil,Flowering,22,32,59.0,1,4,0.6875,12.98
Wheat,Sandy Soil,Flowering,23,33,56.0,1,4,0.697,12.88
Wheat,Sandy Soil,Flowering,24,34,53.0,1,4,0.7059,12.72
Wheat,Sandy Soil,Flowering,25,35,50.0,1,4,0.7143,12.5
Wheat,Sandy Soil,Flowering,26,36,47.0,1,4,0.7222,12.22
Wheat,Sandy Soil,Flowering,27,37,44.0,1,4,0.7297,11.88
Wheat,Sandy Soil,Flowering,28,38,41.0,1,4,0.7368,11.48
Wheat,Sandy Soil,Flowering,29,39,38.0,1,4,0.7436,11.02
Wheat,Sandy Soil,Flowering,30,40,35.0,1,4,0.75,10.5
Wheat,Sandy Soil,Flowering,31,41,32.0,1,4,0.7561,9.92
Wheat,Sandy Soil,Flowering,32,42,29.0,1,4,0.7619,9.28
Wheat,Sandy Soil,Flowering,33,43,26.0,1,4,0.7674,8.58
Wheat,Sandy Soil,Flowering,34,44,23.0,1,4,0.7727,7.82
Wheat,Sandy Soil,Flowering,35,45,20.0,1,4,0.7778,7.0
Wheat,Sandy Soil,Flowering,36,46,17.0,1,4,0.7826,6.12
Wheat,Sandy Soil,Flowering,37,25,80.0,1,4,1.48,29.6
Wheat,Sandy Soil,Flowering,38,26,77.0,1,4,1.4615,29.26
Wheat,Sandy Soil,Flowering,39,27,74.0,1,4,1.4444,28.86
Wheat,Sandy Soil,Flowering,40,28,71.0,1,4,1.4286,28.4
Wheat,Sandy Soil,Flowering,41,29,68.0,1,4,1.4138,27.88
Wheat,Sandy Soil,Flowering,42,30,65.0,1,4,1.4,27.3
Wheat,Sandy Soil,Flowering,43,31,62.0,1,4,1.3871,26.66
Wheat,Sandy Soil,Flowering,44,32,59.0,1,4,1.375,25.96
Wheat,Sandy Soil,Flowering,45,33,56.0,1,4,1.3636,25.2
Wheat,Sandy Soil,Flowering,46,34,53.0,1,4,1.3529,24.38
Wheat,Sandy Soil,Flowering,47,35,50.0,1,4,1.3429,23.5
Wheat,Sandy Soil,Flowering,48,36,47.0,1,4,1.3333,22.56
Wheat,Sandy Soil,Flowering,49,37,44.0,1,4,1.3243,21.56
Wheat,Sandy Soil,Flowering,50,38,41.0,1,4,1.3158,20.5
Wheat,Sandy Soil,Flowering,51,39,38.0,1,4,1.3077,19.38
Wheat,Sandy Soil,Flowering,52,40,35.0,1,4,1.3,18.2
Wheat,Sandy Soil,Flowering,53,41,32.0,1,4,1.2927,16.96
Wheat,Sandy Soil,Flowering,54,42,29.0,1,4,1.2857,15.66
Wheat,Sandy Soil,Flowering,55,43,26.0,1,4,1.2791,14.3
Wheat,Sandy Soil,Flowering,56,44,23.0,1,4,1.2727,12.88
Wheat,Sandy Soil,Flowering,57,45,20.0,1,4,1.2667,11.4
Wheat,Sandy Soil,Flowering,58,46,17.0,1,4,1.2609,9.86
Wheat,Sandy Soil,Flowering,59,25,80.0,1,4,2.36,47.2
Wheat,Sandy Soil,Flowering,71,37,44.0,0,4,1.9189,31.24
Wheat,Sandy Soil,Flowering,72,38,41.0,0,4,1.8947,29.52
Wheat,Sandy Soil,Flowering,73,39,38.0,0,4,1.8718,27.74
Wheat,Sandy Soil,Flowering,74,40,35.0,0,4,1.85,25.9
Wheat,Sandy Soil,Flowering,75,41,32.0,0,4,1.8293,24.0
Wheat,Sandy Soil,Flowering,76,42,29.0,0,4,1.8095,22.04
Wheat,Sandy Soil,Flowering,77,43,26.0,0,4,1.7907,20.02
Wheat,Sandy Soil,Flowering,78,44,23.0,0,4,1.7727,17.94
Wheat,Sandy Soil,Flowering,79,45,20.0,0,4,1.7556,15.8
Wheat,Sandy Soil,Flowering,80,46,17.0,0,4,1.7391,13.6
Wheat,Sandy Soil,Flowering,81,25,80.0,0,4,3.24,64.8
Wheat,Sandy Soil,Flowering,82,26,77.0,0,4,3.1538,63.14
Wheat,Sandy Soil,Flowering,83,27,74.0,0,4,3.0741,61.42
Wheat,Sandy Soil,Flowering,84,28,71.0,0,4,3.0,59.64
Wheat,Sandy Soil,Flowering,85,29,68.0,0,4,2.931,57.8
Wheat,Sandy Soil,Flowering,86,30,65.0,0,4,2.8667,55.9
Wheat,Sandy Soil,Flowering,87,31,62.0,0,4,2.8065,53.94
Wheat,Sandy Soil,Flowering,88,32,59.0,0,4,2.75,51.92
Wheat,Sandy Soil,Flowering,89,33,56.0,0,4,2.697,49.84
Wheat,Sandy Soil,Flowering,90,34,53.0,0,4,2.6471,47.7
Wheat,Sandy Soil,Flowering,91,35,50.0,0,4,2.6,45.5
Wheat,Sandy Soil,Flowering,92,36,47.0,0,4,2.5556,43.24
Wheat,Sandy Soil,Flowering,93,37,44.0,0,4,2.5135,40.92
Wheat,Sandy Soil,Flowering,94,38,41.0,0,4,2.4737,38.54
Wheat,Sandy Soil,Flowering,95,39,38.0,0,4,2.4359,36.1
Wheat,Sandy Soil,Flowering,96,40,35.0,0,4,2.4,33.6
Wheat,Sandy Soil,Flowering,97,41,32.0,0,4,2.3659,31.04
Wheat,Sandy Soil,Flowering,98,42,29.0,0,4,2.3333,28.42
Wheat,Sandy Soil,Flowering,99,43,26.0,0,4,2.3023,25.74
Wheat,Sandy Soil,Flowering,100,44,23.0,0,4,2.2727,23.0
Wheat,Sandy Soil,Pollination,1,45,20.0,1,5,0.0222,0.2
Wheat,Sandy Soil,Pollination,2,46,17.0,1,5,0.0435,0.34
Wheat,Sandy Soil,Pollination,3,25,80.0,1,5,0.12,2.4
Wheat,Sandy Soil,Pollination,4,26,77.0,1,5,0.1538,3.08
Wheat,Sandy Soil,Pollination,5,27,74.0,1,5,0.1852,3.7
Wheat,Sandy Soil,Pollination,6,28,71.0,1,5,0.2143,4.26
Wheat,Sandy Soil,Pollination,7,29,68.0,1,5,0.2414,4.76
Wheat,Sandy Soil,Pollination,8,30,65.0,1,5,0.2667,5.2
Wheat,Sandy Soil,Pollination,9,31,62.0,1,5,0.2903,5.58
Wheat,Sandy Soil,Pollination,10,32,59.0,1,5,0.3125,5.9
Wheat,Sandy Soil,Pollination,11,33,56.0,1,5,0.3333,6.16
Wheat,Sandy Soil,Pollination,12,34,53.0,1,5,0.3529,6.36
Wheat,Sandy Soil,Pollination,13,35,50.0,1,5,0.3714,6.5
Wheat,Sandy Soil,Pollination,14,36,47.0,1,5,0.3889,6.58
Wheat,Sandy Soil,Pollination,15,37,44.0,1,5,0.4054,6.6
Wheat,Sandy Soil,Pollination,16,38,41.0,1,5,0.4211,6.56
Wheat,Sandy Soil,Pollination,17,39,38.0,1,5,0.4359,6.46
Wheat,Sandy Soil,Pollination,18,40,35.0,1,5,0.45,6.3
Wheat,Sandy Soil,Pollination,19,41,32.0,1,5,0.4634,6.08
Wheat,Sandy Soil,Pollination,20,42,29.0,1,5,0.4762,5.8
Wheat,Sandy Soil,Pollination,21,43,26.0,1,5,0.4884,5.46
Wheat,Sandy Soil,Pollination,22,44,23.0,1,5,0.5,5.06
Wheat,Sandy Soil,Pollination,23,45,20.0,1,5,0.5111,4.6
Wheat,Sandy Soil,Pollination,24,46,17.0,1,5,0.5217,4.08
Wheat,Sandy Soil,Pollination,25,25,80.0,1,5,1.0,20.0
Wheat,Sandy Soil,Pollination,26,26,77.0,1,5,1.0,20.02
Wheat,Sandy Soil,Pollination,27,27,74.0,1,5,1.0,19.98
Wheat,Sandy Soil,Pollination,28,28,71.0,1,5,1.0,19.88
Wheat,Sandy Soil,Pollination,29,29,68.0,1,5,1.0,19.72
Wheat,Sandy Soil,Pollination,30,30,65.0,1,5,1.0,19.5
Wheat,Sandy Soil,Pollination,31,31,62.0,1,5,1.0,19.22
Wheat,Sandy Soil,Pollination,32,32,59.0,1,5,1.0,18.88
Wheat,Sandy Soil,Pollination,33,33,56.0,1,5,1.0,18.48
Wheat,Sandy Soil,Pollination,34,34,53.0,1,5,1.0,18.02
Wheat,Sandy Soil,Pollination,35,35,50.0,1,5,1.0,17.5
Wheat,Sandy Soil,Pollination,36,36,47.0,1,5,1.0,16.92
Wheat,Sandy Soil,Pollination,37,37,44.0,1,5,1.0,16.28
Wheat,Sandy Soil,Pollination,38,38,41.0,1,5,1.0,15.58
Wheat,Sandy Soil,Pollination,39,39,38.0,1,5,1.0,14.82
Wheat,Sandy Soil,Pollination,40,40,35.0,1,5,1.0,14.0
Wheat,Sandy Soil,Pollination,41,41,32.0,1,5,1.0,13.12
Wheat,Sandy Soil,Pollination,42,42,29.0,1,5,1.0,12.18
Wheat,Sandy Soil,Pollination,43,43,26.0,1,5,1.0,11.18
Wheat,Sandy Soil,Pollination,44,44,23.0,1,5,1.0,10.12
Wheat,Sandy Soil,Pollination,45,45,20.0,1,5,1.0,9.0
Wheat,Sandy Soil,Pollination,46,46,17.0,1,5,1.0,7.82
Wheat,Sandy Soil,Pollination,47,25,80.0,1,5,1.88,37.6
Wheat,Sandy Soil,Pollination,48,26,77.0,1,5,1.8462,36.96
Wheat,Sandy Soil,Pollination,49,27,74.0,1,5,1.8148,36.26
Wheat,Sandy Soil,Pollination,50,28,71.0,1,5,1.7857,35.5
Wheat,Sandy Soil,Pollination,51,29,68.0,1,5,1.7586,34.68
Wheat,Sandy Soil,Pollination,52,30,65.0,1,5,1.7333,33.8
Wheat,Sandy Soil,Pollination,53,31,62.0,1,5,1.7097,32.86
Wheat,Sandy Soil,Pollination,54,32,59.0,1,5,1.6875,31.86
Wheat,Sandy Soil,Pollination,55,33,56.0,1,5,1.6667,30.8
Wheat,Sandy Soil,Pollination,56,34,53.0,1,5,1.6471,29.68
Wheat,Sandy Soil,Pollination,57,35,50.0,1,5,1.6286,28.5
Wheat,Sandy Soil,Pollination,58,36,47.0,1,5,1.6111,27.26
Wheat,Sandy Soil,Pollination,59,37,44.0,1,5,1.5946,25.96
Wheat,Sandy Soil,Pollination,60,38,41.0,1,5,1.5789,24.6
Wheat,Sandy Soil,Pollination,61,39,38.0,1,5,1.5641,23.18
Wheat,Sandy Soil,Pollination,62,40,35.0,1,5,1.55,21.7
Wheat,Sandy Soil,Pollination,63,41,32.0,1,5,1.5366,20.16
Wheat,Sandy Soil,Pollination,64,42,29.0,1,5,1.5238,18.56
Wheat,Sandy Soil,Pollination,65,43,26.0,1,5,1.5116,16.9
Wheat,Sandy Soil,Pollination,66,44,23.0,1,5,1.5,15.18
Wheat,Sandy Soil,Pollination,67,45,20.0,1,5,1.4889,13.4
Wheat,Sandy Soil,Pollination,68,46,17.0,1,5,1.4783,11.56
Wheat,Sandy Soil,Pollination,69,25,80.0,1,5,2.76,55.2
Wheat,Sandy Soil,Pollination,81,37,44.0,0,5,2.1892,35.64
Wheat,Sandy Soil,Pollination,82,38,41.0,0,5,2.1579,33.62
Wheat,Sandy Soil,Pollination,83,39,38.0,0,5,2.1282,31.54
Wheat,Sandy Soil,Pollination,84,40,35.0,0,5,2.1,29.4
Wheat,Sandy Soil,Pollination,85,41,32.0,0,5,2.0732,27.2
Wheat,Sandy Soil,Pollination,86,42,29.0,0,5,2.0476,24.94
Wheat,Sandy Soil,Pollination,87,43,26.0,0,5,2.0233,22.62
Wheat,Sandy Soil,Pollination,88,44,23.0,0,5,2.0,20.24
Wheat,Sandy Soil,Pollination,89,45,20.0,0,5,1.9778,17.8
Wheat,Sandy Soil,Pollination,90,46,17.0,0,5,1.9565,15.3
Wheat,Sandy Soil,Pollination,91,25,80.0,0,5,3.64,72.8
Wheat,Sandy Soil,Pollination,92,26,77.0,0,5,3.5385,70.84
Wheat,Sandy Soil,Pollination,93,27,74.0,0,5,3.4444,68.82
Wheat,Sandy Soil,Pollination,94,28,71.0,0,5,3.3571,66.74
Wheat,Sandy Soil,Pollination,95,29,68.0,0,5,3.2759,64.6
Wheat,Sandy Soil,Pollination,96,30,65.0,0,5,3.2,62.4
Wheat,Sandy Soil,Pollination,97,31,62.0,0,5,3.129,60.14
Wheat,Sandy Soil,Pollination,98,32,59.0,0,5,3.0625,57.82
Wheat,Sandy Soil,Pollination,99,33,56.0,0,5,3.0,55.44
Wheat,Sandy Soil,Pollination,100,34,53.0,0,5,2.9412,53.0
Wheat,Sandy Soil,Fruit/Grain/Bulb Formation,1,35,50.0,1,6,0.0286,0.5
Wheat,Sandy Soil,Fruit/Grain/Bulb Formation,2,36,47.0,1,6,0.0556,0.94
Wheat,Sandy Soil,Fruit/Grain/Bulb Formation,3,37,44.0,1,6,0.0811,1.32
Wheat,Sandy Soil,Fruit/Grain/Bulb Formation,4,38,41.0,1,6,0.1053,1.64
Wheat,Sandy Soil,Fruit/Grain/Bulb Formation,5,39,38.0,1,6,0.1282,1.9
Wheat,Sandy Soil,Fruit/Grain/Bulb Formation,6,40,35.0,1,6,0.15,2.1
Wheat,Sandy Soil,Fruit/Grain/Bulb Formation,7,41,32.0,1,6,0.1707,2.24
Wheat,Sandy Soil,Fruit/Grain/Bulb Formation,8,42,29.0,1,6,0.1905,2.32
Wheat,Sandy Soil,Fruit/Grain/Bulb Formation,9,43,26.0,1,6,0.2093,2.34
Wheat,Sandy Soil,Fruit/Grain/Bulb Formation,10,44,23.0,1,6,0.2273,2.3
Wheat,Sandy Soil,Fruit/Grain/Bulb Formation,11,45,20.0,1,6,0.2444,2.2
Wheat,Sandy Soil,Fruit/Grain/Bulb Formation,12,46,17.0,1,6,0.2609,2.04
Wheat,Sandy Soil,Fruit/Grain/Bulb Formation,13,25,80.0,1,6,0.52,10.4
Wheat,Sandy Soil,Fruit/Grain/Bulb Formation,14,26,77.0,1,6,0.5385,10.78
Wheat,Sandy Soil,Fruit/Grain/Bulb Formation,15,27,74.0,1,6,0.5556,11.1
Wheat,Sandy Soil,Fruit/Grain/Bulb Formation,16,28,71.0,1,6,0.5714,11.36
Wheat,Sandy Soil,Fruit/Grain/Bulb Formation,17,29,68.0,1,6,0.5862,11.56
Wheat,Sandy Soil,Fruit/Grain/Bulb Formation,18,30,65.0,1,6,0.6,11.7
Wheat,Sandy Soil,Fruit/Grain/Bulb Formation,19,31,62.0,1,6,0.6129,11.78
Wheat,Sandy Soil,Fruit/Grain/Bulb Formation,20,32,59.0,1,6,0.625,11.8
Wheat,Sandy Soil,Fruit/Grain/Bulb Formation,21,33,56.0,1,6,0.6364,11.76
Wheat,Sandy Soil,Fruit/Grain/Bulb Formation,22,34,53.0,1,6,0.6471,11.66
Wheat,Sandy Soil,Fruit/Grain/Bulb Formation,23,35,50.0,1,6,0.6571,11.5
Wheat,Sandy Soil,Fruit/Grain/Bulb Formation,24,36,47.0,1,6,0.6667,11.28
Wheat,Sandy Soil,Fruit/Grain/Bulb Formation,25,37,44.0,1,6,0.6757,11.0
Wheat,Sandy Soil,Fruit/Grain/Bulb Formation,26,38,41.0,1,6,0.6842,10.66
Wheat,Sandy Soil,Fruit/Grain/Bulb Formation,27,39,38.0,1,6,0.6923,10.26
Wheat,Sandy Soil,Fruit/Grain/Bulb Formation,28,40,35.0,1,6,0.7,9.8
Wheat,Sandy Soil,Fruit/Grain/Bulb Formation,29,41,32.0,1,6,0.7073,9.28
Wheat,Sandy Soil,Fruit/Grain/Bulb Formation,30,42,29.0,1,6,0.7143,8.7
Wheat,Sandy Soil,Fruit/Grain/Bulb Formation,31,43,26.0,1,6,0.7209,8.06
Wheat,Sandy Soil,Fruit/Grain/Bulb Formation,32,44,23.0,1,6,0.7273,7.36
Wheat,Sandy Soil,Fruit/Grain/Bulb Formation,33,45,20.0,1,6,0.7333,6.6
Wheat,Sandy Soil,Fruit/Grain/Bulb Formation,34,46,17.0,1,6,0.7391,5.78
Wheat,Sandy Soil,Fruit/Grain/Bulb Formation,35,25,80.0,1,6,1.4,28.0
Wheat,Sandy Soil,Fruit/Grain/Bulb Formation,36,26,77.0,1,6,1.3846,27.72
Wheat,Sandy Soil,Fruit/Grain/Bulb Formation,37,27,74.0,1,6,1.3704,27.38
Wheat,Sandy Soil,Fruit/Grain/Bulb Formation,38,28,71.0,1,6,1.3571,26.98
Wheat,Sandy Soil,Fruit/Grain/Bulb Formation,39,29,68.0,1,6,1.3448,26.52
Wheat,Sandy Soil,Fruit/Grain/Bulb Formation,40,30,65.0,1,6,1.3333,26.0
Wheat,Sandy Soil,Fruit/Grain/Bulb Formation,41,31,62.0,1,6,1.3226,25.42
Wheat,Sandy Soil,Fruit/Grain/Bulb Formation,42,32,59.0,1,6,1.3125,24.78
Wheat,Sandy Soil,Fruit/Grain/Bulb Formation,43,33,56.0,1,6,1.303,24.08
Wheat,Sandy Soil,Fruit/Grain/Bulb Formation,44,34,53.0,1,6,1.2941,23.32
Wheat,Sandy Soil,Fruit/Grain/Bulb Formation,45,35,50.0,1,6,1.2857,22.5
Wheat,Sandy Soil,Fruit/Grain/Bulb Formation,46,36,47.0,1,6,1.2778,21.62
Wheat,Sandy Soil,Fruit/Grain/Bulb Formation,47,37,44.0,1,6,1.2703,20.68
Wheat,Sandy Soil,Fruit/Grain/Bulb Formation,48,38,41.0,1,6,1.2632,19.68
Wheat,Sandy Soil,Fruit/Grain/Bulb Formation,49,39,38.0,1,6,1.2564,18.62
Wheat,Sandy Soil,Fruit/Grain/Bulb Formation,50,40,35.0,1,6,1.25,17.5
Wheat,Sandy Soil,Fruit/Grain/Bulb Formation,51,41,32.0,1,6,1.2439,16.32
Wheat,Sandy Soil,Fruit/Grain/Bulb Formation,52,42,29.0,1,6,1.2381,15.08
Wheat,Sandy Soil,Fruit/Grain/Bulb Formation,53,43,26.0,1,6,1.2326,13.78
Wheat,Sandy Soil,Fruit/Grain/Bulb Formation,54,44,23.0,1,6,1.2273,12.42
Wheat,Sandy Soil,Fruit/Grain/Bulb Formation,55,45,20.0,1,6,1.2222,11.0
Wheat,Sandy Soil,Fruit/Grain/Bulb Formation,56,46,17.0,1,6,1.2174,9.52
Wheat,Sandy Soil,Fruit/Grain/Bulb Formation,57,25,80.0,1,6,2.28,45.6
Wheat,Sandy Soil,Fruit/Grain/Bulb Formation,58,26,77.0,1,6,2.2308,44.66
Wheat,Sandy Soil,Fruit/Grain/Bulb Formation,59,27,74.0,1,6,2.1852,43.66
Wheat,Sandy Soil,Fruit/Grain/Bulb Formation,60,28,71.0,1,6,2.1429,42.6
Wheat,Sandy Soil,Fruit/Grain/Bulb Formation,61,29,68.0,1,6,2.1034,41.48
Wheat,Sandy Soil,Fruit/Grain/Bulb Formation,62,30,65.0,1,6,2.0667,40.3
Wheat,Sandy Soil,Fruit/Grain/Bulb Formation,63,31,62.0,1,6,2.0323,39.06
Wheat,Sandy Soil,Fruit/Grain/Bulb Formation,64,32,59.0,1,6,2.0,37.76
Wheat,Sandy Soil,Fruit/Grain/Bulb Formation,65,33,56.0,1,6,1.9697,36.4
Wheat,Sandy Soil,Fruit/Grain/Bulb Formation,66,34,53.0,1,6,1.9412,34.98
Wheat,Sandy Soil,Fruit/Grain/Bulb Formation,67,35,50.0,1,6,1.9143,33.5
Wheat,Sandy Soil,Fruit/Grain/Bulb Formation,68,36,47.0,1,6,1.8889,31.96
Wheat,Sandy Soil,Fruit/Grain/Bulb Formation,69,37,44.0,1,6,1.8649,30.36
Wheat,Sandy Soil,Fruit/Grain/Bulb Formation,81,27,74.0,0,6,3.0,59.94
Wheat,Sandy Soil,Fruit/Grain/Bulb Formation,82,28,71.0,0,6,2.9286,58.22
Wheat,Sandy Soil,Fruit/Grain/Bulb Formation,83,29,68.0,0,6,2.8621,56.44
Wheat,Sandy Soil,Fruit/Grain/Bulb Formation,84,30,65.0,0,6,2.8,54.6
Wheat,Sandy Soil,Fruit/Grain/Bulb Formation,85,31,62.0,0,6,2.7419,52.7
Wheat,Sandy Soil,Fruit/Grain/Bulb Formation,86,32,59.0,0,6,2.6875,50.74
Wheat,Sandy Soil,Fruit/Grain/Bulb Formation,87,33,56.0,0,6,2.6364,48.72
Wheat,Sandy Soil,Fruit/Grain/Bulb Formation,88,34,53.0,0,6,2.5882,46.64
Wheat,Sandy Soil,Fruit/Grain/Bulb Formation,89,35,50.0,0,6,2.5429,44.5
Wheat,Sandy Soil,Fruit/Grain/Bulb Formation,90,36,47.0,0,6,2.5,42.3
Wheat,Sandy Soil,Fruit/Grain/Bulb Formation,91,37,44.0,0,6,2.4595,40.04
Wheat,Sandy Soil,Fruit/Grain/Bulb Formation,92,38,41.0,0,6,2.4211,37.72
Wheat,Sandy Soil,Fruit/Grain/Bulb Formation,93,39,38.0,0,6,2.3846,35.34
Wheat,Sandy Soil,Fruit/Grain/Bulb Formation,94,40,35.0,0,6,2.35,32.9
Wheat,Sandy Soil,Fruit/Grain/Bulb Formation,95,41,32.0,0,6,2.3171,30.4
Wheat,Sandy Soil,Fruit/Grain/Bulb Formation,96,42,29.0,0,6,2.2857,27.84
Wheat,Sandy Soil,Fruit/Grain/Bulb Formation,97,43,26.0,0,6,2.2558,25.22
Wheat,Sandy Soil,Fruit/Grain/Bulb Formation,98,44,23.0,0,6,2.2273,22.54
Wheat,Sandy Soil,Fruit/Grain/Bulb Formation,99,45,20.0,0,6,2.2,19.8
Wheat,Sandy Soil,Fruit/Grain/Bulb Formation,100,46,17.0,0,6,2.1739,17.0
Wheat,Sandy Soil,Maturation,1,25,80.0,1,7,0.04,0.8
Wheat,Sandy Soil,Maturation,2,26,77.0,1,7,0.0769,1.54
Wheat,Sandy Soil,Maturation,3,27,74.0,1,7,0.1111,2.22
Wheat,Sandy Soil,Maturation,4,28,71.0,1,7,0.1429,2.84
Wheat,Sandy Soil,Maturation,5,29,68.0,1,7,0.1724,3.4
Wheat,Sandy Soil,Maturation,6,30,65.0,1,7,0.2,3.9
Wheat,Sandy Soil,Maturation,7,31,62.0,1,7,0.2258,4.34
Wheat,Sandy Soil,Maturation,8,32,59.0,1,7,0.25,4.72
Wheat,Sandy Soil,Maturation,9,33,56.0,1,7,0.2727,5.04
Wheat,Sandy Soil,Maturation,10,34,53.0,1,7,0.2941,5.3
Wheat,Sandy Soil,Maturation,11,35,50.0,1,7,0.3143,5.5
Wheat,Sandy Soil,Maturation,12,36,47.0,1,7,0.3333,5.64
Wheat,Sandy Soil,Maturation,13,37,44.0,1,7,0.3514,5.72
Wheat,Sandy Soil,Maturation,14,38,41.0,1,7,0.3684,5.74
Wheat,Sandy Soil,Maturation,15,39,38.0,1,7,0.3846,5.7
Wheat,Sandy Soil,Maturation,16,40,35.0,1,7,0.4,5.6
Wheat,Sandy Soil,Maturation,17,41,32.0,1,7,0.4146,5.44
Wheat,Sandy Soil,Maturation,18,42,29.0,1,7,0.4286,5.22
Wheat,Sandy Soil,Maturation,19,43,26.0,1,7,0.4419,4.94
Wheat,Sandy Soil,Maturation,20,44,23.0,1,7,0.4545,4.6
Wheat,Sandy Soil,Maturation,21,45,20.0,1,7,0.4667,4.2
Wheat,Sandy Soil,Maturation,22,46,17.0,1,7,0.4783,3.74
Wheat,Sandy Soil,Maturation,23,25,80.0,1,7,0.92,18.4
Wheat,Sandy Soil,Maturation,24,26,77.0,1,7,0.9231,18.48
Wheat,Sandy Soil,Maturation,25,27,74.0,1,7,0.9259,18.5
Wheat,Sandy Soil,Maturation,26,28,71.0,1,7,0.9286,18.46
Wheat,Sandy Soil,Maturation,27,29,68.0,1,7,0.931,18.36
Wheat,Sandy Soil,Maturation,28,30,65.0,1,7,0.9333,18.2
Wheat,Sandy Soil,Maturation,29,31,62.0,1,7,0.9355,17.98
Wheat,Sandy Soil,Maturation,30,32,59.0,1,7,0.9375,17.7
Wheat,Sandy Soil,Maturation,31,33,56.0,1,7,0.9394,17.36
Wheat,Sandy Soil,Maturation,32,34,53.0,1,7,0.9412,16.96
Wheat,Sandy Soil,Maturation,33,35,50.0,1,7,0.9429,16.5
Wheat,Sandy Soil,Maturation,34,36,47.0,1,7,0.9444,15.98
Wheat,Sandy Soil,Maturation,35,37,44.0,1,7,0.9459,15.4
Wheat,Sandy Soil,Maturation,36,38,41.0,1,7,0.9474,14.76
Wheat,Sandy Soil,Maturation,37,39,38.0,1,7,0.9487,14.06
Wheat,Sandy Soil,Maturation,38,40,35.0,1,7,0.95,13.3
Wheat,Sandy Soil,Maturation,39,41,32.0,1,7,0.9512,12.48
Wheat,Sandy Soil,Maturation,40,42,29.0,1,7,0.9524,11.6
Wheat,Sandy Soil,Maturation,41,43,26.0,1,7,0.9535,10.66
Wheat,Sandy Soil,Maturation,42,44,23.0,1,7,0.9545,9.66
Wheat,Sandy Soil,Maturation,43,45,20.0,1,7,0.9556,8.6
Wheat,Sandy Soil,Maturation,44,46,17.0,1,7,0.9565,7.48
Wheat,Sandy Soil,Maturation,45,25,80.0,1,7,1.8,36.0
Wheat,Sandy Soil,Maturation,46,26,77.0,1,7,1.7692,35.42
Wheat,Sandy Soil,Maturation,47,27,74.0,1,7,1.7407,34.78
Wheat,Sandy Soil,Maturation,48,28,71.0,1,7,1.7143,34.08
Wheat,Sandy Soil,Maturation,49,29,68.0,1,7,1.6897,33.32
Wheat,Sandy Soil,Maturation,50,30,65.0,1,7,1.6667,32.5
Wheat,Sandy Soil,Maturation,51,31,62.0,1,7,1.6452,31.62
Wheat,Sandy Soil,Maturation,52,32,59.0,1,7,1.625,30.68
Wheat,Sandy Soil,Maturation,53,33,56.0,1,7,1.6061,29.68
Wheat,Sandy Soil,Maturation,54,34,53.0,1,7,1.5882,28.62
Wheat,Sandy Soil,Maturation,55,35,50.0,1,7,1.5714,27.5
Wheat,Sandy Soil,Maturation,56,36,47.0,1,7,1.5556,26.32
Wheat,Sandy Soil,Maturation,57,37,44.0,1,7,1.5405,25.08
Wheat,Sandy Soil,Maturation,58,38,41.0,1,7,1.5263,23.78
Wheat,Sandy Soil,Maturation,59,39,38.0,1,7,1.5128,22.42
Wheat,Sandy Soil,Maturation,60,40,35.0,1,7,1.5,21.0
Wheat,Sandy Soil,Maturation,61,41,32.0,1,7,1.4878,19.52
Wheat,Sandy Soil,Maturation,62,42,29.0,1,7,1.4762,17.98
Wheat,Sandy Soil,Maturation,63,43,26.0,1,7,1.4651,16.38
Wheat,Sandy Soil,Maturation,64,44,23.0,1,7,1.4545,14.72
Wheat,Sandy Soil,Maturation,65,45,20.0,1,7,1.4444,13.0
Wheat,Sandy Soil,Maturation,66,46,17.0,1,7,1.4348,11.22
Wheat,Sandy Soil,Maturation,67,25,80.0,1,7,2.68,53.6
Wheat,Sandy Soil,Maturation,68,26,77.0,1,7,2.6154,52.36
Wheat,Sandy Soil,Maturation,69,27,74.0,1,7,2.5556,51.06
Wheat,Sandy Soil,Maturation,81,39,38.0,0,7,2.0769,30.78
Wheat,Sandy Soil,Maturation,82,40,35.0,0,7,2.05,28.7
Wheat,Sandy Soil,Maturation,83,41,32.0,0,7,2.0244,26.56
Wheat,Sandy Soil,Maturation,84,42,29.0,0,7,2.0,24.36
Wheat,Sandy Soil,Maturation,85,43,26.0,0,7,1.9767,22.1
Wheat,Sandy Soil,Maturation,86,44,23.0,0,7,1.9545,19.78
Wheat,Sandy Soil,Maturation,87,45,20.0,0,7,1.9333,17.4
Wheat,Sandy Soil,Maturation,88,46,17.0,0,7,1.913,14.96
Wheat,Sandy Soil,Maturation,89,25,80.0,0,7,3.56,71.2
Wheat,Sandy Soil,Maturation,90,26,77.0,0,7,3.4615,69.3
Wheat,Sandy Soil,Maturation,91,27,74.0,0,7,3.3704,67.34
Wheat,Sandy Soil,Maturation,92,28,71.0,0,7,3.2857,65.32
Wheat,Sandy Soil,Maturation,93,29,68.0,0,7,3.2069,63.24
Wheat,Sandy Soil,Maturation,94,30,65.0,0,7,3.1333,61.1
Wheat,Sandy Soil,Maturation,95,31,62.0,0,7,3.0645,58.9
Wheat,Sandy Soil,Maturation,96,32,59.0,0,7,3.0,56.64
Wheat,Sandy Soil,Maturation,97,33,56.0,0,7,2.9394,54.32
Wheat,Sandy Soil,Maturation,98,34,53.0,0,7,2.8824,51.94
Wheat,Sandy Soil,Maturation,99,35,50.0,0,7,2.8286,49.5
Wheat,Sandy Soil,Maturation,100,36,47.0,0,7,2.7778,47.0
Wheat,Sandy Soil,Harvest,1,37,44.0,1,8,0.027,0.44
Wheat,Sandy Soil,Harvest,2,38,41.0,1,8,0.0526,0.82
Wheat,Sandy Soil,Harvest,3,39,38.0,1,8,0.0769,1.14
Wheat,Sandy Soil,Harvest,4,40,35.0,1,8,0.1,1.4
Wheat,Sandy Soil,Harvest,5,41,32.0,1,8,0.122,1.6
Wheat,Sandy Soil,Harvest,6,42,29.0,1,8,0.1429,1.74
Wheat,Sandy Soil,Harvest,7,43,26.0,1,8,0.1628,1.82
Wheat,Sandy Soil,Harvest,8,44,23.0,1,8,0.1818,1.84
Wheat,Sandy Soil,Harvest,9,45,20.0,1,8,0.2,1.8
Wheat,Sandy Soil,Harvest,10,46,17.0,1,8,0.2174,1.7
Wheat,Sandy Soil,Harvest,11,25,80.0,1,8,0.44,8.8
Wheat,Sandy Soil,Harvest,12,26,77.0,1,8,0.4615,9.24
Wheat,Sandy Soil,Harvest,13,27,74.0,1,8,0.4815,9.62
Wheat,Sandy Soil,Harvest,14,28,71.0,1,8,0.5,9.94
Wheat,Sandy Soil,Harvest,15,29,68.0,1,8,0.5172,10.2
Wheat,Sandy Soil,Harvest,16,30,65.0,1,8,0.5333,10.4
Wheat,Sandy Soil,Harvest,17,31,62.0,1,8,0.5484,10.54
Wheat,Sandy Soil,Harvest,18,32,59.0,1,8,0.5625,10.62
Wheat,Sandy Soil,Harvest,19,33,56.0,1,8,0.5758,10.64
Wheat,Sandy Soil,Harvest,20,34,53.0,1,8,0.5882,10.6
Wheat,Sandy Soil,Harvest,21,35,50.0,1,8,0.6,10.5
Wheat,Sandy Soil,Harvest,22,36,47.0,1,8,0.6111,10.34
Wheat,Sandy Soil,Harvest,23,37,44.0,1,8,0.6216,10.12
Wheat,Sandy Soil,Harvest,24,38,41.0,1,8,0.6316,9.84
Wheat,Sandy Soil,Harvest,25,39,38.0,1,8,0.641,9.5
Wheat,Sandy Soil,Harvest,26,40,35.0,1,8,0.65,9.1
Wheat,Sandy Soil,Harvest,27,41,32.0,1,8,0.6585,8.64
Wheat,Sandy Soil,Harvest,28,42,29.0,1,8,0.6667,8.12
Wheat,Sandy Soil,Harvest,29,43,26.0,1,8,0.6744,7.54
Wheat,Sandy Soil,Harvest,30,44,23.0,1,8,0.6818,6.9
Wheat,Sandy Soil,Harvest,31,45,20.0,1,8,0.6889,6.2
Wheat,Sandy Soil,Harvest,32,46,17.0,1,8,0.6957,5.44
Wheat,Sandy Soil,Harvest,33,25,80.0,1,8,1.32,26.4
Wheat,Sandy Soil,Harvest,34,26,77.0,1,8,1.3077,26.18
Wheat,Sandy Soil,Harvest,35,27,74.0,1,8,1.2963,25.9
Wheat,Sandy Soil,Harvest,36,28,71.0,1,8,1.2857,25.56
Wheat,Sandy Soil,Harvest,37,29,68.0,1,8,1.2759,25.16
Wheat,Sandy Soil,Harvest,38,30,65.0,1,8,1.2667,24.7
Wheat,Sandy Soil,Harvest,39,31,62.0,1,8,1.2581,24.18
Wheat,Sandy Soil,Harvest,40,32,59.0,1,8,1.25,23.6
Wheat,Sandy Soil,Harvest,41,33,56.0,1,8,1.2424,22.96
Wheat,Sandy Soil,Harvest,42,34,53.0,1,8,1.2353,22.26
Wheat,Sandy Soil,Harvest,43,35,50.0,1,8,1.2286,21.5
Wheat,Sandy Soil,Harvest,44,36,47.0,1,8,1.2222,20.68
Wheat,Sandy Soil,Harvest,45,37,44.0,1,8,1.2162,19.8
Wheat,Sandy Soil,Harvest,46,38,41.0,1,8,1.2105,18.86
Wheat,Sandy Soil,Harvest,47,39,38.0,1,8,1.2051,17.86
Wheat,Sandy Soil,Harvest,48,40,35.0,1,8,1.2,16.8
Wheat,Sandy Soil,Harvest,49,41,32.0,1,8,1.1951,15.68
Wheat,Sandy Soil,Harvest,50,42,29.0,1,8,1.1905,14.5
Wheat,Sandy Soil,Harvest,51,43,26.0,1,8,1.186,13.26
Wheat,Sandy Soil,Harvest,52,44,23.0,1,8,1.1818,11.96
Wheat,Sandy Soil,Harvest,53,45,20.0,1,8,1.1778,10.6
Wheat,Sandy Soil,Harvest,54,46,17.0,1,8,1.1739,9.18
Wheat,Sandy Soil,Harvest,55,25,80.0,1,8,2.2,44.0
Wheat,Sandy Soil,Harvest,56,26,77.0,1,8,2.1538,43.12
Wheat,Sandy Soil,Harvest,57,27,74.0,1,8,2.1111,42.18
Wheat,Sandy Soil,Harvest,58,28,71.0,1,8,2.0714,41.18
Wheat,Sandy Soil,Harvest,59,29,68.0,1,8,2.0345,40.12
Wheat,Sandy Soil,Harvest,71,41,32.0,0,8,1.7317,22.72
Wheat,Sandy Soil,Harvest,72,42,29.0,0,8,1.7143,20.88
Wheat,Sandy Soil,Harvest,73,43,26.0,0,8,1.6977,18.98
Wheat,Sandy Soil,Harvest,74,44,23.0,0,8,1.6818,17.02
Wheat,Sandy Soil,Harvest,75,45,20.0,0,8,1.6667,15.0
Wheat,Sandy Soil,Harvest,76,46,17.0,0,8,1.6522,12.92
Wheat,Sandy Soil,Harvest,77,25,80.0,0,8,3.08,61.6
Wheat,Sandy Soil,Harvest,78,26,77.0,0,8,3.0,60.06
Wheat,Sandy Soil,Harvest,79,27,74.0,0,8,2.9259,58.46
Wheat,Sandy Soil,Harvest,80,28,71.0,0,8,2.8571,56.8
Wheat,Sandy Soil,Harvest,81,29,68.0,0,8,2.7931,55.08
Wheat,Sandy Soil,Harvest,82,30,65.0,0,8,2.7333,53.3
Wheat,Sandy Soil,Harvest,83,31,62.0,0,8,2.6774,51.46
Wheat,Sandy Soil,Harvest,84,32,59.0,0,8,2.625,49.56
Wheat,Sandy Soil,Harvest,85,33,56.0,0,8,2.5758,47.6
Wheat,Sandy Soil,Harvest,86,34,53.0,0,8,2.5294,45.58
Wheat,Sandy Soil,Harvest,87,35,50.0,0,8,2.4857,43.5
Wheat,Sandy Soil,Harvest,88,36,47.0,0,8,2.4444,41.36
Wheat,Sandy Soil,Harvest,89,37,44.0,0,8,2.4054,39.16
Wheat,Sandy Soil,Harvest,90,38,41.0,0,8,2.3684,36.9
Wheat,Sandy Soil,Harvest,91,39,38.0,0,8,2.3333,34.58
Wheat,Sandy Soil,Harvest,92,40,35.0,0,8,2.3,32.2
Wheat,Sandy Soil,Harvest,93,41,32.0,0,8,2.2683,29.76
Wheat,Sandy Soil,Harvest,94,42,29.0,0,8,2.2381,27.26
Wheat,Sandy Soil,Harvest,95,43,26.0,0,8,2.2093,24.7
Wheat,Sandy Soil,Harvest,96,44,23.0,0,8,2.1818,22.08
Wheat,Sandy Soil,Harvest,97,45,20.0,0,8,2.1556,19.4
Wheat,Sandy Soil,Harvest,98,46,17.0,0,8,2.1304,16.66
Wheat,Sandy Soil,Harvest,99,25,80.0,0,8,3.96,79.2
Wheat,Sandy Soil,Harvest,100,26,77.0,0,8,3.8462,77.0
Wheat,Red Soil,Germination,1,27,74.0,1,1,0.037,0.74
Wheat,Red Soil,Germination,2,28,71.0,1,1,0.0714,1.42
Wheat,Red Soil,Germination,3,29,68.0,1,1,0.1034,2.04
Wheat,Red Soil,Germination,4,30,65.0,1,1,0.1333,2.6
Wheat,Red Soil,Germination,5,31,62.0,1,1,0.1613,3.1
Wheat,Red Soil,Germination,6,32,59.0,1,1,0.1875,3.54
Wheat,Red Soil,Germination,7,33,56.0,1,1,0.2121,3.92
Wheat,Red Soil,Germination,8,34,53.0,1,1,0.2353,4.24
Wheat,Red Soil,Germination,9,35,50.0,1,1,0.2571,4.5
Wheat,Red Soil,Germination,10,36,47.0,1,1,0.2778,4.7
Wheat,Red Soil,Germination,11,37,44.0,1,1,0.2973,4.84
Wheat,Red Soil,Germination,12,38,41.0,1,1,0.3158,4.92
Wheat,Red Soil,Germination,13,39,38.0,1,1,0.3333,4.94
Wheat,Red Soil,Germination,14,40,35.0,1,1,0.35,4.9
Wheat,Red Soil,Germination,15,41,32.0,1,1,0.3659,4.8
Wheat,Red Soil,Germination,16,42,29.0,1,1,0.381,4.64
Wheat,Red Soil,Germination,17,43,26.0,1,1,0.3953,4.42
Wheat,Red Soil,Germination,18,44,23.0,1,1,0.4091,4.14
Wheat,Red Soil,Germination,19,45,20.0,1,1,0.4222,3.8
Wheat,Red Soil,Germination,20,46,17.0,1,1,0.4348,3.4
Wheat,Red Soil,Germination,21,25,80.0,1,1,0.84,16.8
Wheat,Red Soil,Germination,22,26,77.5,1,1,0.8462,17.05
Wheat,Red Soil,Germination,23,27,75.0,1,1,0.8519,17.25
Wheat,Red Soil,Germination,24,28,72.5,1,1,0.8571,17.4
Wheat,Red Soil,Germination,25,29,70.0,1,1,0.8621,17.5
Wheat,Red Soil,Germination,26,30,67.5,1,1,0.8667,17.55
Wheat,Red Soil,Germination,27,31,65.0,1,1,0.871,17.55
Wheat,Red Soil,Germination,28,32,62.5,1,1,0.875,17.5
Wheat,Red Soil,Germination,29,33,60.0,1,1,0.8788,17.4
Wheat,Red Soil,Germination,41,45,30.0,0,1,0.9111,12.3
Wheat,Red Soil,Germination,42,46,27.5,0,1,0.913,11.55
Wheat,Red Soil,Germination,43,25,80.0,0,1,1.72,34.4
Wheat,Red Soil,Germination,44,26,77.3,0,1,1.6923,34.012
Wheat,Red Soil,Germination,45,27,74.6,0,1,1.6667,33.57
Wheat,Red Soil,Germination,46,28,71.9,0,1,1.6429,33.074
Wheat,Red Soil,Germination,47,29,69.2,0,1,1.6207,32.524
Wheat,Red Soil,Germination,48,30,66.5,0,1,1.6,31.92
Wheat,Red Soil,Germination,49,31,63.8,0,1,1.5806,31.262
Wheat,Red Soil,Germination,50,32,61.1,0,1,1.5625,30.55
Wheat,Red Soil,Germination,51,33,58.4,0,1,1.5455,29.784
Wheat,Red Soil,Germination,52,34,55.7,0,1,1.5294,28.964
Wheat,Red Soil,Germination,53,35,53.0,0,1,1.5143,28.09
Wheat,Red Soil,Germination,54,36,50.3,0,1,1.5,27.162
Wheat,Red Soil,Germination,55,37,47.6,0,1,1.4865,26.18
Wheat,Red Soil,Germination,56,38,44.9,0,1,1.4737,25.144
Wheat,Red Soil,Germination,57,39,42.2,0,1,1.4615,24.054
Wheat,Red Soil,Germination,58,40,39.5,0,1,1.45,22.91
Wheat,Red Soil,Germination,59,41,36.8,0,1,1.439,21.712
Wheat,Red Soil,Germination,60,42,34.1,0,1,1.4286,20.46
Wheat,Red Soil,Germination,61,43,31.4,0,1,1.4186,19.154
Wheat,Red Soil,Germination,62,44,28.7,0,1,1.4091,17.794
Wheat,Red Soil,Germination,63,45,26.0,0,1,1.4,16.38
Wheat,Red Soil,Germination,64,46,23.3,0,1,1.3913,14.912
Wheat,Red Soil,Germination,65,25,80.0,0,1,2.6,52.0
Wheat,Red Soil,Germination,66,26,78.0,0,1,2.5385,51.48
Wheat,Red Soil,Germination,67,27,76.0,0,1,2.4815,50.92
Wheat,Red Soil,Germination,68,28,74.0,0,1,2.4286,50.32
Wheat,Red Soil,Germination,69,29,72.0,0,1,2.3793,49.68
Wheat,Red Soil,Germination,70,30,70.0,0,1,2.3333,49.0
Wheat,Red Soil,Germination,71,31,68.0,0,1,2.2903,48.28
Wheat,Red Soil,Germination,72,32,66.0,0,1,2.25,47.52
Wheat,Red Soil,Germination,73,33,64.0,0,1,2.2121,46.72
Wheat,Red Soil,Germination,74,34,62.0,0,1,2.1765,45.88
Wheat,Red Soil,Germination,75,35,60.0,0,1,2.1429,45.0
Wheat,Red Soil,Germination,76,36,58.0,0,1,2.1111,44.08
Wheat,Red Soil,Germination,77,37,56.0,0,1,2.0811,43.12
Wheat,Red Soil,Germination,78,38,54.0,0,1,2.0526,42.12
Wheat,Red Soil,Germination,79,39,52.0,0,1,2.0256,41.08
Wheat,Red Soil,Germination,80,40,50.0,0,1,2.0,40.0
Wheat,Red Soil,Germination,81,41,48.0,0,1,1.9756,38.88
Wheat,Red Soil,Germination,82,42,46.0,0,1,1.9524,37.72
Wheat,Red Soil,Germination,83,43,44.0,0,1,1.9302,36.52
Wheat,Red Soil,Germination,84,44,42.0,0,1,1.9091,35.28
Wheat,Red Soil,Germination,85,45,40.0,0,1,1.8889,34.0
Wheat,Red Soil,Germination,86,46,38.0,0,1,1.8696,32.68
Wheat,Red Soil,Germination,87,25,80.0,0,1,3.48,69.6
Wheat,Red Soil,Germination,88,26,78.0,0,1,3.3846,68.64
Wheat,Red Soil,Germination,89,27,76.0,0,1,3.2963,67.64
Wheat,Red Soil,Germination,90,28,74.0,0,1,3.2143,66.6
Wheat,Red Soil,Germination,91,29,72.0,0,1,3.1379,65.52
Wheat,Red Soil,Germination,92,30,70.0,0,1,3.0667,64.4
Wheat,Red Soil,Germination,93,31,68.0,0,1,3.0,63.24
Wheat,Red Soil,Germination,94,32,66.0,0,1,2.9375,62.04
Wheat,Red Soil,Germination,95,33,64.0,0,1,2.8788,60.8
Wheat,Red Soil,Germination,96,34,62.0,0,1,2.8235,59.52
Wheat,Red Soil,Germination,97,35,60.0,0,1,2.7714,58.2
Wheat,Red Soil,Germination,98,36,58.0,0,1,2.7222,56.84
Wheat,Red Soil,Germination,99,37,56.0,0,1,2.6757,55.44
Wheat,Red Soil,Germination,100,38,54.0,0,1,2.6316,54.0
Wheat,Red Soil,Seedling Stage,1,39,52.0,1,2,0.0256,0.52
Wheat,Red Soil,Seedling Stage,2,40,50.0,1,2,0.05,1.0
Wheat,Red Soil,Seedling Stage,3,41,48.0,1,2,0.0732,1.44
Wheat,Red Soil,Seedling Stage,4,42,46.0,1,2,0.0952,1.84
Wheat,Red Soil,Seedling Stage,5,43,44.0,1,2,0.1163,2.2
Wheat,Red Soil,Seedling Stage,6,44,42.0,1,2,0.1364,2.52
Wheat,Red Soil,Seedling Stage,7,45,40.0,1,2,0.1556,2.8
Wheat,Red Soil,Seedling Stage,8,46,38.0,1,2,0.1739,3.04
Wheat,Red Soil,Seedling Stage,9,25,80.0,1,2,0.36,7.2
Wheat,Red Soil,Seedling Stage,10,26,77.0,1,2,0.3846,7.7
Wheat,Red Soil,Seedling Stage,11,27,74.0,1,2,0.4074,8.14
Wheat,Red Soil,Seedling Stage,12,28,71.0,1,2,0.4286,8.52
Wheat,Red Soil,Seedling Stage,13,29,68.0,1,2,0.4483,8.84
Wheat,Red Soil,Seedling Stage,14,30,65.0,1,2,0.4667,9.1
Wheat,Red Soil,Seedling Stage,15,31,62.0,1,2,0.4839,9.3
Wheat,Red Soil,Seedling Stage,16,32,59.0,1,2,0.5,9.44
Wheat,Red Soil,Seedling Stage,17,33,56.0,1,2,0.5152,9.52
Wheat,Red Soil,Seedling Stage,18,34,53.0,1,2,0.5294,9.54
Wheat,Red Soil,Seedling Stage,19,35,50.0,1,2,0.5429,9.5
Wheat,Red Soil,Seedling Stage,20,36,47.0,1,2,0.5556,9.4
Wheat,Red Soil,Seedling Stage,21,37,44.0,1,2,0.5676,9.24
Wheat,Red Soil,Seedling Stage,22,38,41.0,1,2,0.5789,9.02
Wheat,Red Soil,Seedling Stage,23,39,38.0,1,2,0.5897,8.74
Wheat,Red Soil,Seedling Stage,24,40,35.0,1,2,0.6,8.4
Wheat,Red Soil,Seedling Stage,25,41,32.0,1,2,0.6098,8.0
Wheat,Red Soil,Seedling Stage,26,42,29.0,1,2,0.619,7.54
Wheat,Red Soil,Seedling Stage,27,43,26.0,1,2,0.6279,7.02
Wheat,Red Soil,Seedling Stage,28,44,23.0,1,2,0.6364,6.44
Wheat,Red Soil,Seedling Stage,29,45,20.0,1,2,0.6444,5.8
Wheat,Red Soil,Seedling Stage,30,46,17.0,1,2,0.6522,5.1
Wheat,Red Soil,Seedling Stage,31,25,80.0,1,2,1.24,24.8
Wheat,Red Soil,Seedling Stage,32,26,77.0,1,2,1.2308,24.64
Wheat,Red Soil,Seedling Stage,33,27,74.0,1,2,1.2222,24.42
Wheat,Red Soil,Seedling Stage,34,28,71.0,1,2,1.2143,24.14
Wheat,Red Soil,Seedling Stage,35,29,68.0,1,2,1.2069,23.8
Wheat,Red Soil,Seedling Stage,36,30,65.0,1,2,1.2,23.4
Wheat,Red Soil,Seedling Stage,37,31,62.0,1,2,1.1935,22.94
Wheat,Red Soil,Seedling Stage,38,32,59.0,1,2,1.1875,22.42
Wheat,Red Soil,Seedling Stage,39,33,56.0,1,2,1.1818,21.84
Wheat,Red Soil,Seedling Stage,51,45,20.0,0,2,1.1333,10.2
Wheat,Red Soil,Seedling Stage,52,46,17.0,0,2,1.1304,8.84
Wheat,Red Soil,Seedling Stage,53,25,80.0,0,2,2.12,42.4
Wheat,Red Soil,Seedling Stage,54,26,77.0,0,2,2.0769,41.58
Wheat,Red Soil,Seedling Stage,55,27,74.0,0,2,2.037,40.7
Wheat,Red Soil,Seedling Stage,56,28,71.0,0,2,2.0,39.76
Wheat,Red Soil,Seedling Stage,57,29,68.0,0,2,1.9655,38.76
Wheat,Red Soil,Seedling Stage,58,30,65.0,0,2,1.9333,37.7
Wheat,Red Soil,Seedling Stage,59,31,62.0,0,2,1.9032,36.58
Wheat,Red Soil,Seedling Stage,60,32,59.0,0,2,1.875,35.4
Wheat,Red Soil,Seedling Stage,61,33,56.0,0,2,1.8485,34.16
Wheat,Red Soil,Seedling Stage,62,34,53.0,0,2,1.8235,32.86
Wheat,Red Soil,Seedling Stage,63,35,50.0,0,2,1.8,31.5
Wheat,Red Soil,Seedling Stage,64,36,47.0,0,2,1.7778,30.08
Wheat,Red Soil,Seedling Stage,65,37,44.0,0,2,1.7568,28.6
Wheat,Red Soil,Seedling Stage,66,38,41.0,0,2,1.7368,27.06
Wheat,Red Soil,Seedling Stage,67,39,38.0,0,2,1.7179,25.46
Wheat,Red Soil,Seedling Stage,68,40,35.0,0,2,1.7,23.8
Wheat,Red Soil,Seedling Stage,69,41,32.0,0,2,1.6829,22.08
Wheat,Red Soil,Seedling Stage,70,42,29.0,0,2,1.6667,20.3
Wheat,Red Soil,Seedling Stage,71,43,26.0,0,2,1.6512,18.46
Wheat,Red Soil,Seedling Stage,72,44,23.0,0,2,1.6364,16.56
Wheat,Red Soil,Seedling Stage,73,45,20.0,0,2,1.6222,14.6
Wheat,Red Soil,Seedling Stage,74,46,17.0,0,2,1.6087,12.58
Wheat,Red Soil,Seedling Stage,75,25,80.0,0,2,3.0,60.0
Wheat,Red Soil,Seedling Stage,76,26,77.3,0,2,2.9231,58.748
Wheat,Red Soil,Seedling Stage,77,27,74.6,0,2,2.8519,57.442
Wheat,Red Soil,Seedling Stage,78,28,71.9,0,2,2.7857,56.082
Wheat,Red Soil,Seedling Stage,79,29,69.2,0,2,2.7241,54.668
Wheat,Red Soil,Seedling Stage,80,30,66.5,0,2,2.6667,53.2
Wheat,Red Soil,Seedling Stage,81,31,63.8,0,2,2.6129,51.678
Wheat,Red Soil,Seedling Stage,82,32,61.1,0,2,2.5625,50.102
Wheat,Red Soil,Seedling Stage,83,33,58.4,0,2,2.5152,48.472
Wheat,Red Soil,Seedling Stage,84,34,55.7,0,2,2.4706,46.788
Wheat,Red Soil,Seedling Stage,85,35,53.0,0,2,2.4286,45.05
Wheat,Red Soil,Seedling Stage,86,36,50.3,0,2,2.3889,43.258
Wheat,Red Soil,Seedling Stage,87,37,47.6,0,2,2.3514,41.412
Wheat,Red Soil,Seedling Stage,88,38,44.9,0,2,2.3158,39.512
Wheat,Red Soil,Seedling Stage,89,39,42.2,0,2,2.2821,37.558
Wheat,Red Soil,Seedling Stage,90,40,39.5,0,2,2.25,35.55
Wheat,Red Soil,Seedling Stage,91,41,36.8,0,2,2.2195,33.488
Wheat,Red Soil,Seedling Stage,92,42,34.1,0,2,2.1905,31.372
Wheat,Red Soil,Seedling Stage,93,43,31.4,0,2,2.1628,29.202
Wheat,Red Soil,Seedling Stage,94,44,28.7,0,2,2.1364,26.978
Wheat,Red Soil,Seedling Stage,95,45,26.0,0,2,2.1111,24.7
Wheat,Red Soil,Seedling Stage,96,46,23.3,0,2,2.087,22.368
Wheat,Red Soil,Seedling Stage,97,25,80.0,0,2,3.88,77.6
Wheat,Red Soil,Seedling Stage,98,26,77.0,0,2,3.7692,75.46
Wheat,Red Soil,Seedling Stage,99,27,74.0,0,2,3.6667,73.26
Wheat,Red Soil,Seedling Stage,100,28,71.0,0,2,3.5714,71.0
Wheat,Red Soil,Vegetative Growth / Root or Tuber Development,1,29,68.0,1,3,0.0345,0.68
Wheat,Red Soil,Vegetative Growth / Root or Tuber Development,2,30,65.0,1,3,0.0667,1.3
Wheat,Red Soil,Vegetative Growth / Root or Tuber Development,3,31,62.0,1,3,0.0968,1.86
Wheat,Red Soil,Vegetative Growth / Root or Tuber Development,4,32,59.0,1,3,0.125,2.36
Wheat,Red Soil,Vegetative Growth / Root or Tuber Development,5,33,56.0,1,3,0.1515,2.8
Wheat,Red Soil,Vegetative Growth / Root or Tuber Development,6,34,53.0,1,3,0.1765,3.18
Wheat,Red Soil,Vegetative Growth / Root or Tuber Development,7,35,50.0,1,3,0.2,3.5
Wheat,Red Soil,Vegetative Growth / Root or Tuber Development,8,36,47.0,1,3,0.2222,3.76
Wheat,Red Soil,Vegetative Growth / Root or Tuber Development,9,37,44.0,1,3,0.2432,3.96
Wheat,Red Soil,Vegetative Growth / Root or Tuber Development,10,38,41.0,1,3,0.2632,4.1
Wheat,Red Soil,Vegetative Growth / Root or Tuber Development,11,39,38.0,1,3,0.2821,4.18
Wheat,Red Soil,Vegetative Growth / Root or Tuber Development,12,40,35.0,1,3,0.3,4.2
Wheat,Red Soil,Vegetative Growth / Root or Tuber Development,13,41,32.0,1,3,0.3171,4.16
Wheat,Red Soil,Vegetative Growth / Root or Tuber Development,14,42,29.0,1,3,0.3333,4.06
Wheat,Red Soil,Vegetative Growth / Root or Tuber Development,15,43,26.0,1,3,0.3488,3.9
Wheat,Red Soil,Vegetative Growth / Root or Tuber Development,16,44,23.0,1,3,0.3636,3.68
Wheat,Red Soil,Vegetative Growth / Root or Tuber Development,17,45,20.0,1,3,0.3778,3.4
Wheat,Red Soil,Vegetative Growth / Root or Tuber Development,18,46,17.0,1,3,0.3913,3.06
Wheat,Red Soil,Vegetative Growth / Root or Tuber Development,19,25,80.0,1,3,0.76,15.2
Wheat,Red Soil,Vegetative Growth / Root or Tuber Development,20,26,77.0,1,3,0.7692,15.4
Wheat,Red Soil,Vegetative Growth / Root or Tuber Development,21,27,74.0,1,3,0.7778,15.54
Wheat,Red Soil,Vegetative Growth / Root or Tuber Development,22,28,71.0,1,3,0.7857,15.62
Wheat,Red Soil,Vegetative Growth / Root or Tuber Development,23,29,68.0,1,3,0.7931,15.64
Wheat,Red Soil,Vegetative Growth / Root or Tuber Development,24,30,65.0,1,3,0.8,15.6
Wheat,Red Soil,Vegetative Growth / Root or Tuber Development,25,31,62.0,1,3,0.8065,15.5
Wheat,Red Soil,Vegetative Growth / Root or Tuber Development,26,32,59.0,1,3,0.8125,15.34
Wheat,Red Soil,Vegetative Growth / Root or Tuber Development,27,33,56.0,1,3,0.8182,15.12
Wheat,Red Soil,Vegetative Growth / Root or Tuber Development,28,34,53.0,1,3,0.8235,14.84
Wheat,Red Soil,Vegetative Growth / Root or Tuber Development,29,35,50.0,1,3,0.8286,14.5
Wheat,Red Soil,Vegetative Growth / Root or Tuber Development,30,36,47.0,1,3,0.8333,14.1
Wheat,Red Soil,Vegetative Growth / Root or Tuber Development,31,37,44.0,1,3,0.8378,13.64
Wheat,Red Soil,Vegetative Growth / Root or Tuber Development,32,38,41.0,1,3,0.8421,13.12
Wheat,Red Soil,Vegetative Growth / Root or Tuber Development,33,39,38.0,1,3,0.8462,12.54
Wheat,Red Soil,Vegetative Growth / Root or Tuber Development,34,40,35.0,1,3,0.85,11.9
Wheat,Red Soil,Vegetative Growth / Root or Tuber Development,35,41,32.0,1,3,0.8537,11.2
Wheat,Red Soil,Vegetative Growth / Root or Tuber Development,36,42,29.0,1,3,0.8571,10.44
Wheat,Red Soil,Vegetative Growth / Root or Tuber Development,37,43,26.0,1,3,0.8605,9.62
Wheat,Red Soil,Vegetative Growth / Root or Tuber Development,38,44,23.0,1,3,0.8636,8.74
Wheat,Red Soil,Vegetative Growth / Root or Tuber Development,39,45,20.0,1,3,0.8667,7.8
Wheat,Red Soil,Vegetative Growth / Root or Tuber Development,40,46,17.0,1,3,0.8696,6.8
Wheat,Red Soil,Vegetative Growth / Root or Tuber Development,41,25,80.0,1,3,1.64,32.8
Wheat,Red Soil,Vegetative Growth / Root or Tuber Development,42,26,77.5,1,3,1.6154,32.55
Wheat,Red Soil,Vegetative Growth / Root or Tuber Development,43,27,75.0,1,3,1.5926,32.25
Wheat,Red Soil,Vegetative Growth / Root or Tuber Development,44,28,72.5,1,3,1.5714,31.9
Wheat,Red Soil,Vegetative Growth / Root or Tuber Development,45,29,70.0,1,3,1.5517,31.5
Wheat,Red Soil,Vegetative Growth / Root or Tuber Development,46,30,67.5,1,3,1.5333,31.05
Wheat,Red Soil,Vegetative Growth / Root or Tuber Development,47,31,65.0,1,3,1.5161,30.55
Wheat,Red Soil,Vegetative Growth / Root or Tuber Development,48,32,62.5,1,3,1.5,30.0
Wheat,Red Soil,Vegetative Growth / Root or Tuber Development,49,33,60.0,1,3,1.4848,29.4
Wheat,Red Soil,Vegetative Growth / Root or Tuber Development,61,45,30.0,0,3,1.3556,18.3
Wheat,Red Soil,Vegetative Growth / Root or Tuber Development,62,46,27.5,0,3,1.3478,17.05
Wheat,Red Soil,Vegetative Growth / Root or Tuber Development,63,25,80.0,0,3,2.52,50.4
Wheat,Red Soil,Vegetative Growth / Root or Tuber Development,64,26,77.3,0,3,2.4615,49.472
Wheat,Red Soil,Vegetative Growth / Root or Tuber Development,65,27,74.6,0,3,2.4074,48.49
Wheat,Red Soil,Vegetative Growth / Root or Tuber Development,66,28,71.9,0,3,2.3571,47.454
Wheat,Red Soil,Vegetative Growth / Root or Tuber Development,67,29,69.2,0,3,2.3103,46.364
Wheat,Red Soil,Vegetative Growth / Root or Tuber Development,68,30,66.5,0,3,2.2667,45.22
Wheat,Red Soil,Vegetative Growth / Root or Tuber Development,69,31,63.8,0,3,2.2258,44.022
Wheat,Red Soil,Vegetative Growth / Root or Tuber Development,70,32,61.1,0,3,2.1875,42.77
Wheat,Red Soil,Vegetative Growth / Root or Tuber Development,71,33,58.4,0,3,2.1515,41.464
Wheat,Red Soil,Vegetative Growth / Root or Tuber Development,72,34,55.7,0,3,2.1176,40.104
Wheat,Red Soil,Vegetative Growth / Root or Tuber Development,73,35,53.0,0,3,2.0857,38.69
Wheat,Red Soil,Vegetative Growth / Root or Tuber Development,74,36,50.3,0,3,2.0556,37.222
Wheat,Red Soil,Vegetative Growth / Root or Tuber Development,75,37,47.6,0,3,2.027,35.7
Wheat,Red Soil,Vegetative Growth / Root or Tuber Development,76,38,44.9,0,3,2.0,34.124
Wheat,Red Soil,Vegetative Growth / Root or Tuber Development,77,39,42.2,0,3,1.9744,32.494
Wheat,Red Soil,Vegetative Growth / Root or Tuber Development,78,40,39.5,0,3,1.95,30.81
Wheat,Red Soil,Vegetative Growth / Root or Tuber Development,79,41,36.8,0,3,1.9268,29.072
Wheat,Red Soil,Vegetative Growth / Root or Tuber Development,80,42,34.1,0,3,1.9048,27.28
Wheat,Red Soil,Vegetative Growth / Root or Tuber Development,81,43,31.4,0,3,1.8837,25.434
Wheat,Red Soil,Vegetative Growth / Root or Tuber Development,82,44,28.7,0,3,1.8636,23.534
Wheat,Red Soil,Vegetative Growth / Root or Tuber Development,83,45,26.0,0,3,1.8444,21.58
Wheat,Red Soil,Vegetative Growth / Root or Tuber Development,84,46,23.3,0,3,1.8261,19.572
Wheat,Red Soil,Vegetative Growth / Root or Tuber Development,85,25,80.0,0,3,3.4,68.0
Wheat,Red Soil,Vegetative Growth / Root or Tuber Development,86,26,78.0,0,3,3.3077,67.08
Wheat,Red Soil,Vegetative Growth / Root or Tuber Development,87,27,76.0,0,3,3.2222,66.12
Wheat,Red Soil,Vegetative Growth / Root or Tuber Development,88,28,74.0,0,3,3.1429,65.12
Wheat,Red Soil,Vegetative Growth / Root or Tuber Development,89,29,72.0,0,3,3.069,64.08
Wheat,Red Soil,Vegetative Growth / Root or Tuber Development,90,30,70.0,0,3,3.0,63.0
Wheat,Red Soil,Vegetative Growth / Root or Tuber Development,91,31,68.0,0,3,2.9355,61.88
Wheat,Red Soil,Vegetative Growth / Root or Tuber Development,92,32,66.0,0,3,2.875,60.72
Wheat,Red Soil,Vegetative Growth / Root or Tuber Development,93,33,64.0,0,3,2.8182,59.52
Wheat,Red Soil,Vegetative Growth / Root or Tuber Development,94,34,62.0,0,3,2.7647,58.28
Wheat,Red Soil,Vegetative Growth / Root or Tuber Development,95,35,60.0,0,3,2.7143,57.0
Wheat,Red Soil,Vegetative Growth / Root or Tuber Development,96,36,58.0,0,3,2.6667,55.68
Wheat,Red Soil,Vegetative Growth / Root or Tuber Development,97,37,56.0,0,3,2.6216,54.32
Wheat,Red Soil,Vegetative Growth / Root or Tuber Development,98,38,54.0,0,3,2.5789,52.92
Wheat,Red Soil,Vegetative Growth / Root or Tuber Development,99,39,52.0,0,3,2.5385,51.48
Wheat,Red Soil,Vegetative Growth / Root or Tuber Development,100,40,50.0,0,3,2.5,50.0
Wheat,Red Soil,Flowering,1,41,48.0,1,4,0.0244,0.48
Wheat,Red Soil,Flowering,2,42,46.0,1,4,0.0476,0.92
Wheat,Red Soil,Flowering,3,43,44.0,1,4,0.0698,1.32
Wheat,Red Soil,Flowering,4,44,42.0,1,4,0.0909,1.68
Wheat,Red Soil,Flowering,5,45,40.0,1,4,0.1111,2.0
Wheat,Red Soil,Flowering,6,46,38.0,1,4,0.1304,2.28
Wheat,Red Soil,Flowering,7,25,80.0,1,4,0.28,5.6
Wheat,Red Soil,Flowering,8,26,78.0,1,4,0.3077,6.24
Wheat,Red Soil,Flowering,9,27,76.0,1,4,0.3333,6.84
Wheat,Red Soil,Flowering,10,28,74.0,1,4,0.3571,7.4
Wheat,Red Soil,Flowering,11,29,72.0,1,4,0.3793,7.92
Wheat,Red Soil,Flowering,12,30,70.0,1,4,0.4,8.4
Wheat,Red Soil,Flowering,13,31,68.0,1,4,0.4194,8.84
Wheat,Red Soil,Flowering,14,32,66.0,1,4,0.4375,9.24
Wheat,Red Soil,Flowering,15,33,64.0,1,4,0.4545,9.6
Wheat,Red Soil,Flowering,16,34,62.0,1,4,0.4706,9.92
Wheat,Red Soil,Flowering,17,35,60.0,1,4,0.4857,10.2
Wheat,Red Soil,Flowering,18,36,58.0,1,4,0.5,10.44
Wheat,Red Soil,Flowering,19,37,56.0,1,4,0.5135,10.64
Wheat,Red Soil,Flowering,20,38,54.0,1,4,0.5263,10.8
Wheat,Red Soil,Flowering,21,39,52.0,1,4,0.5385,10.92
Wheat,Red Soil,Flowering,22,40,50.0,1,4,0.55,11.0
Wheat,Red Soil,Flowering,23,41,48.0,1,4,0.561,11.04
Wheat,Red Soil,Flowering,24,42,46.0,1,4,0.5714,11.04
Wheat,Red Soil,Flowering,25,43,44.0,1,4,0.5814,11.0
Wheat,Red Soil,Flowering,26,44,42.0,1,4,0.5909,10.92
Wheat,Red Soil,Flowering,27,45,40.0,1,4,0.6,10.8
Wheat,Red Soil,Flowering,28,46,38.0,1,4,0.6087,10.64
Wheat,Red Soil,Flowering,29,25,80.0,1,4,1.16,23.2
Wheat,Red Soil,Flowering,30,26,77.0,1,4,1.1538,23.1
Wheat,Red Soil,Flowering,31,27,74.0,1,4,1.1481,22.94
Wheat,Red Soil,Flowering,32,28,71.0,1,4,1.1429,22.72
Wheat,Red Soil,Flowering,33,29,68.0,1,4,1.1379,22.44
Wheat,Red Soil,Flowering,34,30,65.0,1,4,1.1333,22.1
Wheat,Red Soil,Flowering,35,31,62.0,1,4,1.129,21.7
Wheat,Red Soil,Flowering,36,32,59.0,1,4,1.125,21.24
Wheat,Red Soil,Flowering,37,33,56.0,1,4,1.1212,20.72
Wheat,Red Soil,Flowering,38,34,53.0,1,4,1.1176,20.14
Wheat,Red Soil,Flowering,39,35,50.0,1,4,1.1143,19.5
Wheat,Red Soil,Flowering,40,36,47.0,1,4,1.1111,18.8
Wheat,Red Soil,Flowering,41,37,44.0,1,4,1.1081,18.04
Wheat,Red Soil,Flowering,42,38,41.0,1,4,1.1053,17.22
Wheat,Red Soil,Flowering,43,39,38.0,1,4,1.1026,16.34
Wheat,Red Soil,Flowering,44,40,35.0,1,4,1.1,15.4
Wheat,Red Soil,Flowering,45,41,32.0,1,4,1.0976,14.4
Wheat,Red Soil,Flowering,46,42,29.0,1,4,1.0952,13.34
Wheat,Red Soil,Flowering,47,43,26.0,1,4,1.093,12.22
Wheat,Red Soil,Flowering,48,44,23.0,1,4,1.0909,11.04
Wheat,Red Soil,Flowering,49,45,20.0,1,4,1.0889,9.8
Wheat,Red Soil,Flowering,50,46,17.0,1,4,1.087,8.5
Wheat,Red Soil,Flowering,51,25,80.0,1,4,2.04,40.8
Wheat,Red Soil,Flowering,52,26,77.0,1,4,2.0,40.04
Wheat,Red Soil,Flowering,53,27,74.0,1,4,1.963,39.22
Wheat,Red Soil,Flowering,54,28,71.0,1,4,1.9286,38.34
Wheat,Red Soil,Flowering,55,29,68.0,1,4,1.8966,37.4
Wheat,Red Soil,Flowering,56,30,65.0,1,4,1.8667,36.4
Wheat,Red Soil,Flowering,57,31,62.0,1,4,1.8387,35.34
Wheat,Red Soil,Flowering,58,32,59.0,1,4,1.8125,34.22
Wheat,Red Soil,Flowering,59,33,56.0,1,4,1.7879,33.04
Wheat,Red Soil,Flowering,71,45,20.0,0,4,1.5778,14.2
Wheat,Red Soil,Flowering,72,46,17.0,0,4,1.5652,12.24
Wheat,Red Soil,Flowering,73,25,80.0,0,4,2.92,58.4
Wheat,Red Soil,Flowering,74,26,77.0,0,4,2.8462,56.98
Wheat,Red Soil,Flowering,75,27,74.0,0,4,2.7778,55.5
Wheat,Red Soil,Flowering,76,28,71.0,0,4,2.7143,53.96
Wheat,Red Soil,Flowering,77,29,68.0,0,4,2.6552,52.36
Wheat,Red Soil,Flowering,78,30,65.0,0,4,2.6,50.7
Wheat,Red Soil,Flowering,79,31,62.0,0,4,2.5484,48.98
Wheat,Red Soil,Flowering,80,32,59.0,0,4,2.5,47.2
Wheat,Red Soil,Flowering,81,33,56.0,0,4,2.4545,45.36
Wheat,Red Soil,Flowering,82,34,53.0,0,4,2.4118,43.46
Wheat,Red Soil,Flowering,83,35,50.0,0,4,2.3714,41.5
Wheat,Red Soil,Flowering,84,36,47.0,0,4,2.3333,39.48
Wheat,Red Soil,Flowering,85,37,44.0,0,4,2.2973,37.4
Wheat,Red Soil,Flowering,86,38,41.0,0,4,2.2632,35.26
Wheat,Red Soil,Flowering,87,39,38.0,0,4,2.2308,33.06
Wheat,Red Soil,Flowering,88,40,35.0,0,4,2.2,30.8
Wheat,Red Soil,Flowering,89,41,32.0,0,4,2.1707,28.48
Wheat,Red Soil,Flowering,90,42,29.0,0,4,2.1429,26.1
Wheat,Red Soil,Flowering,91,43,26.0,0,4,2.1163,23.66
Wheat,Red Soil,Flowering,92,44,23.0,0,4,2.0909,21.16
Wheat,Red Soil,Flowering,93,45,20.0,0,4,2.0667,18.6
Wheat,Red Soil,Flowering,94,46,17.0,0,4,2.0435,15.98
Wheat,Red Soil,Flowering,95,25,80.0,0,4,3.8,76.0
Wheat,Red Soil,Flowering,96,26,77.3,0,4,3.6923,74.208
Wheat,Red Soil,Flowering,97,27,74.6,0,4,3.5926,72.362
Wheat,Red Soil,Flowering,98,28,71.9,0,4,3.5,70.462
Wheat,Red Soil,Flowering,99,29,69.2,0,4,3.4138,68.508
Wheat,Red Soil,Flowering,100,30,66.5,0,4,3.3333,66.5
Wheat,Red Soil,Pollination,1,31,63.8,1,5,0.0323,0.638
Wheat,Red Soil,Pollination,2,32,61.1,1,5,0.0625,1.222
Wheat,Red Soil,Pollination,3,33,58.4,1,5,0.0909,1.752
Wheat,Red Soil,Pollination,4,34,55.7,1,5,0.1176,2.228
Wheat,Red Soil,Pollination,5,35,53.0,1,5,0.1429,2.65
Wheat,Red Soil,Pollination,6,36,50.3,1,5,0.1667,3.018
Wheat,Red Soil,Pollination,7,37,47.6,1,5,0.1892,3.332
Wheat,Red Soil,Pollination,8,38,44.9,1,5,0.2105,3.592
Wheat,Red Soil,Pollination,9,39,42.2,1,5,0.2308,3.798
Wheat,Red Soil,Pollination,10,40,39.5,1,5,0.25,3.95
Wheat,Red Soil,Pollination,11,41,36.8,1,5,0.2683,4.048
Wheat,Red Soil,Pollination,12,42,34.1,1,5,0.2857,4.092
Wheat,Red Soil,Pollination,13,43,31.4,1,5,0.3023,4.082
Wheat,Red Soil,Pollination,14,44,28.7,1,5,0.3182,4.018
Wheat,Red Soil,Pollination,15,45,26.0,1,5,0.3333,3.9
Wheat,Red Soil,Pollination,16,46,23.3,1,5,0.3478,3.728
Wheat,Red Soil,Pollination,17,25,80.0,1,5,0.68,13.6
Wheat,Red Soil,Pollination,18,26,77.0,1,5,0.6923,13.86
Wheat,Red Soil,Pollination,19,27,74.0,1,5,0.7037,14.06
Wheat,Red Soil,Pollination,20,28,71.0,1,5,0.7143,14.2
Wheat,Red Soil,Pollination,21,29,68.0,1,5,0.7241,14.28
Wheat,Red Soil,Pollination,22,30,65.0,1,5,0.7333,14.3
Wheat,Red Soil,Pollination,23,31,62.0,1,5,0.7419,14.26
Wheat,Red Soil,Pollination,24,32,59.0,1,5,0.75,14.16
Wheat,Red Soil,Pollination,25,33,56.0,1,5,0.7576,14.0
Wheat,Red Soil,Pollination,26,34,53.0,1,5,0.7647,13.78
Wheat,Red Soil,Pollination,27,35,50.0,1,5,0.7714,13.5
Wheat,Red Soil,Pollination,28,36,47.0,1,5,0.7778,13.16
Wheat,Red Soil,Pollination,29,37,44.0,1,5,0.7838,12.76
Wheat,Red Soil,Pollination,30,38,41.0,1,5,0.7895,12.3
Wheat,Red Soil,Pollination,31,39,38.0,1,5,0.7949,11.78
Wheat,Red Soil,Pollination,32,40,35.0,1,5,0.8,11.2
Wheat,Red Soil,Pollination,33,41,32.0,1,5,0.8049,10.56
Wheat,Red Soil,Pollination,34,42,29.0,1,5,0.8095,9.86
Wheat,Red Soil,Pollination,35,43,26.0,1,5,0.814,9.1
Wheat,Red Soil,Pollination,36,44,23.0,1,5,0.8182,8.28
Wheat,Red Soil,Pollination,37,45,20.0,1,5,0.8222,7.4
Wheat,Red Soil,Pollination,38,46,17.0,1,5,0.8261,6.46
Wheat,Red Soil,Pollination,39,25,80.0,1,5,1.56,31.2
Wheat,Red Soil,Pollination,40,26,77.5,1,5,1.5385,31.0
Wheat,Red Soil,Pollination,41,27,75.0,1,5,1.5185,30.75
Wheat,Red Soil,Pollination,42,28,72.5,1,5,1.5,30.45
Wheat,Red Soil,Pollination,43,29,70.0,1,5,1.4828,30.1
Wheat,Red Soil,Pollination,44,30,67.5,1,5,1.4667,29.7
Wheat,Red Soil,Pollination,45,31,65.0,1,5,1.4516,29.25
Wheat,Red Soil,Pollination,46,32,62.5,1,5,1.4375,28.75
Wheat,Red Soil,Pollination,47,33,60.0,1,5,1.4242,28.2
Wheat,Red Soil,Pollination,48,34,57.5,1,5,1.4118,27.6
Wheat,Red Soil,Pollination,49,35,55.0,1,5,1.4,26.95
Wheat,Red Soil,Pollination,50,36,52.5,1,5,1.3889,26.25
Wheat,Red Soil,Pollination,51,37,50.0,1,5,1.3784,25.5
Wheat,Red Soil,Pollination,52,38,47.5,1,5,1.3684,24.7
Wheat,Red Soil,Pollination,53,39,45.0,1,5,1.359,23.85
Wheat,Red Soil,Pollination,54,40,42.5,1,5,1.35,22.95
Wheat,Red Soil,Pollination,55,41,40.0,1,5,1.3415,22.0
Wheat,Red Soil,Pollination,56,42,37.5,1,5,1.3333,21.0
Wheat,Red Soil,Pollination,57,43,35.0,1,5,1.3256,19.95
Wheat,Red Soil,Pollination,58,44,32.5,1,5,1.3182,18.85
Wheat,Red Soil,Pollination,59,45,30.0,1,5,1.3111,17.7
Wheat,Red Soil,Pollination,60,46,27.5,1,5,1.3043,16.5
Wheat,Red Soil,Pollination,61,25,80.0,1,5,2.44,48.8
Wheat,Red Soil,Pollination,62,26,77.3,1,5,2.3846,47.926
Wheat,Red Soil,Pollination,63,27,74.6,1,5,2.3333,46.998
Wheat,Red Soil,Pollination,64,28,71.9,1,5,2.2857,46.016
Wheat,Red Soil,Pollination,65,29,69.2,1,5,2.2414,44.98
Wheat,Red Soil,Pollination,66,30,66.5,1,5,2.2,43.89
Wheat,Red Soil,Pollination,67,31,63.8,1,5,2.1613,42.746
Wheat,Red Soil,Pollination,68,32,61.1,1,5,2.125,41.548
Wheat,Red Soil,Pollination,69,33,58.4,1,5,2.0909,40.296
Wheat,Red Soil,Pollination,81,45,26.0,0,5,1.8,21.06
Wheat,Red Soil,Pollination,82,46,23.3,0,5,1.7826,19.106
Wheat,Red Soil,Pollination,83,25,80.0,0,5,3.32,66.4
Wheat,Red Soil,Pollination,84,26,77.0,0,5,3.2308,64.68
Wheat,Red Soil,Pollination,85,27,74.0,0,5,3.1481,62.9
Wheat,Red Soil,Pollination,86,28,71.0,0,5,3.0714,61.06
Wheat,Red Soil,Pollination,87,29,68.0,0,5,3.0,59.16
Wheat,Red Soil,Pollination,88,30,65.0,0,5,2.9333,57.2
Wheat,Red Soil,Pollination,89,31,62.0,0,5,2.871,55.18
Wheat,Red Soil,Pollination,90,32,59.0,0,5,2.8125,53.1
Wheat,Red Soil,Pollination,91,33,56.0,0,5,2.7576,50.96
Wheat,Red Soil,Pollination,92,34,53.0,0,5,2.7059,48.76
Wheat,Red Soil,Pollination,93,35,50.0,0,5,2.6571,46.5
Wheat,Red Soil,Pollination,94,36,47.0,0,5,2.6111,44.18
Wheat,Red Soil,Pollination,95,37,44.0,0,5,2.5676,41.8
Wheat,Red Soil,Pollination,96,38,41.0,0,5,2.5263,39.36
Wheat,Red Soil,Pollination,97,39,38.0,0,5,2.4872,36.86
Wheat,Red Soil,Pollination,98,40,35.0,0,5,2.45,34.3
Wheat,Red Soil,Pollination,99,41,32.0,0,5,2.4146,31.68
Wheat,Red Soil,Pollination,100,42,29.0,0,5,2.381,29.0
Wheat,Red Soil,Fruit/Grain/Bulb Formation,1,43,26.0,1,6,0.0233,0.26
Wheat,Red Soil,Fruit/Grain/Bulb Formation,2,44,23.0,1,6,0.0455,0.46
Wheat,Red Soil,Fruit/Grain/Bulb Formation,3,45,20.0,1,6,0.0667,0.6
Wheat,Red Soil,Fruit/Grain/Bulb Formation,4,46,17.0,1,6,0.087,0.68
Wheat,Red Soil,Fruit/Grain/Bulb Formation,5,25,80.0,1,6,0.2,4.0
Wheat,Red Soil,Fruit/Grain/Bulb Formation,6,26,77.5,1,6,0.2308,4.65
Wheat,Red Soil,Fruit/Grain/Bulb Formation,7,27,75.0,1,6,0.2593,5.25
Wheat,Red Soil,Fruit/Grain/Bulb Formation,8,28,72.5,1,6,0.2857,5.8
Wheat,Red Soil,Fruit/Grain/Bulb Formation,9,29,70.0,1,6,0.3103,6.3
Wheat,Red Soil,Fruit/Grain/Bulb Formation,10,30,67.5,1,6,0.3333,6.75
Wheat,Red Soil,Fruit/Grain/Bulb Formation,11,31,65.0,1,6,0.3548,7.15
Wheat,Red Soil,Fruit/Grain/Bulb Formation,12,32,62.5,1,6,0.375,7.5
Wheat,Red Soil,Fruit/Grain/Bulb Formation,13,33,60.0,1,6,0.3939,7.8
Wheat,Red Soil,Fruit/Grain/Bulb Formation,14,34,57.5,1,6,0.4118,8.05
Wheat,Red Soil,Fruit/Grain/Bulb Formation,15,35,55.0,1,6,0.4286,8.25
Wheat,Red Soil,Fruit/Grain/Bulb Formation,16,36,52.5,1,6,0.4444,8.4
Wheat,Red Soil,Fruit/Grain/Bulb Formation,17,37,50.0,1,6,0.4595,8.5
Wheat,Red Soil,Fruit/Grain/Bulb Formation,18,38,47.5,1,6,0.4737,8.55
Wheat,Red Soil,Fruit/Grain/Bulb Formation,19,39,45.0,1,6,0.4872,8.55
Wheat,Red Soil,Fruit/Grain/Bulb Formation,20,40,42.5,1,6,0.5,8.5
Wheat,Red Soil,Fruit/Grain/Bulb Formation,21,41,40.0,1,6,0.5122,8.4
Wheat,Red Soil,Fruit/Grain/Bulb Formation,22,42,37.5,1,6,0.5238,8.25
Wheat,Red Soil,Fruit/Grain/Bulb Formation,23,43,35.0,1,6,0.5349,8.05
Wheat,Red Soil,Fruit/Grain/Bulb Formation,24,44,32.5,1,6,0.5455,7.8
Wheat,Red Soil,Fruit/Grain/Bulb Formation,25,45,30.0,1,6,0.5556,7.5
Wheat,Red Soil,Fruit/Grain/Bulb Formation,26,46,27.5,1,6,0.5652,7.15
Wheat,Red Soil,Fruit/Grain/Bulb Formation,27,25,80.0,1,6,1.08,21.6
Wheat,Red Soil,Fruit/Grain/Bulb Formation,28,26,77.3,1,6,1.0769,21.644
Wheat,Red Soil,Fruit/Grain/Bulb Formation,29,27,74.6,1,6,1.0741,21.634
Wheat,Red Soil,Fruit/Grain/Bulb Formation,30,28,71.9,1,6,1.0714,21.57
Wheat,Red Soil,Fruit/Grain/Bulb Formation,31,29,69.2,1,6,1.069,21.452
Wheat,Red Soil,Fruit/Grain/Bulb Formation,32,30,66.5,1,6,1.0667,21.28
Wheat,Red Soil,Fruit/Grain/Bulb Formation,33,31,63.8,1,6,1.0645,21.054
Wheat,Red Soil,Fruit/Grain/Bulb Formation,34,32,61.1,1,6,1.0625,20.774
Wheat,Red Soil,Fruit/Grain/Bulb Formation,35,33,58.4,1,6,1.0606,20.44
Wheat,Red Soil,Fruit/Grain/Bulb Formation,36,34,55.7,1,6,1.0588,20.052
Wheat,Red Soil,Fruit/Grain/Bulb Formation,37,35,53.0,1,6,1.0571,19.61
Wheat,Red Soil,Fruit/Grain/Bulb Formation,38,36,50.3,1,6,1.0556,19.114
Wheat,Red Soil,Fruit/Grain/Bulb Formation,39,37,47.6,1,6,1.0541,18.564
Wheat,Red Soil,Fruit/Grain/Bulb Formation,40,38,44.9,1,6,1.0526,17.96
Wheat,Red Soil,Fruit/Grain/Bulb Formation,41,39,42.2,1,6,1.0513,17.302
Wheat,Red Soil,Fruit/Grain/Bulb Formation,42,40,39.5,1,6,1.05,16.59
Wheat,Red Soil,Fruit/Grain/Bulb Formation,43,41,36.8,1,6,1.0488,15.824
Wheat,Red Soil,Fruit/Grain/Bulb Formation,44,42,34.1,1,6,1.0476,15.004
Wheat,Red Soil,Fruit/Grain/Bulb Formation,45,43,31.4,1,6,1.0465,14.13
Wheat,Red Soil,Fruit/Grain/Bulb Formation,46,44,28.7,1,6,1.0455,13.202
Wheat,Red Soil,Fruit/Grain/Bulb Formation,47,45,26.0,1,6,1.0444,12.22
Wheat,Red Soil,Fruit/Grain/Bulb Formation,48,46,23.3,1,6,1.0435,11.184
Wheat,Red Soil,Fruit/Grain/Bulb Formation,49,25,80.0,1,6,1.96,39.2
Wheat,Red Soil,Fruit/Grain/Bulb Formation,50,26,78.0,1,6,1.9231,39.0
Wheat,Red Soil,Fruit/Grain/Bulb Formation,51,27,76.0,1,6,1.8889,38.76
Wheat,Red Soil,Fruit/Grain/Bulb Formation,52,28,74.0,1,6,1.8571,38.48
Wheat,Red Soil,Fruit/Grain/Bulb Formation,53,29,72.0,1,6,1.8276,38.16
Wheat,Red Soil,Fruit/Grain/Bulb Formation,54,30,70.0,1,6,1.8,37.8
Wheat,Red Soil,Fruit/Grain/Bulb Formation,55,31,68.0,1,6,1.7742,37.4
Wheat,Red Soil,Fruit/Grain/Bulb Formation,56,32,66.0,1,6,1.75,36.96
Wheat,Red Soil,Fruit/Grain/Bulb Formation,57,33,64.0,1,6,1.7273,36.48
Wheat,Red Soil,Fruit/Grain/Bulb Formation,58,34,62.0,1,6,1.7059,35.96
Wheat,Red Soil,Fruit/Grain/Bulb Formation,59,35,60.0,1,6,1.6857,35.4
Wheat,Red Soil,Fruit/Grain/Bulb Formation,60,36,58.0,1,6,1.6667,34.8
Wheat,Red Soil,Fruit/Grain/Bulb Formation,61,37,56.0,1,6,1.6486,34.16
Wheat,Red Soil,Fruit/Grain/Bulb Formation,62,38,54.0,1,6,1.6316,33.48
Wheat,Red Soil,Fruit/Grain/Bulb Formation,63,39,52.0,1,6,1.6154,32.76
Wheat,Red Soil,Fruit/Grain/Bulb Formation,64,40,50.0,1,6,1.6,32.0
Wheat,Red Soil,Fruit/Grain/Bulb Formation,65,41,48.0,1,6,1.5854,31.2
Wheat,Red Soil,Fruit/Grain/Bulb Formation,66,42,46.0,1,6,1.5714,30.36
Wheat,Red Soil,Fruit/Grain/Bulb Formation,67,43,44.0,1,6,1.5581,29.48
Wheat,Red Soil,Fruit/Grain/Bulb Formation,68,44,42.0,1,6,1.5455,28.56
Wheat,Red Soil,Fruit/Grain/Bulb Formation,69,45,40.0,1,6,1.5333,27.6
Wheat,Red Soil,Fruit/Grain/Bulb Formation,81,35,60.0,0,6,2.3143,48.6
Wheat,Red Soil,Fruit/Grain/Bulb Formation,82,36,58.0,0,6,2.2778,47.56
Wheat,Red Soil,Fruit/Grain/Bulb Formation,83,37,56.0,0,6,2.2432,46.48
Wheat,Red Soil,Fruit/Grain/Bulb Formation,84,38,54.0,0,6,2.2105,45.36
Wheat,Red Soil,Fruit/Grain/Bulb Formation,85,39,52.0,0,6,2.1795,44.2
Wheat,Red Soil,Fruit/Grain/Bulb Formation,86,40,50.0,0,6,2.15,43.0
Wheat,Red Soil,Fruit/Grain/Bulb Formation,87,41,48.0,0,6,2.122,41.76
Wheat,Red Soil,Fruit/Grain/Bulb Formation,88,42,46.0,0,6,2.0952,40.48
Wheat,Red Soil,Fruit/Grain/Bulb Formation,89,43,44.0,0,6,2.0698,39.16
Wheat,Red Soil,Fruit/Grain/Bulb Formation,90,44,42.0,0,6,2.0455,37.8
Wheat,Red Soil,Fruit/Grain/Bulb Formation,91,45,40.0,0,6,2.0222,36.4
Wheat,Red Soil,Fruit/Grain/Bulb Formation,92,46,38.0,0,6,2.0,34.96
Wheat,Red Soil,Fruit/Grain/Bulb Formation,93,25,80.0,0,6,3.72,74.4
Wheat,Red Soil,Fruit/Grain/Bulb Formation,94,26,77.0,0,6,3.6154,72.38
Wheat,Red Soil,Fruit/Grain/Bulb Formation,95,27,74.0,0,6,3.5185,70.3
Wheat,Red Soil,Fruit/Grain/Bulb Formation,96,28,71.0,0,6,3.4286,68.16
Wheat,Red Soil,Fruit/Grain/Bulb Formation,97,29,68.0,0,6,3.3448,65.96
Wheat,Red Soil,Fruit/Grain/Bulb Formation,98,30,65.0,0,6,3.2667,63.7
Wheat,Red Soil,Fruit/Grain/Bulb Formation,99,31,62.0,0,6,3.1935,61.38
Wheat,Red Soil,Fruit/Grain/Bulb Formation,100,32,59.0,0,6,3.125,59.0
Wheat,Red Soil,Maturation,1,33,56.0,1,7,0.0303,0.56
Wheat,Red Soil,Maturation,2,34,53.0,1,7,0.0588,1.06
Wheat,Red Soil,Maturation,3,35,50.0,1,7,0.0857,1.5
Wheat,Red Soil,Maturation,4,36,47.0,1,7,0.1111,1.88
Wheat,Red Soil,Maturation,5,37,44.0,1,7,0.1351,2.2
Wheat,Red Soil,Maturation,6,38,41.0,1,7,0.1579,2.46
Wheat,Red Soil,Maturation,7,39,38.0,1,7,0.1795,2.66
Wheat,Red Soil,Maturation,8,40,35.0,1,7,0.2,2.8
Wheat,Red Soil,Maturation,9,41,32.0,1,7,0.2195,2.88
Wheat,Red Soil,Maturation,10,42,29.0,1,7,0.2381,2.9
Wheat,Red Soil,Maturation,11,43,26.0,1,7,0.2558,2.86
Wheat,Red Soil,Maturation,12,44,23.0,1,7,0.2727,2.76
Wheat,Red Soil,Maturation,13,45,20.0,1,7,0.2889,2.6
Wheat,Red Soil,Maturation,14,46,17.0,1,7,0.3043,2.38
Wheat,Red Soil,Maturation,15,25,80.0,1,7,0.6,12.0
Wheat,Red Soil,Maturation,16,26,77.0,1,7,0.6154,12.32
Wheat,Red Soil,Maturation,17,27,74.0,1,7,0.6296,12.58
Wheat,Red Soil,Maturation,18,28,71.0,1,7,0.6429,12.78
Wheat,Red Soil,Maturation,19,29,68.0,1,7,0.6552,12.92
Wheat,Red Soil,Maturation,20,30,65.0,1,7,0.6667,13.0
Wheat,Red Soil,Maturation,21,31,62.0,1,7,0.6774,13.02
Wheat,Red Soil,Maturation,22,32,59.0,1,7,0.6875,12.98
Wheat,Red Soil,Maturation,23,33,56.0,1,7,0.697,12.88
Wheat,Red Soil,Maturation,24,34,53.0,1,7,0.7059,12.72
Wheat,Red Soil,Maturation,25,35,50.0,1,7,0.7143,12.5
Wheat,Red Soil,Maturation,26,36,47.0,1,7,0.7222,12.22
Wheat,Red Soil,Maturation,27,37,44.0,1,7,0.7297,11.88
Wheat,Red Soil,Maturation,28,38,41.0,1,7,0.7368,11.48
Wheat,Red Soil,Maturation,29,39,38.0,1,7,0.7436,11.02
Wheat,Red Soil,Maturation,30,40,35.0,1,7,0.75,10.5
Wheat,Red Soil,Maturation,31,41,32.0,1,7,0.7561,9.92
Wheat,Red Soil,Maturation,32,42,29.0,1,7,0.7619,9.28
Wheat,Red Soil,Maturation,33,43,26.0,1,7,0.7674,8.58
Wheat,Red Soil,Maturation,34,44,23.0,1,7,0.7727,7.82
Wheat,Red Soil,Maturation,35,45,20.0,1,7,0.7778,7.0
Wheat,Red Soil,Maturation,36,46,17.0,1,7,0.7826,6.12
Wheat,Red Soil,Maturation,37,25,80.0,1,7,1.48,29.6
Wheat,Red Soil,Maturation,38,26,77.0,1,7,1.4615,29.26
Wheat,Red Soil,Maturation,39,27,74.0,1,7,1.4444,28.86
Wheat,Red Soil,Maturation,40,28,71.0,1,7,1.4286,28.4
Wheat,Red Soil,Maturation,41,29,68.0,1,7,1.4138,27.88
Wheat,Red Soil,Maturation,42,30,65.0,1,7,1.4,27.3
Wheat,Red Soil,Maturation,43,31,62.0,1,7,1.3871,26.66
Wheat,Red Soil,Maturation,44,32,59.0,1,7,1.375,25.96
Wheat,Red Soil,Maturation,45,33,56.0,1,7,1.3636,25.2
Wheat,Red Soil,Maturation,46,34,53.0,1,7,1.3529,24.38
Wheat,Red Soil,Maturation,47,35,50.0,1,7,1.3429,23.5
Wheat,Red Soil,Maturation,48,36,47.0,1,7,1.3333,22.56
Wheat,Red Soil,Maturation,49,37,44.0,1,7,1.3243,21.56
Wheat,Red Soil,Maturation,50,38,41.0,1,7,1.3158,20.5
Wheat,Red Soil,Maturation,51,39,38.0,1,7,1.3077,19.38
Wheat,Red Soil,Maturation,52,40,35.0,1,7,1.3,18.2
Wheat,Red Soil,Maturation,53,41,32.0,1,7,1.2927,16.96
Wheat,Red Soil,Maturation,54,42,29.0,1,7,1.2857,15.66
Wheat,Red Soil,Maturation,55,43,26.0,1,7,1.2791,14.3
Wheat,Red Soil,Maturation,56,44,23.0,1,7,1.2727,12.88
Wheat,Red Soil,Maturation,57,45,20.0,1,7,1.2667,11.4
Wheat,Red Soil,Maturation,58,46,17.0,1,7,1.2609,9.86
Wheat,Red Soil,Maturation,59,25,80.0,1,7,2.36,47.2
Wheat,Red Soil,Maturation,60,26,77.3,1,7,2.3077,46.38
Wheat,Red Soil,Maturation,61,27,74.6,1,7,2.2593,45.506
Wheat,Red Soil,Maturation,62,28,71.9,1,7,2.2143,44.578
Wheat,Red Soil,Maturation,63,29,69.2,1,7,2.1724,43.596
Wheat,Red Soil,Maturation,64,30,66.5,1,7,2.1333,42.56
Wheat,Red Soil,Maturation,65,31,63.8,1,7,2.0968,41.47
Wheat,Red Soil,Maturation,66,32,61.1,1,7,2.0625,40.326
Wheat,Red Soil,Maturation,67,33,58.4,1,7,2.0303,39.128
Wheat,Red Soil,Maturation,68,34,55.7,1,7,2.0,37.876
Wheat,Red Soil,Maturation,69,35,53.0,1,7,1.9714,36.57
Wheat,Red Soil,Maturation,81,25,80.0,0,7,3.24,64.8
Wheat,Red Soil,Maturation,82,26,77.0,0,7,3.1538,63.14
Wheat,Red Soil,Maturation,83,27,74.0,0,7,3.0741,61.42
Wheat,Red Soil,Maturation,84,28,71.0,0,7,3.0,59.64
Wheat,Red Soil,Maturation,85,29,68.0,0,7,2.931,57.8
Wheat,Red Soil,Maturation,86,30,65.0,0,7,2.8667,55.9
Wheat,Red Soil,Maturation,87,31,62.0,0,7,2.8065,53.94
Wheat,Red Soil,Maturation,88,32,59.0,0,7,2.75,51.92
Wheat,Red Soil,Maturation,89,33,56.0,0,7,2.697,49.84
Wheat,Red Soil,Maturation,90,34,53.0,0,7,2.6471,47.7
Wheat,Red Soil,Maturation,91,35,50.0,0,7,2.6,45.5
Wheat,Red Soil,Maturation,92,36,47.0,0,7,2.5556,43.24
Wheat,Red Soil,Maturation,93,37,44.0,0,7,2.5135,40.92
Wheat,Red Soil,Maturation,94,38,41.0,0,7,2.4737,38.54
Wheat,Red Soil,Maturation,95,39,38.0,0,7,2.4359,36.1
Wheat,Red Soil,Maturation,96,40,35.0,0,7,2.4,33.6
Wheat,Red Soil,Maturation,97,41,32.0,0,7,2.3659,31.04
Wheat,Red Soil,Maturation,98,42,29.0,0,7,2.3333,28.42
Wheat,Red Soil,Maturation,99,43,26.0,0,7,2.3023,25.74
Wheat,Red Soil,Maturation,100,44,23.0,0,7,2.2727,23.0
Wheat,Red Soil,Harvest,1,45,20.0,1,8,0.0222,0.2
Wheat,Red Soil,Harvest,2,46,17.0,1,8,0.0435,0.34
Wheat,Red Soil,Harvest,3,25,80.0,1,8,0.12,2.4
Wheat,Red Soil,Harvest,4,26,77.5,1,8,0.1538,3.1
Wheat,Red Soil,Harvest,5,27,75.0,1,8,0.1852,3.75
Wheat,Red Soil,Harvest,6,28,72.5,1,8,0.2143,4.35
Wheat,Red Soil,Harvest,7,29,70.0,1,8,0.2414,4.9
Wheat,Red Soil,Harvest,8,30,67.5,1,8,0.2667,5.4
Wheat,Red Soil,Harvest,9,31,65.0,1,8,0.2903,5.85
Wheat,Red Soil,Harvest,10,32,62.5,1,8,0.3125,6.25
Wheat,Red Soil,Harvest,11,33,60.0,1,8,0.3333,6.6
Wheat,Red Soil,Harvest,12,34,57.5,1,8,0.3529,6.9
Wheat,Red Soil,Harvest,13,35,55.0,1,8,0.3714,7.15
Wheat,Red Soil,Harvest,14,36,52.5,1,8,0.3889,7.35
Wheat,Red Soil,Harvest,15,37,50.0,1,8,0.4054,7.5
Wheat,Red Soil,Harvest,16,38,47.5,1,8,0.4211,7.6
Wheat,Red Soil,Harvest,17,39,45.0,1,8,0.4359,7.65
Wheat,Red Soil,Harvest,18,40,42.5,1,8,0.45,7.65
Wheat,Red Soil,Harvest,19,41,40.0,1,8,0.4634,7.6
Wheat,Red Soil,Harvest,20,42,37.5,1,8,0.4762,7.5
Wheat,Red Soil,Harvest,21,43,35.0,1,8,0.4884,7.35
Wheat,Red Soil,Harvest,22,44,32.5,1,8,0.5,7.15
Wheat,Red Soil,Harvest,23,45,30.0,1,8,0.5111,6.9
Wheat,Red Soil,Harvest,24,46,27.5,1,8,0.5217,6.6
Wheat,Red Soil,Harvest,25,25,80.0,1,8,1.0,20.0
Wheat,Red Soil,Harvest,26,26,77.3,1,8,1.0,20.098
Wheat,Red Soil,Harvest,27,27,74.6,1,8,1.0,20.142
Wheat,Red Soil,Harvest,28,28,71.9,1,8,1.0,20.132
Wheat,Red Soil,Harvest,29,29,69.2,1,8,1.0,20.068
Wheat,Red Soil,Harvest,30,30,66.5,1,8,1.0,19.95
Wheat,Red Soil,Harvest,31,31,63.8,1,8,1.0,19.778
Wheat,Red Soil,Harvest,32,32,61.1,1,8,1.0,19.552
Wheat,Red Soil,Harvest,33,33,58.4,1,8,1.0,19.272
Wheat,Red Soil,Harvest,34,34,55.7,1,8,1.0,18.938
Wheat,Red Soil,Harvest,35,35,53.0,1,8,1.0,18.55
Wheat,Red Soil,Harvest,36,36,50.3,1,8,1.0,18.108
Wheat,Red Soil,Harvest,37,37,47.6,1,8,1.0,17.612
Wheat,Red Soil,Harvest,38,38,44.9,1,8,1.0,17.062
Wheat,Red Soil,Harvest,39,39,42.2,1,8,1.0,16.458
Wheat,Red Soil,Harvest,40,40,39.5,1,8,1.0,15.8
Wheat,Red Soil,Harvest,41,41,36.8,1,8,1.0,15.088
Wheat,Red Soil,Harvest,42,42,34.1,1,8,1.0,14.322
Wheat,Red Soil,Harvest,43,43,31.4,1,8,1.0,13.502
Wheat,Red Soil,Harvest,44,44,28.7,1,8,1.0,12.628
Wheat,Red Soil,Harvest,45,45,26.0,1,8,1.0,11.7
Wheat,Red Soil,Harvest,46,46,23.3,1,8,1.0,10.718
Wheat,Red Soil,Harvest,47,25,80.0,1,8,1.88,37.6
Wheat,Red Soil,Harvest,48,26,77.0,1,8,1.8462,36.96
Wheat,Red Soil,Harvest,49,27,74.0,1,8,1.8148,36.26
Wheat,Red Soil,Harvest,50,28,71.0,1,8,1.7857,35.5
Wheat,Red Soil,Harvest,51,29,68.0,1,8,1.7586,34.68
Wheat,Red Soil,Harvest,52,30,65.0,1,8,1.7333,33.8
Wheat,Red Soil,Harvest,53,31,62.0,1,8,1.7097,32.86
Wheat,Red Soil,Harvest,54,32,59.0,1,8,1.6875,31.86
Wheat,Red Soil,Harvest,55,33,56.0,1,8,1.6667,30.8
Wheat,Red Soil,Harvest,56,34,53.0,1,8,1.6471,29.68
Wheat,Red Soil,Harvest,57,35,50.0,1,8,1.6286,28.5
Wheat,Red Soil,Harvest,58,36,47.0,1,8,1.6111,27.26
Wheat,Red Soil,Harvest,59,37,44.0,1,8,1.5946,25.96
Wheat,Red Soil,Harvest,71,27,75.0,0,8,2.6296,53.25
Wheat,Red Soil,Harvest,72,28,72.5,0,8,2.5714,52.2
Wheat,Red Soil,Harvest,73,29,70.0,0,8,2.5172,51.1
Wheat,Red Soil,Harvest,74,30,67.5,0,8,2.4667,49.95
Wheat,Red Soil,Harvest,75,31,65.0,0,8,2.4194,48.75
Wheat,Red Soil,Harvest,76,32,62.5,0,8,2.375,47.5
Wheat,Red Soil,Harvest,77,33,60.0,0,8,2.3333,46.2
Wheat,Red Soil,Harvest,78,34,57.5,0,8,2.2941,44.85
Wheat,Red Soil,Harvest,79,35,55.0,0,8,2.2571,43.45
Wheat,Red Soil,Harvest,80,36,52.5,0,8,2.2222,42.0
Wheat,Red Soil,Harvest,81,37,50.0,0,8,2.1892,40.5
Wheat,Red Soil,Harvest,82,38,47.5,0,8,2.1579,38.95
Wheat,Red Soil,Harvest,83,39,45.0,0,8,2.1282,37.35
Wheat,Red Soil,Harvest,84,40,42.5,0,8,2.1,35.7
Wheat,Red Soil,Harvest,85,41,40.0,0,8,2.0732,34.0
Wheat,Red Soil,Harvest,86,42,37.5,0,8,2.0476,32.25
Wheat,Red Soil,Harvest,87,43,35.0,0,8,2.0233,30.45
Wheat,Red Soil,Harvest,88,44,32.5,0,8,2.0,28.6
Wheat,Red Soil,Harvest,89,45,30.0,0,8,1.9778,26.7
Wheat,Red Soil,Harvest,90,46,27.5,0,8,1.9565,24.75
Wheat,Red Soil,Harvest,91,25,80.0,0,8,3.64,72.8
Wheat,Red Soil,Harvest,92,26,77.3,0,8,3.5385,71.116
Wheat,Red Soil,Harvest,93,27,74.6,0,8,3.4444,69.378
Wheat,Red Soil,Harvest,94,28,71.9,0,8,3.3571,67.586
Wheat,Red Soil,Harvest,95,29,69.2,0,8,3.2759,65.74
Wheat,Red Soil,Harvest,96,30,66.5,0,8,3.2,63.84
Wheat,Red Soil,Harvest,97,31,63.8,0,8,3.129,61.886
Wheat,Red Soil,Harvest,98,32,61.1,0,8,3.0625,59.878
Wheat,Red Soil,Harvest,99,33,58.4,0,8,3.0,57.816
Wheat,Red Soil,Harvest,100,34,55.7,0,8,2.9412,55.7
Wheat,Clay Soil,Germination,1,35,53.0,1,1,0.0286,0.53
Wheat,Clay Soil,Germination,2,36,50.3,1,1,0.0556,1.006
Wheat,Clay Soil,Germination,3,37,47.6,1,1,0.0811,1.428
Wheat,Clay Soil,Germination,4,38,44.9,1,1,0.1053,1.796
Wheat,Clay Soil,Germination,5,39,42.2,1,1,0.1282,2.11
Wheat,Clay Soil,Germination,6,40,39.5,1,1,0.15,2.37
Wheat,Clay Soil,Germination,7,41,36.8,1,1,0.1707,2.576
Wheat,Clay Soil,Germination,8,42,34.1,1,1,0.1905,2.728
Wheat,Clay Soil,Germination,9,43,31.4,1,1,0.2093,2.826
Wheat,Clay Soil,Germination,10,44,28.7,1,1,0.2273,2.87
Wheat,Clay Soil,Germination,11,45,26.0,1,1,0.2444,2.86
Wheat,Clay Soil,Germination,12,46,23.3,1,1,0.2609,2.796
Wheat,Clay Soil,Germination,13,25,80.0,1,1,0.52,10.4
Wheat,Clay Soil,Germination,14,26,78.0,1,1,0.5385,10.92
Wheat,Clay Soil,Germination,15,27,76.0,1,1,0.5556,11.4
Wheat,Clay Soil,Germination,16,28,74.0,1,1,0.5714,11.84
Wheat,Clay Soil,Germination,17,29,72.0,1,1,0.5862,12.24
Wheat,Clay Soil,Germination,18,30,70.0,1,1,0.6,12.6
Wheat,Clay Soil,Germination,19,31,68.0,1,1,0.6129,12.92
Wheat,Clay Soil,Germination,20,32,66.0,1,1,0.625,13.2
Wheat,Clay Soil,Germination,21,33,64.0,1,1,0.6364,13.44
Wheat,Clay Soil,Germination,22,34,62.0,1,1,0.6471,13.64
Wheat,Clay Soil,Germination,23,35,60.0,1,1,0.6571,13.8
Wheat,Clay Soil,Germination,24,36,58.0,1,1,0.6667,13.92
Wheat,Clay Soil,Germination,25,37,56.0,1,1,0.6757,14.0
Wheat,Clay Soil,Germination,26,38,54.0,1,1,0.6842,14.04
Wheat,Clay Soil,Germination,27,39,52.0,1,1,0.6923,14.04
Wheat,Clay Soil,Germination,28,40,50.0,1,1,0.7,14.0
Wheat,Clay Soil,Germination,29,41,48.0,1,1,0.7073,13.92
Wheat,Clay Soil,Germination,41,31,68.0,0,1,1.3226,27.88
Wheat,Clay Soil,Germination,42,32,66.0,0,1,1.3125,27.72
Wheat,Clay Soil,Germination,43,33,64.0,0,1,1.303,27.52
Wheat,Clay Soil,Germination,44,34,62.0,0,1,1.2941,27.28
Wheat,Clay Soil,Germination,45,35,60.0,0,1,1.2857,27.0
Wheat,Clay Soil,Germination,46,36,58.0,0,1,1.2778,26.68
Wheat,Clay Soil,Germination,47,37,56.0,0,1,1.2703,26.32
Wheat,Clay Soil,Germination,48,38,54.0,0,1,1.2632,25.92
Wheat,Clay Soil,Germination,49,39,52.0,0,1,1.2564,25.48
Wheat,Clay Soil,Germination,50,40,50.0,0,1,1.25,25.0
Wheat,Clay Soil,Germination,51,41,48.0,0,1,1.2439,24.48
Wheat,Clay Soil,Germination,52,42,46.0,0,1,1.2381,23.92
Wheat,Clay Soil,Germination,53,43,44.0,0,1,1.2326,23.32
Wheat,Clay Soil,Germination,54,44,42.0,0,1,1.2273,22.68
Wheat,Clay Soil,Germination,55,45,40.0,0,1,1.2222,22.0
Wheat,Clay Soil,Germination,56,46,38.0,0,1,1.2174,21.28
Wheat,Clay Soil,Germination,57,25,80.0,0,1,2.28,45.6
Wheat,Clay Soil,Germination,58,26,77.0,0,1,2.2308,44.66
Wheat,Clay Soil,Germination,59,27,74.0,0,1,2.1852,43.66
Wheat,Clay Soil,Germination,60,28,71.0,0,1,2.1429,42.6
Wheat,Clay Soil,Germination,61,29,68.0,0,1,2.1034,41.48
Wheat,Clay Soil,Germination,62,30,65.0,0,1,2.0667,40.3
Wheat,Clay Soil,Germination,63,31,62.0,0,1,2.0323,39.06
Wheat,Clay Soil,Germination,64,32,59.0,0,1,2.0,37.76
Wheat,Clay Soil,Germination,65,33,56.0,0,1,1.9697,36.4
Wheat,Clay Soil,Germination,66,34,53.0,0,1,1.9412,34.98
Wheat,Clay Soil,Germination,67,35,50.0,0,1,1.9143,33.5
Wheat,Clay Soil,Germination,68,36,47.0,0,1,1.8889,31.96
Wheat,Clay Soil,Germination,69,37,44.0,0,1,1.8649,30.36
Wheat,Clay Soil,Germination,70,38,41.0,0,1,1.8421,28.7
Wheat,Clay Soil,Germination,71,39,38.0,0,1,1.8205,26.98
Wheat,Clay Soil,Germination,72,40,35.0,0,1,1.8,25.2
Wheat,Clay Soil,Germination,73,41,32.0,0,1,1.7805,23.36
Wheat,Clay Soil,Germination,74,42,29.0,0,1,1.7619,21.46
Wheat,Clay Soil,Germination,75,43,26.0,0,1,1.7442,19.5
Wheat,Clay Soil,Germination,76,44,23.0,0,1,1.7273,17.48
Wheat,Clay Soil,Germination,77,45,20.0,0,1,1.7111,15.4
Wheat,Clay Soil,Germination,78,46,17.0,0,1,1.6957,13.26
Wheat,Clay Soil,Germination,79,25,80.0,0,1,3.16,63.2
Wheat,Clay Soil,Germination,80,26,77.0,0,1,3.0769,61.6
Wheat,Clay Soil,Germination,81,27,74.0,0,1,3.0,59.94
Wheat,Clay Soil,Germination,82,28,71.0,0,1,2.9286,58.22
Wheat,Clay Soil,Germination,83,29,68.0,0,1,2.8621,56.44
Wheat,Clay Soil,Germination,84,30,65.0,0,1,2.8,54.6
Wheat,Clay Soil,Germination,85,31,62.0,0,1,2.7419,52.7
Wheat,Clay Soil,Germination,86,32,59.0,0,1,2.6875,50.74
Wheat,Clay Soil,Germination,87,33,56.0,0,1,2.6364,48.72
Wheat,Clay Soil,Germination,88,34,53.0,0,1,2.5882,46.64
Wheat,Clay Soil,Germination,89,35,50.0,0,1,2.5429,44.5
Wheat,Clay Soil,Germination,90,36,47.0,0,1,2.5,42.3
Wheat,Clay Soil,Germination,91,37,44.0,0,1,2.4595,40.04
Wheat,Clay Soil,Germination,92,38,41.0,0,1,2.4211,37.72
Wheat,Clay Soil,Germination,93,39,38.0,0,1,2.3846,35.34
Wheat,Clay Soil,Germination,94,40,35.0,0,1,2.35,32.9
Wheat,Clay Soil,Germination,95,41,32.0,0,1,2.3171,30.4
Wheat,Clay Soil,Germination,96,42,29.0,0,1,2.2857,27.84
Wheat,Clay Soil,Germination,97,43,26.0,0,1,2.2558,25.22
Wheat,Clay Soil,Germination,98,44,23.0,0,1,2.2273,22.54
Wheat,Clay Soil,Germination,99,45,20.0,0,1,2.2,19.8
Wheat,Clay Soil,Germination,100,46,17.0,0,1,2.1739,17.0
Wheat,Clay Soil,Seedling Stage,1,25,80.0,1,2,0.04,0.8
Wheat,Clay Soil,Seedling Stage,2,26,77.0,1,2,0.0769,1.54
Wheat,Clay Soil,Seedling Stage,3,27,74.0,1,2,0.1111,2.22
Wheat,Clay Soil,Seedling Stage,4,28,71.0,1,2,0.1429,2.84
Wheat,Clay Soil,Seedling Stage,5,29,68.0,1,2,0.1724,3.4
Wheat,Clay Soil,Seedling Stage,6,30,65.0,1,2,0.2,3.9
Wheat,Clay Soil,Seedling Stage,7,31,62.0,1,2,0.2258,4.34
Wheat,Clay Soil,Seedling Stage,8,32,59.0,1,2,0.25,4.72
Wheat,Clay Soil,Seedling Stage,9,33,56.0,1,2,0.2727,5.04
Wheat,Clay Soil,Seedling Stage,10,34,53.0,1,2,0.2941,5.3
Wheat,Clay Soil,Seedling Stage,11,35,50.0,1,2,0.3143,5.5
Wheat,Clay Soil,Seedling Stage,12,36,47.0,1,2,0.3333,5.64
Wheat,Clay Soil,Seedling Stage,13,37,44.0,1,2,0.3514,5.72
Wheat,Clay Soil,Seedling Stage,14,38,41.0,1,2,0.3684,5.74
Wheat,Clay Soil,Seedling Stage,15,39,38.0,1,2,0.3846,5.7
Wheat,Clay Soil,Seedling Stage,16,40,35.0,1,2,0.4,5.6
Wheat,Clay Soil,Seedling Stage,17,41,32.0,1,2,0.4146,5.44
Wheat,Clay Soil,Seedling Stage,18,42,29.0,1,2,0.4286,5.22
Wheat,Clay Soil,Seedling Stage,19,43,26.0,1,2,0.4419,4.94
Wheat,Clay Soil,Seedling Stage,20,44,23.0,1,2,0.4545,4.6
Wheat,Clay Soil,Seedling Stage,21,45,20.0,1,2,0.4667,4.2
Wheat,Clay Soil,Seedling Stage,22,46,17.0,1,2,0.4783,3.74
Wheat,Clay Soil,Seedling Stage,23,25,80.0,1,2,0.92,18.4
Wheat,Clay Soil,Seedling Stage,24,26,77.3,1,2,0.9231,18.552
Wheat,Clay Soil,Seedling Stage,25,27,74.6,1,2,0.9259,18.65
Wheat,Clay Soil,Seedling Stage,26,28,71.9,1,2,0.9286,18.694
Wheat,Clay Soil,Seedling Stage,27,29,69.2,1,2,0.931,18.684
Wheat,Clay Soil,Seedling Stage,28,30,66.5,1,2,0.9333,18.62
Wheat,Clay Soil,Seedling Stage,29,31,63.8,1,2,0.9355,18.502
Wheat,Clay Soil,Seedling Stage,30,32,61.1,1,2,0.9375,18.33
Wheat,Clay Soil,Seedling Stage,31,33,58.4,1,2,0.9394,18.104
Wheat,Clay Soil,Seedling Stage,32,34,55.7,1,2,0.9412,17.824
Wheat,Clay Soil,Seedling Stage,33,35,53.0,1,2,0.9429,17.49
Wheat,Clay Soil,Seedling Stage,34,36,50.3,1,2,0.9444,17.102
Wheat,Clay Soil,Seedling Stage,35,37,47.6,1,2,0.9459,16.66
Wheat,Clay Soil,Seedling Stage,36,38,44.9,1,2,0.9474,16.164
Wheat,Clay Soil,Seedling Stage,37,39,42.2,1,2,0.9487,15.614
Wheat,Clay Soil,Seedling Stage,38,40,39.5,1,2,0.95,15.01
Wheat,Clay Soil,Seedling Stage,39,41,36.8,1,2,0.9512,14.352
Wheat,Clay Soil,Seedling Stage,51,31,62.0,0,2,1.6452,31.62
Wheat,Clay Soil,Seedling Stage,52,32,59.0,0,2,1.625,30.68
Wheat,Clay Soil,Seedling Stage,53,33,56.0,0,2,1.6061,29.68
Wheat,Clay Soil,Seedling Stage,54,34,53.0,0,2,1.5882,28.62
Wheat,Clay Soil,Seedling Stage,55,35,50.0,0,2,1.5714,27.5
Wheat,Clay Soil,Seedling Stage,56,36,47.0,0,2,1.5556,26.32
Wheat,Clay Soil,Seedling Stage,57,37,44.0,0,2,1.5405,25.08
Wheat,Clay Soil,Seedling Stage,58,38,41.0,0,2,1.5263,23.78
Wheat,Clay Soil,Seedling Stage,59,39,38.0,0,2,1.5128,22.42
Wheat,Clay Soil,Seedling Stage,60,40,35.0,0,2,1.5,21.0
Wheat,Clay Soil,Seedling Stage,61,41,32.0,0,2,1.4878,19.52
Wheat,Clay Soil,Seedling Stage,62,42,29.0,0,2,1.4762,17.98
Wheat,Clay Soil,Seedling Stage,63,43,26.0,0,2,1.4651,16.38
Wheat,Clay Soil,Seedling Stage,64,44,23.0,0,2,1.4545,14.72
Wheat,Clay Soil,Seedling Stage,65,45,20.0,0,2,1.4444,13.0
Wheat,Clay Soil,Seedling Stage,66,46,17.0,0,2,1.4348,11.22
Wheat,Clay Soil,Seedling Stage,67,25,80.0,0,2,2.68,53.6
Wheat,Clay Soil,Seedling Stage,68,26,77.5,0,2,2.6154,52.7
Wheat,Clay Soil,Seedling Stage,69,27,75.0,0,2,2.5556,51.75
Wheat,Clay Soil,Seedling Stage,70,28,72.5,0,2,2.5,50.75
Wheat,Clay Soil,Seedling Stage,71,29,70.0,0,2,2.4483,49.7
Wheat,Clay Soil,Seedling Stage,72,30,67.5,0,2,2.4,48.6
Wheat,Clay Soil,Seedling Stage,73,31,65.0,0,2,2.3548,47.45
Wheat,Clay Soil,Seedling Stage,74,32,62.5,0,2,2.3125,46.25
Wheat,Clay Soil,Seedling Stage,75,33,60.0,0,2,2.2727,45.0
Wheat,Clay Soil,Seedling Stage,76,34,57.5,0,2,2.2353,43.7
Wheat,Clay Soil,Seedling Stage,77,35,55.0,0,2,2.2,42.35
Wheat,Clay Soil,Seedling Stage,78,36,52.5,0,2,2.1667,40.95
Wheat,Clay Soil,Seedling Stage,79,37,50.0,0,2,2.1351,39.5
Wheat,Clay Soil,Seedling Stage,80,38,47.5,0,2,2.1053,38.0
Wheat,Clay Soil,Seedling Stage,81,39,45.0,0,2,2.0769,36.45
Wheat,Clay Soil,Seedling Stage,82,40,42.5,0,2,2.05,34.85
Wheat,Clay Soil,Seedling Stage,83,41,40.0,0,2,2.0244,33.2
Wheat,Clay Soil,Seedling Stage,84,42,37.5,0,2,2.0,31.5
Wheat,Clay Soil,Seedling Stage,85,43,35.0,0,2,1.9767,29.75
Wheat,Clay Soil,Seedling Stage,86,44,32.5,0,2,1.9545,27.95
Wheat,Clay Soil,Seedling Stage,87,45,30.0,0,2,1.9333,26.1
Wheat,Clay Soil,Seedling Stage,88,46,27.5,0,2,1.913,24.2
Wheat,Clay Soil,Seedling Stage,89,25,80.0,0,2,3.56,71.2
Wheat,Clay Soil,Seedling Stage,90,26,77.3,0,2,3.4615,69.57
Wheat,Clay Soil,Seedling Stage,91,27,74.6,0,2,3.3704,67.886
Wheat,Clay Soil,Seedling Stage,92,28,71.9,0,2,3.2857,66.148
Wheat,Clay Soil,Seedling Stage,93,29,69.2,0,2,3.2069,64.356
Wheat,Clay Soil,Seedling Stage,94,30,66.5,0,2,3.1333,62.51
Wheat,Clay Soil,Seedling Stage,95,31,63.8,0,2,3.0645,60.61
Wheat,Clay Soil,Seedling Stage,96,32,61.1,0,2,3.0,58.656
Wheat,Clay Soil,Seedling Stage,97,33,58.4,0,2,2.9394,56.648
Wheat,Clay Soil,Seedling Stage,98,34,55.7,0,2,2.8824,54.586
Wheat,Clay Soil,Seedling Stage,99,35,53.0,0,2,2.8286,52.47
Wheat,Clay Soil,Seedling Stage,100,36,50.3,0,2,2.7778,50.3
Wheat,Clay Soil,Vegetative Growth / Root or Tuber Development,1,37,47.6,1,3,0.027,0.476
Wheat,Clay Soil,Vegetative Growth / Root or Tuber Development,2,38,44.9,1,3,0.0526,0.898
Wheat,Clay Soil,Vegetative Growth / Root or Tuber Development,3,39,42.2,1,3,0.0769,1.266
Wheat,Clay Soil,Vegetative Growth / Root or Tuber Development,4,40,39.5,1,3,0.1,1.58
Wheat,Clay Soil,Vegetative Growth / Root or Tuber Development,5,41,36.8,1,3,0.122,1.84
Wheat,Clay Soil,Vegetative Growth / Root or Tuber Development,6,42,34.1,1,3,0.1429,2.046
Wheat,Clay Soil,Vegetative Growth / Root or Tuber Development,7,43,31.4,1,3,0.1628,2.198
Wheat,Clay Soil,Vegetative Growth / Root or Tuber Development,8,44,28.7,1,3,0.1818,2.296
Wheat,Clay Soil,Vegetative Growth / Root or Tuber Development,9,45,26.0,1,3,0.2,2.34
Wheat,Clay Soil,Vegetative Growth / Root or Tuber Development,10,46,23.3,1,3,0.2174,2.33
Wheat,Clay Soil,Vegetative Growth / Root or Tuber Development,11,25,80.0,1,3,0.44,8.8
Wheat,Clay Soil,Vegetative Growth / Root or Tuber Development,12,26,77.0,1,3,0.4615,9.24
Wheat,Clay Soil,Vegetative Growth / Root or Tuber Development,13,27,74.0,1,3,0.4815,9.62
Wheat,Clay Soil,Vegetative Growth / Root or Tuber Development,14,28,71.0,1,3,0.5,9.94
Wheat,Clay Soil,Vegetative Growth / Root or Tuber Development,15,29,68.0,1,3,0.5172,10.2
Wheat,Clay Soil,Vegetative Growth / Root or Tuber Development,16,30,65.0,1,3,0.5333,10.4
Wheat,Clay Soil,Vegetative Growth / Root or Tuber Development,17,31,62.0,1,3,0.5484,10.54
Wheat,Clay Soil,Vegetative Growth / Root or Tuber Development,18,32,59.0,1,3,0.5625,10.62
Wheat,Clay Soil,Vegetative Growth / Root or Tuber Development,19,33,56.0,1,3,0.5758,10.64
Wheat,Clay Soil,Vegetative Growth / Root or Tuber Development,20,34,53.0,1,3,0.5882,10.6
Wheat,Clay Soil,Vegetative Growth / Root or Tuber Development,21,35,50.0,1,3,0.6,10.5
Wheat,Clay Soil,Vegetative Growth / Root or Tuber Development,22,36,47.0,1,3,0.6111,10.34
Wheat,Clay Soil,Vegetative Growth / Root or Tuber Development,23,37,44.0,1,3,0.6216,10.12
Wheat,Clay Soil,Vegetative Growth / Root or Tuber Development,24,38,41.0,1,3,0.6316,9.84
Wheat,Clay Soil,Vegetative Growth / Root or Tuber Development,25,39,38.0,1,3,0.641,9.5
Wheat,Clay Soil,Vegetative Growth / Root or Tuber Development,26,40,35.0,1,3,0.65,9.1
Wheat,Clay Soil,Vegetative Growth / Root or Tuber Development,27,41,32.0,1,3,0.6585,8.64
Wheat,Clay Soil,Vegetative Growth / Root or Tuber Development,28,42,29.0,1,3,0.6667,8.12
Wheat,Clay Soil,Vegetative Growth / Root or Tuber Development,29,43,26.0,1,3,0.6744,7.54
Wheat,Clay Soil,Vegetative Growth / Root or Tuber Development,30,44,23.0,1,3,0.6818,6.9
Wheat,Clay Soil,Vegetative Growth / Root or Tuber Development,31,45,20.0,1,3,0.6889,6.2
Wheat,Clay Soil,Vegetative Growth / Root or Tuber Development,32,46,17.0,1,3,0.6957,5.44
Wheat,Clay Soil,Vegetative Growth / Root or Tuber Development,33,25,80.0,1,3,1.32,26.4
Wheat,Clay Soil,Vegetative Growth / Root or Tuber Development,34,26,77.5,1,3,1.3077,26.35
Wheat,Clay Soil,Vegetative Growth / Root or Tuber Development,35,27,75.0,1,3,1.2963,26.25
Wheat,Clay Soil,Vegetative Growth / Root or Tuber Development,36,28,72.5,1,3,1.2857,26.1
Wheat,Clay Soil,Vegetative Growth / Root or Tuber Development,37,29,70.0,1,3,1.2759,25.9
Wheat,Clay Soil,Vegetative Growth / Root or Tuber Development,38,30,67.5,1,3,1.2667,25.65
Wheat,Clay Soil,Vegetative Growth / Root or Tuber Development,39,31,65.0,1,3,1.2581,25.35
Wheat,Clay Soil,Vegetative Growth / Root or Tuber Development,40,32,62.5,1,3,1.25,25.0
Wheat,Clay Soil,Vegetative Growth / Root or Tuber Development,41,33,60.0,1,3,1.2424,24.6
Wheat,Clay Soil,Vegetative Growth / Root or Tuber Development,42,34,57.5,1,3,1.2353,24.15
Wheat,Clay Soil,Vegetative Growth / Root or Tuber Development,43,35,55.0,1,3,1.2286,23.65
Wheat,Clay Soil,Vegetative Growth / Root or Tuber Development,44,36,52.5,1,3,1.2222,23.1
Wheat,Clay Soil,Vegetative Growth / Root or Tuber Development,45,37,50.0,1,3,1.2162,22.5
Wheat,Clay Soil,Vegetative Growth / Root or Tuber Development,46,38,47.5,1,3,1.2105,21.85
Wheat,Clay Soil,Vegetative Growth / Root or Tuber Development,47,39,45.0,1,3,1.2051,21.15
Wheat,Clay Soil,Vegetative Growth / Root or Tuber Development,48,40,42.5,1,3,1.2,20.4
Wheat,Clay Soil,Vegetative Growth / Root or Tuber Development,49,41,40.0,1,3,1.1951,19.6
Wheat,Clay Soil,Vegetative Growth / Root or Tuber Development,61,31,63.8,0,3,1.9677,38.918
Wheat,Clay Soil,Vegetative Growth / Root or Tuber Development,62,32,61.1,0,3,1.9375,37.882
Wheat,Clay Soil,Vegetative Growth / Root or Tuber Development,63,33,58.4,0,3,1.9091,36.792
Wheat,Clay Soil,Vegetative Growth / Root or Tuber Development,64,34,55.7,0,3,1.8824,35.648
Wheat,Clay Soil,Vegetative Growth / Root or Tuber Development,65,35,53.0,0,3,1.8571,34.45
Wheat,Clay Soil,Vegetative Growth / Root or Tuber Development,66,36,50.3,0,3,1.8333,33.198
Wheat,Clay Soil,Vegetative Growth / Root or Tuber Development,67,37,47.6,0,3,1.8108,31.892
Wheat,Clay Soil,Vegetative Growth / Root or Tuber Development,68,38,44.9,0,3,1.7895,30.532
Wheat,Clay Soil,Vegetative Growth / Root or Tuber Development,69,39,42.2,0,3,1.7692,29.118
Wheat,Clay Soil,Vegetative Growth / Root or Tuber Development,70,40,39.5,0,3,1.75,27.65
Wheat,Clay Soil,Vegetative Growth / Root or Tuber Development,71,41,36.8,0,3,1.7317,26.128
Wheat,Clay Soil,Vegetative Growth / Root or Tuber Development,72,42,34.1,0,3,1.7143,24.552
Wheat,Clay Soil,Vegetative Growth / Root or Tuber Development,73,43,31.4,0,3,1.6977,22.922
Wheat,Clay Soil,Vegetative Growth / Root or Tuber Development,74,44,28.7,0,3,1.6818,21.238
Wheat,Clay Soil,Vegetative Growth / Root or Tuber Development,75,45,26.0,0,3,1.6667,19.5
Wheat,Clay Soil,Vegetative Growth / Root or Tuber Development,76,46,23.3,0,3,1.6522,17.708
Wheat,Clay Soil,Vegetative Growth / Root or Tuber Development,77,25,80.0,0,3,3.08,61.6
Wheat,Clay Soil,Vegetative Growth / Root or Tuber Development,78,26,78.0,0,3,3.0,60.84
Wheat,Clay Soil,Vegetative Growth / Root or Tuber Development,79,27,76.0,0,3,2.9259,60.04
Wheat,Clay Soil,Vegetative Growth / Root or Tuber Development,80,28,74.0,0,3,2.8571,59.2
Wheat,Clay Soil,Vegetative Growth / Root or Tuber Development,81,29,72.0,0,3,2.7931,58.32
Wheat,Clay Soil,Vegetative Growth / Root or Tuber Development,82,30,70.0,0,3,2.7333,57.4
Wheat,Clay Soil,Vegetative Growth / Root or Tuber Development,83,31,68.0,0,3,2.6774,56.44
Wheat,Clay Soil,Vegetative Growth / Root or Tuber Development,84,32,66.0,0,3,2.625,55.44
Wheat,Clay Soil,Vegetative Growth / Root or Tuber Development,85,33,64.0,0,3,2.5758,54.4
Wheat,Clay Soil,Vegetative Growth / Root or Tuber Development,86,34,62.0,0,3,2.5294,53.32
Wheat,Clay Soil,Vegetative Growth / Root or Tuber Development,87,35,60.0,0,3,2.4857,52.2
Wheat,Clay Soil,Vegetative Growth / Root or Tuber Development,88,36,58.0,0,3,2.4444,51.04
Wheat,Clay Soil,Vegetative Growth / Root or Tuber Development,89,37,56.0,0,3,2.4054,49.84
Wheat,Clay Soil,Vegetative Growth / Root or Tuber Development,90,38,54.0,0,3,2.3684,48.6
Wheat,Clay Soil,Vegetative Growth / Root or Tuber Development,91,39,52.0,0,3,2.3333,47.32
Wheat,Clay Soil,Vegetative Growth / Root or Tuber Development,92,40,50.0,0,3,2.3,46.0
Wheat,Clay Soil,Vegetative Growth / Root or Tuber Development,93,41,48.0,0,3,2.2683,44.64
Wheat,Clay Soil,Vegetative Growth / Root or Tuber Development,94,42,46.0,0,3,2.2381,43.24
Wheat,Clay Soil,Vegetative Growth / Root or Tuber Development,95,43,44.0,0,3,2.2093,41.8
Wheat,Clay Soil,Vegetative Growth / Root or Tuber Development,96,44,42.0,0,3,2.1818,40.32
Wheat,Clay Soil,Vegetative Growth / Root or Tuber Development,97,45,40.0,0,3,2.1556,38.8
Wheat,Clay Soil,Vegetative Growth / Root or Tuber Development,98,46,38.0,0,3,2.1304,37.24
Wheat,Clay Soil,Vegetative Growth / Root or Tuber Development,99,25,80.0,0,3,3.96,79.2
Wheat,Clay Soil,Vegetative Growth / Root or Tuber Development,100,26,78.0,0,3,3.8462,78.0
Wheat,Clay Soil,Flowering,1,27,76.0,1,4,0.037,0.76
Wheat,Clay Soil,Flowering,2,28,74.0,1,4,0.0714,1.48
Wheat,Clay Soil,Flowering,3,29,72.0,1,4,0.1034,2.16
Wheat,Clay Soil,Flowering,4,30,70.0,1,4,0.1333,2.8
Wheat,Clay Soil,Flowering,5,31,68.0,1,4,0.1613,3.4
Wheat,Clay Soil,Flowering,6,32,66.0,1,4,0.1875,3.96
Wheat,Clay Soil,Flowering,7,33,64.0,1,4,0.2121,4.48
Wheat,Clay Soil,Flowering,8,34,62.0,1,4,0.2353,4.96
Wheat,Clay Soil,Flowering,9,35,60.0,1,4,0.2571,5.4
Wheat,Clay Soil,Flowering,10,36,58.0,1,4,0.2778,5.8
Wheat,Clay Soil,Flowering,11,37,56.0,1,4,0.2973,6.16
Wheat,Clay Soil,Flowering,12,38,54.0,1,4,0.3158,6.48
Wheat,Clay Soil,Flowering,13,39,52.0,1,4,0.3333,6.76
Wheat,Clay Soil,Flowering,14,40,50.0,1,4,0.35,7.0
Wheat,Clay Soil,Flowering,15,41,48.0,1,4,0.3659,7.2
Wheat,Clay Soil,Flowering,16,42,46.0,1,4,0.381,7.36
Wheat,Clay Soil,Flowering,17,43,44.0,1,4,0.3953,7.48
Wheat,Clay Soil,Flowering,18,44,42.0,1,4,0.4091,7.56
Wheat,Clay Soil,Flowering,19,45,40.0,1,4,0.4222,7.6
Wheat,Clay Soil,Flowering,20,46,38.0,1,4,0.4348,7.6
Wheat,Clay Soil,Flowering,21,25,80.0,1,4,0.84,16.8
Wheat,Clay Soil,Flowering,22,26,77.0,1,4,0.8462,16.94
Wheat,Clay Soil,Flowering,23,27,74.0,1,4,0.8519,17.02
Wheat,Clay Soil,Flowering,24,28,71.0,1,4,0.8571,17.04
Wheat,Clay Soil,Flowering,25,29,68.0,1,4,0.8621,17.0
Wheat,Clay Soil,Flowering,26,30,65.0,1,4,0.8667,16.9
Wheat,Clay Soil,Flowering,27,31,62.0,1,4,0.871,16.74
Wheat,Clay Soil,Flowering,28,32,59.0,1,4,0.875,16.52
Wheat,Clay Soil,Flowering,29,33,56.0,1,4,0.8788,16.24
Wheat,Clay Soil,Flowering,30,34,53.0,1,4,0.8824,15.9
Wheat,Clay Soil,Flowering,31,35,50.0,1,4,0.8857,15.5
Wheat,Clay Soil,Flowering,32,36,47.0,1,4,0.8889,15.04
Wheat,Clay Soil,Flowering,33,37,44.0,1,4,0.8919,14.52
Wheat,Clay Soil,Flowering,34,38,41.0,1,4,0.8947,13.94
Wheat,Clay Soil,Flowering,35,39,38.0,1,4,0.8974,13.3
Wheat,Clay Soil,Flowering,36,40,35.0,1,4,0.9,12.6
Wheat,Clay Soil,Flowering,37,41,32.0,1,4,0.9024,11.84
Wheat,Clay Soil,Flowering,38,42,29.0,1,4,0.9048,11.02
Wheat,Clay Soil,Flowering,39,43,26.0,1,4,0.907,10.14
Wheat,Clay Soil,Flowering,40,44,23.0,1,4,0.9091,9.2
Wheat,Clay Soil,Flowering,41,45,20.0,1,4,0.9111,8.2
Wheat,Clay Soil,Flowering,42,46,17.0,1,4,0.913,7.14
Wheat,Clay Soil,Flowering,43,25,80.0,1,4,1.72,34.4
Wheat,Clay Soil,Flowering,44,26,77.0,1,4,1.6923,33.88
Wheat,Clay Soil,Flowering,45,27,74.0,1,4,1.6667,33.3
Wheat,Clay Soil,Flowering,46,28,71.0,1,4,1.6429,32.66
Wheat,Clay Soil,Flowering,47,29,68.0,1,4,1.6207,31.96
Wheat,Clay Soil,Flowering,48,30,65.0,1,4,1.6,31.2
Wheat,Clay Soil,Flowering,49,31,62.0,1,4,1.5806,30.38
Wheat,Clay Soil,Flowering,50,32,59.0,1,4,1.5625,29.5
Wheat,Clay Soil,Flowering,51,33,56.0,1,4,1.5455,28.56
Wheat,Clay Soil,Flowering,52,34,53.0,1,4,1.5294,27.56
Wheat,Clay Soil,Flowering,53,35,50.0,1,4,1.5143,26.5
Wheat,Clay Soil,Flowering,54,36,47.0,1,4,1.5,25.38
Wheat,Clay Soil,Flowering,55,37,44.0,1,4,1.4865,24.2
Wheat,Clay Soil,Flowering,56,38,41.0,1,4,1.4737,22.96
Wheat,Clay Soil,Flowering,57,39,38.0,1,4,1.4615,21.66
Wheat,Clay Soil,Flowering,58,40,35.0,1,4,1.45,20.3
Wheat,Clay Soil,Flowering,59,41,32.0,1,4,1.439,18.88
Wheat,Clay Soil,Flowering,71,31,62.0,0,4,2.2903,44.02
Wheat,Clay Soil,Flowering,72,32,59.0,0,4,2.25,42.48
Wheat,Clay Soil,Flowering,73,33,56.0,0,4,2.2121,40.88
Wheat,Clay Soil,Flowering,74,34,53.0,0,4,2.1765,39.22
Wheat,Clay Soil,Flowering,75,35,50.0,0,4,2.1429,37.5
Wheat,Clay Soil,Flowering,76,36,47.0,0,4,2.1111,35.72
Wheat,Clay Soil,Flowering,77,37,44.0,0,4,2.0811,33.88
Wheat,Clay Soil,Flowering,78,38,41.0,0,4,2.0526,31.98
Wheat,Clay Soil,Flowering,79,39,38.0,0,4,2.0256,30.02
Wheat,Clay Soil,Flowering,80,40,35.0,0,4,2.0,28.0
Wheat,Clay Soil,Flowering,81,41,32.0,0,4,1.9756,25.92
Wheat,Clay Soil,Flowering,82,42,29.0,0,4,1.9524,23.78
Wheat,Clay Soil,Flowering,83,43,26.0,0,4,1.9302,21.58
Wheat,Clay Soil,Flowering,84,44,23.0,0,4,1.9091,19.32
Wheat,Clay Soil,Flowering,85,45,20.0,0,4,1.8889,17.0
Wheat,Clay Soil,Flowering,86,46,17.0,0,4,1.8696,14.62
Wheat,Clay Soil,Flowering,87,25,80.0,0,4,3.48,69.6
Wheat,Clay Soil,Flowering,88,26,77.3,0,4,3.3846,68.024
Wheat,Clay Soil,Flowering,89,27,74.6,0,4,3.2963,66.394
Wheat,Clay Soil,Flowering,90,28,71.9,0,4,3.2143,64.71
Wheat,Clay Soil,Flowering,91,29,69.2,0,4,3.1379,62.972
Wheat,Clay Soil,Flowering,92,30,66.5,0,4,3.0667,61.18
Wheat,Clay Soil,Flowering,93,31,63.8,0,4,3.0,59.334
Wheat,Clay Soil,Flowering,94,32,61.1,0,4,2.9375,57.434
Wheat,Clay Soil,Flowering,95,33,58.4,0,4,2.8788,55.48
Wheat,Clay Soil,Flowering,96,34,55.7,0,4,2.8235,53.472
Wheat,Clay Soil,Flowering,97,35,53.0,0,4,2.7714,51.41
Wheat,Clay Soil,Flowering,98,36,50.3,0,4,2.7222,49.294
Wheat,Clay Soil,Flowering,99,37,47.6,0,4,2.6757,47.124
Wheat,Clay Soil,Flowering,100,38,44.9,0,4,2.6316,44.9
Wheat,Clay Soil,Pollination,1,39,42.2,1,5,0.0256,0.422
Wheat,Clay Soil,Pollination,2,40,39.5,1,5,0.05,0.79
Wheat,Clay Soil,Pollination,3,41,36.8,1,5,0.0732,1.104
Wheat,Clay Soil,Pollination,4,42,34.1,1,5,0.0952,1.364
Wheat,Clay Soil,Pollination,5,43,31.4,1,5,0.1163,1.57
Wheat,Clay Soil,Pollination,6,44,28.7,1,5,0.1364,1.722
Wheat,Clay Soil,Pollination,7,45,26.0,1,5,0.1556,1.82
Wheat,Clay Soil,Pollination,8,46,23.3,1,5,0.1739,1.864
Wheat,Clay Soil,Pollination,9,25,80.0,1,5,0.36,7.2
Wheat,Clay Soil,Pollination,10,26,77.0,1,5,0.3846,7.7
Wheat,Clay Soil,Pollination,11,27,74.0,1,5,0.4074,8.14
Wheat,Clay Soil,Pollination,12,28,71.0,1,5,0.4286,8.52
Wheat,Clay Soil,Pollination,13,29,68.0,1,5,0.4483,8.84
Wheat,Clay Soil,Pollination,14,30,65.0,1,5,0.4667,9.1
Wheat,Clay Soil,Pollination,15,31,62.0,1,5,0.4839,9.3
Wheat,Clay Soil,Pollination,16,32,59.0,1,5,0.5,9.44
Wheat,Clay Soil,Pollination,17,33,56.0,1,5,0.5152,9.52
Wheat,Clay Soil,Pollination,18,34,53.0,1,5,0.5294,9.54
Wheat,Clay Soil,Pollination,19,35,50.0,1,5,0.5429,9.5
Wheat,Clay Soil,Pollination,20,36,47.0,1,5,0.5556,9.4
Wheat,Clay Soil,Pollination,21,37,44.0,1,5,0.5676,9.24
Wheat,Clay Soil,Pollination,22,38,41.0,1,5,0.5789,9.02
Wheat,Clay Soil,Pollination,23,39,38.0,1,5,0.5897,8.74
Wheat,Clay Soil,Pollination,24,40,35.0,1,5,0.6,8.4
Wheat,Clay Soil,Pollination,25,41,32.0,1,5,0.6098,8.0
Wheat,Clay Soil,Pollination,26,42,29.0,1,5,0.619,7.54
Wheat,Clay Soil,Pollination,27,43,26.0,1,5,0.6279,7.02
Wheat,Clay Soil,Pollination,28,44,23.0,1,5,0.6364,6.44
Wheat,Clay Soil,Pollination,29,45,20.0,1,5,0.6444,5.8
Wheat,Clay Soil,Pollination,30,46,17.0,1,5,0.6522,5.1
Wheat,Clay Soil,Pollination,31,25,80.0,1,5,1.24,24.8
Wheat,Clay Soil,Pollination,32,26,77.5,1,5,1.2308,24.8
Wheat,Clay Soil,Pollination,33,27,75.0,1,5,1.2222,24.75
Wheat,Clay Soil,Pollination,34,28,72.5,1,5,1.2143,24.65
Wheat,Clay Soil,Pollination,35,29,70.0,1,5,1.2069,24.5
Wheat,Clay Soil,Pollination,36,30,67.5,1,5,1.2,24.3
Wheat,Clay Soil,Pollination,37,31,65.0,1,5,1.1935,24.05
Wheat,Clay Soil,Pollination,38,32,62.5,1,5,1.1875,23.75
Wheat,Clay Soil,Pollination,39,33,60.0,1,5,1.1818,23.4
Wheat,Clay Soil,Pollination,40,34,57.5,1,5,1.1765,23.0
Wheat,Clay Soil,Pollination,41,35,55.0,1,5,1.1714,22.55
Wheat,Clay Soil,Pollination,42,36,52.5,1,5,1.1667,22.05
Wheat,Clay Soil,Pollination,43,37,50.0,1,5,1.1622,21.5
Wheat,Clay Soil,Pollination,44,38,47.5,1,5,1.1579,20.9
Wheat,Clay Soil,Pollination,45,39,45.0,1,5,1.1538,20.25
Wheat,Clay Soil,Pollination,46,40,42.5,1,5,1.15,19.55
Wheat,Clay Soil,Pollination,47,41,40.0,1,5,1.1463,18.8
Wheat,Clay Soil,Pollination,48,42,37.5,1,5,1.1429,18.0
Wheat,Clay Soil,Pollination,49,43,35.0,1,5,1.1395,17.15
Wheat,Clay Soil,Pollination,50,44,32.5,1,5,1.1364,16.25
Wheat,Clay Soil,Pollination,51,45,30.0,1,5,1.1333,15.3
Wheat,Clay Soil,Pollination,52,46,27.5,1,5,1.1304,14.3
Wheat,Clay Soil,Pollination,53,25,80.0,1,5,2.12,42.4
Wheat,Clay Soil,Pollination,54,26,77.3,1,5,2.0769,41.742
Wheat,Clay Soil,Pollination,55,27,74.6,1,5,2.037,41.03
Wheat,Clay Soil,Pollination,56,28,71.9,1,5,2.0,40.264
Wheat,Clay Soil,Pollination,57,29,69.2,1,5,1.9655,39.444
Wheat,Clay Soil,Pollination,58,30,66.5,1,5,1.9333,38.57
Wheat,Clay Soil,Pollination,59,31,63.8,1,5,1.9032,37.642
Wheat,Clay Soil,Pollination,60,32,61.1,1,5,1.875,36.66
Wheat,Clay Soil,Pollination,61,33,58.4,1,5,1.8485,35.624
Wheat,Clay Soil,Pollination,62,34,55.7,1,5,1.8235,34.534
Wheat,Clay Soil,Pollination,63,35,53.0,1,5,1.8,33.39
Wheat,Clay Soil,Pollination,64,36,50.3,1,5,1.7778,32.192
Wheat,Clay Soil,Pollination,65,37,47.6,1,5,1.7568,30.94
Wheat,Clay Soil,Pollination,66,38,44.9,1,5,1.7368,29.634
Wheat,Clay Soil,Pollination,67,39,42.2,1,5,1.7179,28.274
Wheat,Clay Soil,Pollination,68,40,39.5,1,5,1.7,26.86
Wheat,Clay Soil,Pollination,69,41,36.8,1,5,1.6829,25.392
Wheat,Clay Soil,Pollination,81,31,62.0,0,5,2.6129,50.22
Wheat,Clay Soil,Pollination,82,32,59.0,0,5,2.5625,48.38
Wheat,Clay Soil,Pollination,83,33,56.0,0,5,2.5152,46.48
Wheat,Clay Soil,Pollination,84,34,53.0,0,5,2.4706,44.52
Wheat,Clay Soil,Pollination,85,35,50.0,0,5,2.4286,42.5
Wheat,Clay Soil,Pollination,86,36,47.0,0,5,2.3889,40.42
Wheat,Clay Soil,Pollination,87,37,44.0,0,5,2.3514,38.28
Wheat,Clay Soil,Pollination,88,38,41.0,0,5,2.3158,36.08
Wheat,Clay Soil,Pollination,89,39,38.0,0,5,2.2821,33.82
Wheat,Clay Soil,Pollination,90,40,35.0,0,5,2.25,31.5
Wheat,Clay Soil,Pollination,91,41,32.0,0,5,2.2195,29.12
Wheat,Clay Soil,Pollination,92,42,29.0,0,5,2.1905,26.68
Wheat,Clay Soil,Pollination,93,43,26.0,0,5,2.1628,24.18
Wheat,Clay Soil,Pollination,94,44,23.0,0,5,2.1364,21.62
Wheat,Clay Soil,Pollination,95,45,20.0,0,5,2.1111,19.0
Wheat,Clay Soil,Pollination,96,46,17.0,0,5,2.087,16.32
Wheat,Clay Soil,Pollination,97,25,80.0,0,5,3.88,77.6
Wheat,Clay Soil,Pollination,98,26,77.5,0,5,3.7692,75.95
Wheat,Clay Soil,Pollination,99,27,75.0,0,5,3.6667,74.25
Wheat,Clay Soil,Pollination,100,28,72.5,0,5,3.5714,72.5
Wheat,Clay Soil,Fruit/Grain/Bulb Formation,1,29,70.0,1,6,0.0345,0.7
Wheat,Clay Soil,Fruit/Grain/Bulb Formation,2,30,67.5,1,6,0.0667,1.35
Wheat,Clay Soil,Fruit/Grain/Bulb Formation,3,31,65.0,1,6,0.0968,1.95
Wheat,Clay Soil,Fruit/Grain/Bulb Formation,4,32,62.5,1,6,0.125,2.5
Wheat,Clay Soil,Fruit/Grain/Bulb Formation,5,33,60.0,1,6,0.1515,3.0
Wheat,Clay Soil,Fruit/Grain/Bulb Formation,6,34,57.5,1,6,0.1765,3.45
Wheat,Clay Soil,Fruit/Grain/Bulb Formation,7,35,55.0,1,6,0.2,3.85
Wheat,Clay Soil,Fruit/Grain/Bulb Formation,8,36,52.5,1,6,0.2222,4.2
Wheat,Clay Soil,Fruit/Grain/Bulb Formation,9,37,50.0,1,6,0.2432,4.5
Wheat,Clay Soil,Fruit/Grain/Bulb Formation,10,38,47.5,1,6,0.2632,4.75
Wheat,Clay Soil,Fruit/Grain/Bulb Formation,11,39,45.0,1,6,0.2821,4.95
Wheat,Clay Soil,Fruit/Grain/Bulb Formation,12,40,42.5,1,6,0.3,5.1
Wheat,Clay Soil,Fruit/Grain/Bulb Formation,13,41,40.0,1,6,0.3171,5.2
Wheat,Clay Soil,Fruit/Grain/Bulb Formation,14,42,37.5,1,6,0.3333,5.25
Wheat,Clay Soil,Fruit/Grain/Bulb Formation,15,43,35.0,1,6,0.3488,5.25
Wheat,Clay Soil,Fruit/Grain/Bulb Formation,16,44,32.5,1,6,0.3636,5.2
Wheat,Clay Soil,Fruit/Grain/Bulb Formation,17,45,30.0,1,6,0.3778,5.1
Wheat,Clay Soil,Fruit/Grain/Bulb Formation,18,46,27.5,1,6,0.3913,4.95
Wheat,Clay Soil,Fruit/Grain/Bulb Formation,19,25,80.0,1,6,0.76,15.2
Wheat,Clay Soil,Fruit/Grain/Bulb Formation,20,26,77.3,1,6,0.7692,15.46
Wheat,Clay Soil,Fruit/Grain/Bulb Formation,21,27,74.6,1,6,0.7778,15.666
Wheat,Clay Soil,Fruit/Grain/Bulb Formation,22,28,71.9,1,6,0.7857,15.818
Wheat,Clay Soil,Fruit/Grain/Bulb Formation,23,29,69.2,1,6,0.7931,15.916
Wheat,Clay Soil,Fruit/Grain/Bulb Formation,24,30,66.5,1,6,0.8,15.96
Wheat,Clay Soil,Fruit/Grain/Bulb Formation,25,31,63.8,1,6,0.8065,15.95
Wheat,Clay Soil,Fruit/Grain/Bulb Formation,26,32,61.1,1,6,0.8125,15.886
Wheat,Clay Soil,Fruit/Grain/Bulb Formation,27,33,58.4,1,6,0.8182,15.768
Wheat,Clay Soil,Fruit/Grain/Bulb Formation,28,34,55.7,1,6,0.8235,15.596
Wheat,Clay Soil,Fruit/Grain/Bulb Formation,29,35,53.0,1,6,0.8286,15.37
Wheat,Clay Soil,Fruit/Grain/Bulb Formation,30,36,50.3,1,6,0.8333,15.09
Wheat,Clay Soil,Fruit/Grain/Bulb Formation,31,37,47.6,1,6,0.8378,14.756
Wheat,Clay Soil,Fruit/Grain/Bulb Formation,32,38,44.9,1,6,0.8421,14.368
Wheat,Clay Soil,Fruit/Grain/Bulb Formation,33,39,42.2,1,6,0.8462,13.926
Wheat,Clay Soil,Fruit/Grain/Bulb Formation,34,40,39.5,1,6,0.85,13.43
Wheat,Clay Soil,Fruit/Grain/Bulb Formation,35,41,36.8,1,6,0.8537,12.88
Wheat,Clay Soil,Fruit/Grain/Bulb Formation,36,42,34.1,1,6,0.8571,12.276
Wheat,Clay Soil,Fruit/Grain/Bulb Formation,37,43,31.4,1,6,0.8605,11.618
Wheat,Clay Soil,Fruit/Grain/Bulb Formation,38,44,28.7,1,6,0.8636,10.906
Wheat,Clay Soil,Fruit/Grain/Bulb Formation,39,45,26.0,1,6,0.8667,10.14
Wheat,Clay Soil,Fruit/Grain/Bulb Formation,40,46,23.3,1,6,0.8696,9.32
Wheat,Clay Soil,Fruit/Grain/Bulb Formation,41,25,80.0,1,6,1.64,32.8
Wheat,Clay Soil,Fruit/Grain/Bulb Formation,42,26,78.0,1,6,1.6154,32.76
Wheat,Clay Soil,Fruit/Grain/Bulb Formation,43,27,76.0,1,6,1.5926,32.68
Wheat,Clay Soil,Fruit/Grain/Bulb Formation,44,28,74.0,1,6,1.5714,32.56
Wheat,Clay Soil,Fruit/Grain/Bulb Formation,45,29,72.0,1,6,1.5517,32.4
Wheat,Clay Soil,Fruit/Grain/Bulb Formation,46,30,70.0,1,6,1.5333,32.2
Wheat,Clay Soil,Fruit/Grain/Bulb Formation,47,31,68.0,1,6,1.5161,31.96
Wheat,Clay Soil,Fruit/Grain/Bulb Formation,48,32,66.0,1,6,1.5,31.68
Wheat,Clay Soil,Fruit/Grain/Bulb Formation,49,33,64.0,1,6,1.4848,31.36
Wheat,Clay Soil,Fruit/Grain/Bulb Formation,50,34,62.0,1,6,1.4706,31.0
Wheat,Clay Soil,Fruit/Grain/Bulb Formation,51,35,60.0,1,6,1.4571,30.6
Wheat,Clay Soil,Fruit/Grain/Bulb Formation,52,36,58.0,1,6,1.4444,30.16
Wheat,Clay Soil,Fruit/Grain/Bulb Formation,53,37,56.0,1,6,1.4324,29.68
Wheat,Clay Soil,Fruit/Grain/Bulb Formation,54,38,54.0,1,6,1.4211,29.16
Wheat,Clay Soil,Fruit/Grain/Bulb Formation,55,39,52.0,1,6,1.4103,28.6
Wheat,Clay Soil,Fruit/Grain/Bulb Formation,56,40,50.0,1,6,1.4,28.0
Wheat,Clay Soil,Fruit/Grain/Bulb Formation,57,41,48.0,1,6,1.3902,27.36
Wheat,Clay Soil,Fruit/Grain/Bulb Formation,58,42,46.0,1,6,1.381,26.68
Wheat,Clay Soil,Fruit/Grain/Bulb Formation,59,43,44.0,1,6,1.3721,25.96
Wheat,Clay Soil,Fruit/Grain/Bulb Formation,60,44,42.0,1,6,1.3636,25.2
Wheat,Clay Soil,Fruit/Grain/Bulb Formation,61,45,40.0,1,6,1.3556,24.4
Wheat,Clay Soil,Fruit/Grain/Bulb Formation,62,46,38.0,1,6,1.3478,23.56
Wheat,Clay Soil,Fruit/Grain/Bulb Formation,63,25,80.0,1,6,2.52,50.4
Wheat,Clay Soil,Fruit/Grain/Bulb Formation,64,26,78.0,1,6,2.4615,49.92
Wheat,Clay Soil,Fruit/Grain/Bulb Formation,65,27,76.0,1,6,2.4074,49.4
Wheat,Clay Soil,Fruit/Grain/Bulb Formation,66,28,74.0,1,6,2.3571,48.84
Wheat,Clay Soil,Fruit/Grain/Bulb Formation,67,29,72.0,1,6,2.3103,48.24
Wheat,Clay Soil,Fruit/Grain/Bulb Formation,68,30,70.0,1,6,2.2667,47.6
Wheat,Clay Soil,Fruit/Grain/Bulb Formation,69,31,68.0,1,6,2.2258,46.92
Wheat,Clay Soil,Fruit/Grain/Bulb Formation,81,43,44.0,0,6,1.8837,35.64
Wheat,Clay Soil,Fruit/Grain/Bulb Formation,82,44,42.0,0,6,1.8636,34.44
Wheat,Clay Soil,Fruit/Grain/Bulb Formation,83,45,40.0,0,6,1.8444,33.2
Wheat,Clay Soil,Fruit/Grain/Bulb Formation,84,46,38.0,0,6,1.8261,31.92
Wheat,Clay Soil,Fruit/Grain/Bulb Formation,85,25,80.0,0,6,3.4,68.0
Wheat,Clay Soil,Fruit/Grain/Bulb Formation,86,26,77.0,0,6,3.3077,66.22
Wheat,Clay Soil,Fruit/Grain/Bulb Formation,87,27,74.0,0,6,3.2222,64.38
Wheat,Clay Soil,Fruit/Grain/Bulb Formation,88,28,71.0,0,6,3.1429,62.48
Wheat,Clay Soil,Fruit/Grain/Bulb Formation,89,29,68.0,0,6,3.069,60.52
Wheat,Clay Soil,Fruit/Grain/Bulb Formation,90,30,65.0,0,6,3.0,58.5
Wheat,Clay Soil,Fruit/Grain/Bulb Formation,91,31,62.0,0,6,2.9355,56.42
Wheat,Clay Soil,Fruit/Grain/Bulb Formation,92,32,59.0,0,6,2.875,54.28
Wheat,Clay Soil,Fruit/Grain/Bulb Formation,93,33,56.0,0,6,2.8182,52.08
Wheat,Clay Soil,Fruit/Grain/Bulb Formation,94,34,53.0,0,6,2.7647,49.82
Wheat,Clay Soil,Fruit/Grain/Bulb Formation,95,35,50.0,0,6,2.7143,47.5
Wheat,Clay Soil,Fruit/Grain/Bulb Formation,96,36,47.0,0,6,2.6667,45.12
Wheat,Clay Soil,Fruit/Grain/Bulb Formation,97,37,44.0,0,6,2.6216,42.68
Wheat,Clay Soil,Fruit/Grain/Bulb Formation,98,38,41.0,0,6,2.5789,40.18
Wheat,Clay Soil,Fruit/Grain/Bulb Formation,99,39,38.0,0,6,2.5385,37.62
Wheat,Clay Soil,Fruit/Grain/Bulb Formation,100,40,35.0,0,6,2.5,35.0
Wheat,Clay Soil,Maturation,1,41,32.0,1,7,0.0244,0.32
Wheat,Clay Soil,Maturation,2,42,29.0,1,7,0.0476,0.58
Wheat,Clay Soil,Maturation,3,43,26.0,1,7,0.0698,0.78
Wheat,Clay Soil,Maturation,4,44,23.0,1,7,0.0909,0.92
Wheat,Clay Soil,Maturation,5,45,20.0,1,7,0.1111,1.0
Wheat,Clay Soil,Maturation,6,46,17.0,1,7,0.1304,1.02
Wheat,Clay Soil,Maturation,7,25,80.0,1,7,0.28,5.6
Wheat,Clay Soil,Maturation,8,26,77.0,1,7,0.3077,6.16
Wheat,Clay Soil,Maturation,9,27,74.0,1,7,0.3333,6.66
Wheat,Clay Soil,Maturation,10,28,71.0,1,7,0.3571,7.1
Wheat,Clay Soil,Maturation,11,29,68.0,1,7,0.3793,7.48
Wheat,Clay Soil,Maturation,12,30,65.0,1,7,0.4,7.8
Wheat,Clay Soil,Maturation,13,31,62.0,1,7,0.4194,8.06
Wheat,Clay Soil,Maturation,14,32,59.0,1,7,0.4375,8.26
Wheat,Clay Soil,Maturation,15,33,56.0,1,7,0.4545,8.4
Wheat,Clay Soil,Maturation,16,34,53.0,1,7,0.4706,8.48
Wheat,Clay Soil,Maturation,17,35,50.0,1,7,0.4857,8.5
Wheat,Clay Soil,Maturation,18,36,47.0,1,7,0.5,8.46
Wheat,Clay Soil,Maturation,19,37,44.0,1,7,0.5135,8.36
Wheat,Clay Soil,Maturation,20,38,41.0,1,7,0.5263,8.2
Wheat,Clay Soil,Maturation,21,39,38.0,1,7,0.5385,7.98
Wheat,Clay Soil,Maturation,22,40,35.0,1,7,0.55,7.7
Wheat,Clay Soil,Maturation,23,41,32.0,1,7,0.561,7.36
Wheat,Clay Soil,Maturation,24,42,29.0,1,7,0.5714,6.96
Wheat,Clay Soil,Maturation,25,43,26.0,1,7,0.5814,6.5
Wheat,Clay Soil,Maturation,26,44,23.0,1,7,0.5909,5.98
Wheat,Clay Soil,Maturation,27,45,20.0,1,7,0.6,5.4
Wheat,Clay Soil,Maturation,28,46,17.0,1,7,0.6087,4.76
Wheat,Clay Soil,Maturation,29,25,80.0,1,7,1.16,23.2
Wheat,Clay Soil,Maturation,30,26,77.0,1,7,1.1538,23.1
Wheat,Clay Soil,Maturation,31,27,74.0,1,7,1.1481,22.94
Wheat,Clay Soil,Maturation,32,28,71.0,1,7,1.1429,22.72
Wheat,Clay Soil,Maturation,33,29,68.0,1,7,1.1379,22.44
Wheat,Clay Soil,Maturation,34,30,65.0,1,7,1.1333,22.1
Wheat,Clay Soil,Maturation,35,31,62.0,1,7,1.129,21.7
Wheat,Clay Soil,Maturation,36,32,59.0,1,7,1.125,21.24
Wheat,Clay Soil,Maturation,37,33,56.0,1,7,1.1212,20.72
Wheat,Clay Soil,Maturation,38,34,53.0,1,7,1.1176,20.14
Wheat,Clay Soil,Maturation,39,35,50.0,1,7,1.1143,19.5
Wheat,Clay Soil,Maturation,40,36,47.0,1,7,1.1111,18.8
Wheat,Clay Soil,Maturation,41,37,44.0,1,7,1.1081,18.04
Wheat,Clay Soil,Maturation,42,38,41.0,1,7,1.1053,17.22
Wheat,Clay Soil,Maturation,43,39,38.0,1,7,1.1026,16.34
Wheat,Clay Soil,Maturation,44,40,35.0,1,7,1.1,15.4
Wheat,Clay Soil,Maturation,45,41,32.0,1,7,1.0976,14.4
Wheat,Clay Soil,Maturation,46,42,29.0,1,7,1.0952,13.34
Wheat,Clay Soil,Maturation,47,43,26.0,1,7,1.093,12.22
Wheat,Clay Soil,Maturation,48,44,23.0,1,7,1.0909,11.04
Wheat,Clay Soil,Maturation,49,45,20.0,1,7,1.0889,9.8
Wheat,Clay Soil,Maturation,50,46,17.0,1,7,1.087,8.5
Wheat,Clay Soil,Maturation,51,25,80.0,1,7,2.04,40.8
Wheat,Clay Soil,Maturation,52,26,77.3,1,7,2.0,40.196
Wheat,Clay Soil,Maturation,53,27,74.6,1,7,1.963,39.538
Wheat,Clay Soil,Maturation,54,28,71.9,1,7,1.9286,38.826
Wheat,Clay Soil,Maturation,55,29,69.2,1,7,1.8966,38.06
Wheat,Clay Soil,Maturation,56,30,66.5,1,7,1.8667,37.24
Wheat,Clay Soil,Maturation,57,31,63.8,1,7,1.8387,36.366
Wheat,Clay Soil,Maturation,58,32,61.1,1,7,1.8125,35.438
Wheat,Clay Soil,Maturation,59,33,58.4,1,7,1.7879,34.456
Wheat,Clay Soil,Maturation,60,34,55.7,1,7,1.7647,33.42
Wheat,Clay Soil,Maturation,61,35,53.0,1,7,1.7429,32.33
Wheat,Clay Soil,Maturation,62,36,50.3,1,7,1.7222,31.186
Wheat,Clay Soil,Maturation,63,37,47.6,1,7,1.7027,29.988
Wheat,Clay Soil,Maturation,64,38,44.9,1,7,1.6842,28.736
Wheat,Clay Soil,Maturation,65,39,42.2,1,7,1.6667,27.43
Wheat,Clay Soil,Maturation,66,40,39.5,1,7,1.65,26.07
Wheat,Clay Soil,Maturation,67,41,36.8,1,7,1.6341,24.656
Wheat,Clay Soil,Maturation,68,42,34.1,1,7,1.619,23.188
Wheat,Clay Soil,Maturation,69,43,31.4,1,7,1.6047,21.666
Wheat,Clay Soil,Maturation,81,33,56.0,0,7,2.4545,45.36
Wheat,Clay Soil,Maturation,82,34,53.0,0,7,2.4118,43.46
Wheat,Clay Soil,Maturation,83,35,50.0,0,7,2.3714,41.5
Wheat,Clay Soil,Maturation,84,36,47.0,0,7,2.3333,39.48
Wheat,Clay Soil,Maturation,85,37,44.0,0,7,2.2973,37.4
Wheat,Clay Soil,Maturation,86,38,41.0,0,7,2.2632,35.26
Wheat,Clay Soil,Maturation,87,39,38.0,0,7,2.2308,33.06
Wheat,Clay Soil,Maturation,88,40,35.0,0,7,2.2,30.8
Wheat,Clay Soil,Maturation,89,41,32.0,0,7,2.1707,28.48
Wheat,Clay Soil,Maturation,90,42,29.0,0,7,2.1429,26.1
Wheat,Clay Soil,Maturation,91,43,26.0,0,7,2.1163,23.66
Wheat,Clay Soil,Maturation,92,44,23.0,0,7,2.0909,21.16
Wheat,Clay Soil,Maturation,93,45,20.0,0,7,2.0667,18.6
Wheat,Clay Soil,Maturation,94,46,17.0,0,7,2.0435,15.98
Wheat,Clay Soil,Maturation,95,25,80.0,0,7,3.8,76.0
Wheat,Clay Soil,Maturation,96,26,77.5,0,7,3.6923,74.4
Wheat,Clay Soil,Maturation,97,27,75.0,0,7,3.5926,72.75
Wheat,Clay Soil,Maturation,98,28,72.5,0,7,3.5,71.05
Wheat,Clay Soil,Maturation,99,29,70.0,0,7,3.4138,69.3
Wheat,Clay Soil,Maturation,100,30,67.5,0,7,3.3333,67.5
Wheat,Clay Soil,Harvest,1,31,65.0,1,8,0.0323,0.65
Wheat,Clay Soil,Harvest,2,32,62.5,1,8,0.0625,1.25
Wheat,Clay Soil,Harvest,3,33,60.0,1,8,0.0909,1.8
Wheat,Clay Soil,Harvest,4,34,57.5,1,8,0.1176,2.3
Wheat,Clay Soil,Harvest,5,35,55.0,1,8,0.1429,2.75
Wheat,Clay Soil,Harvest,6,36,52.5,1,8,0.1667,3.15
Wheat,Clay Soil,Harvest,7,37,50.0,1,8,0.1892,3.5
Wheat,Clay Soil,Harvest,8,38,47.5,1,8,0.2105,3.8
Wheat,Clay Soil,Harvest,9,39,45.0,1,8,0.2308,4.05
Wheat,Clay Soil,Harvest,10,40,42.5,1,8,0.25,4.25
Wheat,Clay Soil,Harvest,11,41,40.0,1,8,0.2683,4.4
Wheat,Clay Soil,Harvest,12,42,37.5,1,8,0.2857,4.5
Wheat,Clay Soil,Harvest,13,43,35.0,1,8,0.3023,4.55
Wheat,Clay Soil,Harvest,14,44,32.5,1,8,0.3182,4.55
Wheat,Clay Soil,Harvest,15,45,30.0,1,8,0.3333,4.5
Wheat,Clay Soil,Harvest,16,46,27.5,1,8,0.3478,4.4
Wheat,Clay Soil,Harvest,17,25,80.0,1,8,0.68,13.6
Wheat,Clay Soil,Harvest,18,26,77.3,1,8,0.6923,13.914
Wheat,Clay Soil,Harvest,19,27,74.6,1,8,0.7037,14.174
Wheat,Clay Soil,Harvest,20,28,71.9,1,8,0.7143,14.38
Wheat,Clay Soil,Harvest,21,29,69.2,1,8,0.7241,14.532
Wheat,Clay Soil,Harvest,22,30,66.5,1,8,0.7333,14.63
Wheat,Clay Soil,Harvest,23,31,63.8,1,8,0.7419,14.674
Wheat,Clay Soil,Harvest,24,32,61.1,1,8,0.75,14.664
Wheat,Clay Soil,Harvest,25,33,58.4,1,8,0.7576,14.6
Wheat,Clay Soil,Harvest,26,34,55.7,1,8,0.7647,14.482
Wheat,Clay Soil,Harvest,27,35,53.0,1,8,0.7714,14.31
Wheat,Clay Soil,Harvest,28,36,50.3,1,8,0.7778,14.084
Wheat,Clay Soil,Harvest,29,37,47.6,1,8,0.7838,13.804
Wheat,Clay Soil,Harvest,30,38,44.9,1,8,0.7895,13.47
Wheat,Clay Soil,Harvest,31,39,42.2,1,8,0.7949,13.082
Wheat,Clay Soil,Harvest,32,40,39.5,1,8,0.8,12.64
Wheat,Clay Soil,Harvest,33,41,36.8,1,8,0.8049,12.144
Wheat,Clay Soil,Harvest,34,42,34.1,1,8,0.8095,11.594
Wheat,Clay Soil,Harvest,35,43,31.4,1,8,0.814,10.99
Wheat,Clay Soil,Harvest,36,44,28.7,1,8,0.8182,10.332
Wheat,Clay Soil,Harvest,37,45,26.0,1,8,0.8222,9.62
Wheat,Clay Soil,Harvest,38,46,23.3,1,8,0.8261,8.854
Wheat,Clay Soil,Harvest,39,25,80.0,1,8,1.56,31.2
Wheat,Clay Soil,Harvest,40,26,77.0,1,8,1.5385,30.8
Wheat,Clay Soil,Harvest,41,27,74.0,1,8,1.5185,30.34
Wheat,Clay Soil,Harvest,42,28,71.0,1,8,1.5,29.82
Wheat,Clay Soil,Harvest,43,29,68.0,1,8,1.4828,29.24
Wheat,Clay Soil,Harvest,44,30,65.0,1,8,1.4667,28.6
Wheat,Clay Soil,Harvest,45,31,62.0,1,8,1.4516,27.9
Wheat,Clay Soil,Harvest,46,32,59.0,1,8,1.4375,27.14
Wheat,Clay Soil,Harvest,47,33,56.0,1,8,1.4242,26.32
Wheat,Clay Soil,Harvest,48,34,53.0,1,8,1.4118,25.44
Wheat,Clay Soil,Harvest,49,35,50.0,1,8,1.4,24.5
Wheat,Clay Soil,Harvest,50,36,47.0,1,8,1.3889,23.5
Wheat,Clay Soil,Harvest,51,37,44.0,1,8,1.3784,22.44
Wheat,Clay Soil,Harvest,52,38,41.0,1,8,1.3684,21.32
Wheat,Clay Soil,Harvest,53,39,38.0,1,8,1.359,20.14
Wheat,Clay Soil,Harvest,54,40,35.0,1,8,1.35,18.9
Wheat,Clay Soil,Harvest,55,41,32.0,1,8,1.3415,17.6
Wheat,Clay Soil,Harvest,56,42,29.0,1,8,1.3333,16.24
Wheat,Clay Soil,Harvest,57,43,26.0,1,8,1.3256,14.82
Wheat,Clay Soil,Harvest,58,44,23.0,1,8,1.3182,13.34
Wheat,Clay Soil,Harvest,59,45,20.0,1,8,1.3111,11.8
Wheat,Clay Soil,Harvest,71,35,55.0,0,8,2.0286,39.05
Wheat,Clay Soil,Harvest,72,36,52.5,0,8,2.0,37.8
Wheat,Clay Soil,Harvest,73,37,50.0,0,8,1.973,36.5
Wheat,Clay Soil,Harvest,74,38,47.5,0,8,1.9474,35.15
Wheat,Clay Soil,Harvest,75,39,45.0,0,8,1.9231,33.75
Wheat,Clay Soil,Harvest,76,40,42.5,0,8,1.9,32.3
Wheat,Clay Soil,Harvest,77,41,40.0,0,8,1.878,30.8
Wheat,Clay Soil,Harvest,78,42,37.5,0,8,1.8571,29.25
Wheat,Clay Soil,Harvest,79,43,35.0,0,8,1.8372,27.65
Wheat,Clay Soil,Harvest,80,44,32.5,0,8,1.8182,26.0
Wheat,Clay Soil,Harvest,81,45,30.0,0,8,1.8,24.3
Wheat,Clay Soil,Harvest,82,46,27.5,0,8,1.7826,22.55
Wheat,Clay Soil,Harvest,83,25,80.0,0,8,3.32,66.4
Wheat,Clay Soil,Harvest,84,26,77.3,0,8,3.2308,64.932
Wheat,Clay Soil,Harvest,85,27,74.6,0,8,3.1481,63.41
Wheat,Clay Soil,Harvest,86,28,71.9,0,8,3.0714,61.834
Wheat,Clay Soil,Harvest,87,29,69.2,0,8,3.0,60.204
Wheat,Clay Soil,Harvest,88,30,66.5,0,8,2.9333,58.52
Wheat,Clay Soil,Harvest,89,31,63.8,0,8,2.871,56.782
Wheat,Clay Soil,Harvest,90,32,61.1,0,8,2.8125,54.99
Wheat,Clay Soil,Harvest,91,33,58.4,0,8,2.7576,53.144
Wheat,Clay Soil,Harvest,92,34,55.7,0,8,2.7059,51.244
Wheat,Clay Soil,Harvest,93,35,53.0,0,8,2.6571,49.29
Wheat,Clay Soil,Harvest,94,36,50.3,0,8,2.6111,47.282
Wheat,Clay Soil,Harvest,95,37,47.6,0,8,2.5676,45.22
Wheat,Clay Soil,Harvest,96,38,44.9,0,8,2.5263,43.104
Wheat,Clay Soil,Harvest,97,39,42.2,0,8,2.4872,40.934
Wheat,Clay Soil,Harvest,98,40,39.5,0,8,2.45,38.71
Wheat,Clay Soil,Harvest,99,41,36.8,0,8,2.4146,36.432
Wheat,Clay Soil,Harvest,100,42,34.1,0,8,2.381,34.1
Wheat,Black Soil,Germination,1,24,80.0,0,1,0.0417,0.8
Wheat,Black Soil,Germination,2,23,81.0,0,1,0.087,1.62
Wheat,Black Soil,Germination,3,22,82.0,0,1,0.1364,2.46
Wheat,Black Soil,Germination,4,21,83.0,0,1,0.1905,3.32
Wheat,Black Soil,Germination,5,20,84.0,0,1,0.25,4.2
Wheat,Black Soil,Germination,6,19,85.0,0,1,0.3158,5.1
Wheat,Black Soil,Germination,7,18,86.0,0,1,0.3889,6.02
Wheat,Black Soil,Germination,8,17,87.0,0,1,0.4706,6.96
Wheat,Black Soil,Germination,9,16,88.0,0,1,0.5625,7.92
Wheat,Black Soil,Germination,10,15,89.0,0,1,0.6667,8.9
Wheat,Black Soil,Germination,11,14,90.0,0,1,0.7857,9.9
Wheat,Black Soil,Germination,12,13,91.0,0,1,0.9231,10.92
Wheat,Black Soil,Germination,13,24,80.0,0,1,0.5417,10.4
Wheat,Black Soil,Germination,14,23,81.0,0,1,0.6087,11.34
Wheat,Black Soil,Germination,15,22,82.0,0,1,0.6818,12.3
Wheat,Black Soil,Germination,16,21,83.0,0,1,0.7619,13.28
Wheat,Black Soil,Germination,17,20,84.0,0,1,0.85,14.28
Wheat,Black Soil,Germination,18,19,85.0,0,1,0.9474,15.3
Wheat,Black Soil,Germination,19,18,86.0,0,1,1.0556,16.34
Wheat,Black Soil,Germination,20,17,87.0,0,1,1.1765,17.4
Wheat,Black Soil,Germination,21,16,88.0,0,1,1.3125,18.48
Wheat,Black Soil,Germination,22,15,89.0,0,1,1.4667,19.58
Wheat,Black Soil,Germination,23,14,90.0,0,1,1.6429,20.7
Wheat,Black Soil,Germination,24,13,91.0,0,1,1.8462,21.84
Wheat,Black Soil,Germination,25,24,80.0,0,1,1.0417,20.0
Wheat,Black Soil,Germination,26,23,81.0,0,1,1.1304,21.06
Wheat,Black Soil,Germination,27,22,82.0,0,1,1.2273,22.14
Wheat,Black Soil,Germination,28,21,83.0,0,1,1.3333,23.24
Wheat,Black Soil,Germination,29,20,84.0,0,1,1.45,24.36
Wheat,Black Soil,Germination,30,19,85.0,0,1,1.5789,25.5
Wheat,Black Soil,Seedling Stage,1,24,80.0,0,2,0.0417,0.8
Wheat,Black Soil,Seedling Stage,2,23,81.0,0,2,0.087,1.62
Wheat,Black Soil,Seedling Stage,3,22,82.0,0,2,0.1364,2.46
Wheat,Black Soil,Seedling Stage,4,21,83.0,0,2,0.1905,3.32
Wheat,Black Soil,Seedling Stage,5,20,84.0,0,2,0.25,4.2
Wheat,Black Soil,Seedling Stage,6,19,85.0,0,2,0.3158,5.1
Wheat,Black Soil,Seedling Stage,7,18,86.0,0,2,0.3889,6.02
Wheat,Black Soil,Seedling Stage,8,17,87.0,0,2,0.4706,6.96
Wheat,Black Soil,Seedling Stage,9,16,88.0,0,2,0.5625,7.92
Wheat,Black Soil,Seedling Stage,10,15,89.0,0,2,0.6667,8.9
Wheat,Black Soil,Seedling Stage,11,14,90.0,0,2,0.7857,9.9
Wheat,Black Soil,Seedling Stage,12,13,91.0,0,2,0.9231,10.92
Wheat,Black Soil,Seedling Stage,13,24,80.0,0,2,0.5417,10.4
Wheat,Black Soil,Seedling Stage,14,23,81.0,0,2,0.6087,11.34
Wheat,Black Soil,Seedling Stage,15,22,82.0,0,2,0.6818,12.3
Wheat,Black Soil,Seedling Stage,16,21,83.0,0,2,0.7619,13.28
Wheat,Black Soil,Seedling Stage,17,20,84.0,0,2,0.85,14.28
Wheat,Black Soil,Seedling Stage,18,19,85.0,0,2,0.9474,15.3
Wheat,Black Soil,Seedling Stage,19,18,86.0,0,2,1.0556,16.34
Wheat,Black Soil,Seedling Stage,20,17,87.0,0,2,1.1765,17.4
Wheat,Black Soil,Seedling Stage,21,16,88.0,0,2,1.3125,18.48
Wheat,Black Soil,Seedling Stage,22,15,89.0,0,2,1.4667,19.58
Wheat,Black Soil,Seedling Stage,23,14,90.0,0,2,1.6429,20.7
Wheat,Black Soil,Seedling Stage,24,13,91.0,0,2,1.8462,21.84
Wheat,Black Soil,Seedling Stage,25,24,80.0,0,2,1.0417,20.0
Wheat,Black Soil,Seedling Stage,26,23,81.0,0,2,1.1304,21.06
Wheat,Black Soil,Seedling Stage,27,22,82.0,0,2,1.2273,22.14
Wheat,Black Soil,Seedling Stage,28,21,83.0,0,2,1.3333,23.24
Wheat,Black Soil,Seedling Stage,29,20,84.0,0,2,1.45,24.36
Wheat,Black Soil,Seedling Stage,30,19,85.0,0,2,1.5789,25.5
Wheat,Black Soil,Seedling Stage,31,18,86.0,0,2,1.7222,26.66
Wheat,Black Soil,Seedling Stage,32,17,87.0,0,2,1.8824,27.84
Wheat,Black Soil,Seedling Stage,33,16,88.0,0,2,2.0625,29.04
Wheat,Black Soil,Seedling Stage,34,15,89.0,0,2,2.2667,30.26
Wheat,Black Soil,Seedling Stage,35,14,90.0,0,2,2.5,31.5
Wheat,Black Soil,Seedling Stage,36,13,91.0,0,2,2.7692,32.76
Wheat,Black Soil,Seedling Stage,37,24,80.0,0,2,1.5417,29.6
Wheat,Black Soil,Seedling Stage,38,23,81.0,0,2,1.6522,30.78
Wheat,Black Soil,Seedling Stage,39,22,82.0,0,2,1.7727,31.98
Wheat,Black Soil,Vegetative Growth / Root or Tuber Development,1,24,80.0,0,3,0.0417,0.8
Wheat,Black Soil,Vegetative Growth / Root or Tuber Development,2,23,81.0,0,3,0.087,1.62
Wheat,Black Soil,Vegetative Growth / Root or Tuber Development,3,22,82.0,0,3,0.1364,2.46
Wheat,Black Soil,Vegetative Growth / Root or Tuber Development,4,21,83.0,0,3,0.1905,3.32
Wheat,Black Soil,Vegetative Growth / Root or Tuber Development,5,20,84.0,0,3,0.25,4.2
Wheat,Black Soil,Vegetative Growth / Root or Tuber Development,6,19,85.0,0,3,0.3158,5.1
Wheat,Black Soil,Vegetative Growth / Root or Tuber Development,7,18,86.0,0,3,0.3889,6.02
Wheat,Black Soil,Vegetative Growth / Root or Tuber Development,8,17,87.0,0,3,0.4706,6.96
Wheat,Black Soil,Vegetative Growth / Root or Tuber Development,9,16,88.0,0,3,0.5625,7.92
Wheat,Black Soil,Vegetative Growth / Root or Tuber Development,10,15,89.0,0,3,0.6667,8.9
Wheat,Black Soil,Vegetative Growth / Root or Tuber Development,11,14,90.0,0,3,0.7857,9.9
Wheat,Black Soil,Vegetative Growth / Root or Tuber Development,12,13,91.0,0,3,0.9231,10.92
Wheat,Black Soil,Vegetative Growth / Root or Tuber Development,13,24,80.0,0,3,0.5417,10.4
Wheat,Black Soil,Vegetative Growth / Root or Tuber Development,14,23,81.0,0,3,0.6087,11.34
Wheat,Black Soil,Vegetative Growth / Root or Tuber Development,15,22,82.0,0,3,0.6818,12.3
Wheat,Black Soil,Vegetative Growth / Root or Tuber Development,16,21,83.0,0,3,0.7619,13.28
Wheat,Black Soil,Vegetative Growth / Root or Tuber Development,17,20,84.0,0,3,0.85,14.28
Wheat,Black Soil,Vegetative Growth / Root or Tuber Development,18,19,85.0,0,3,0.9474,15.3
Wheat,Black Soil,Vegetative Growth / Root or Tuber Development,19,18,86.0,0,3,1.0556,16.34
Wheat,Black Soil,Vegetative Growth / Root or Tuber Development,20,17,87.0,0,3,1.1765,17.4
Wheat,Black Soil,Vegetative Growth / Root or Tuber Development,21,16,88.0,0,3,1.3125,18.48
Wheat,Black Soil,Vegetative Growth / Root or Tuber Development,22,15,89.0,0,3,1.4667,19.58
Wheat,Black Soil,Vegetative Growth / Root or Tuber Development,23,14,90.0,0,3,1.6429,20.7
Wheat,Black Soil,Vegetative Growth / Root or Tuber Development,24,13,91.0,0,3,1.8462,21.84
Wheat,Black Soil,Vegetative Growth / Root or Tuber Development,25,24,80.0,0,3,1.0417,20.0
Wheat,Black Soil,Vegetative Growth / Root or Tuber Development,26,23,81.0,0,3,1.1304,21.06
Wheat,Black Soil,Vegetative Growth / Root or Tuber Development,27,22,82.0,0,3,1.2273,22.14
Wheat,Black Soil,Vegetative Growth / Root or Tuber Development,28,21,83.0,0,3,1.3333,23.24
Wheat,Black Soil,Vegetative Growth / Root or Tuber Development,29,20,84.0,0,3,1.45,24.36
Wheat,Black Soil,Vegetative Growth / Root or Tuber Development,30,19,85.0,0,3,1.5789,25.5
Wheat,Black Soil,Vegetative Growth / Root or Tuber Development,31,18,86.0,0,3,1.7222,26.66
Wheat,Black Soil,Vegetative Growth / Root or Tuber Development,32,17,87.0,0,3,1.8824,27.84
Wheat,Black Soil,Vegetative Growth / Root or Tuber Development,33,16,88.0,0,3,2.0625,29.04
Wheat,Black Soil,Vegetative Growth / Root or Tuber Development,34,15,89.0,0,3,2.2667,30.26
Wheat,Black Soil,Vegetative Growth / Root or Tuber Development,35,14,90.0,0,3,2.5,31.5
Wheat,Black Soil,Vegetative Growth / Root or Tuber Development,36,13,91.0,0,3,2.7692,32.76
Wheat,Black Soil,Vegetative Growth / Root or Tuber Development,37,24,80.0,0,3,1.5417,29.6
Wheat,Black Soil,Vegetative Growth / Root or Tuber Development,38,23,81.0,0,3,1.6522,30.78
Wheat,Black Soil,Vegetative Growth / Root or Tuber Development,39,22,82.0,0,3,1.7727,31.98
Wheat,Black Soil,Vegetative Growth / Root or Tuber Development,40,21,83.0,0,3,1.9048,33.2
Wheat,Black Soil,Vegetative Growth / Root or Tuber Development,41,20,84.0,0,3,2.05,34.44
Wheat,Black Soil,Vegetative Growth / Root or Tuber Development,42,19,85.0,0,3,2.2105,35.7
Wheat,Black Soil,Vegetative Growth / Root or Tuber Development,43,18,86.0,0,3,2.3889,36.98
Wheat,Black Soil,Vegetative Growth / Root or Tuber Development,44,17,87.0,0,3,2.5882,38.28
Wheat,Black Soil,Vegetative Growth / Root or Tuber Development,45,16,88.0,0,3,2.8125,39.6
Wheat,Black Soil,Vegetative Growth / Root or Tuber Development,46,15,89.0,0,3,3.0667,40.94
Wheat,Black Soil,Vegetative Growth / Root or Tuber Development,47,14,90.0,0,3,3.3571,42.3
Wheat,Black Soil,Vegetative Growth / Root or Tuber Development,48,13,91.0,0,3,3.6923,43.68
Wheat,Black Soil,Vegetative Growth / Root or Tuber Development,49,24,80.0,0,3,2.0417,39.2
Wheat,Black Soil,Flowering,1,24,80.0,0,4,0.0417,0.8
Wheat,Black Soil,Flowering,2,23,81.0,0,4,0.087,1.62
Wheat,Black Soil,Flowering,3,22,82.0,0,4,0.1364,2.46
Wheat,Black Soil,Flowering,4,21,83.0,0,4,0.1905,3.32
Wheat,Black Soil,Flowering,5,20,84.0,0,4,0.25,4.2
Wheat,Black Soil,Flowering,6,19,85.0,0,4,0.3158,5.1
Wheat,Black Soil,Flowering,7,18,86.0,0,4,0.3889,6.02
Wheat,Black Soil,Flowering,8,17,87.0,0,4,0.4706,6.96
Wheat,Black Soil,Flowering,9,16,88.0,0,4,0.5625,7.92
Wheat,Black Soil,Flowering,10,15,89.0,0,4,0.6667,8.9
Wheat,Black Soil,Flowering,11,14,90.0,0,4,0.7857,9.9
Wheat,Black Soil,Flowering,12,13,91.0,0,4,0.9231,10.92
Wheat,Black Soil,Flowering,13,24,80.0,0,4,0.5417,10.4
Wheat,Black Soil,Flowering,14,23,81.0,0,4,0.6087,11.34
Wheat,Black Soil,Flowering,15,22,82.0,0,4,0.6818,12.3
Wheat,Black Soil,Flowering,16,21,83.0,0,4,0.7619,13.28
Wheat,Black Soil,Flowering,17,20,84.0,0,4,0.85,14.28
Wheat,Black Soil,Flowering,18,19,85.0,0,4,0.9474,15.3
Wheat,Black Soil,Flowering,19,18,86.0,0,4,1.0556,16.34
Wheat,Black Soil,Flowering,20,17,87.0,0,4,1.1765,17.4
Wheat,Black Soil,Flowering,21,16,88.0,0,4,1.3125,18.48
Wheat,Black Soil,Flowering,22,15,89.0,0,4,1.4667,19.58
Wheat,Black Soil,Flowering,23,14,90.0,0,4,1.6429,20.7
Wheat,Black Soil,Flowering,24,13,91.0,0,4,1.8462,21.84
Wheat,Black Soil,Flowering,25,24,80.0,0,4,1.0417,20.0
Wheat,Black Soil,Flowering,26,23,81.0,0,4,1.1304,21.06
Wheat,Black Soil,Flowering,27,22,82.0,0,4,1.2273,22.14
Wheat,Black Soil,Flowering,28,21,83.0,0,4,1.3333,23.24
Wheat,Black Soil,Flowering,29,20,84.0,0,4,1.45,24.36
Wheat,Black Soil,Flowering,30,19,85.0,0,4,1.5789,25.5
Wheat,Black Soil,Flowering,31,18,86.0,0,4,1.7222,26.66
Wheat,Black Soil,Flowering,32,17,87.0,0,4,1.8824,27.84
Wheat,Black Soil,Flowering,33,16,88.0,0,4,2.0625,29.04
Wheat,Black Soil,Flowering,34,15,89.0,0,4,2.2667,30.26
Wheat,Black Soil,Flowering,35,14,90.0,0,4,2.5,31.5
Wheat,Black Soil,Flowering,36,13,91.0,0,4,2.7692,32.76
Wheat,Black Soil,Flowering,37,24,80.0,0,4,1.5417,29.6
Wheat,Black Soil,Flowering,38,23,81.0,0,4,1.6522,30.78
Wheat,Black Soil,Flowering,39,22,82.0,0,4,1.7727,31.98
Wheat,Black Soil,Flowering,40,21,83.0,0,4,1.9048,33.2
Wheat,Black Soil,Flowering,41,20,84.0,0,4,2.05,34.44
Wheat,Black Soil,Flowering,42,19,85.0,0,4,2.2105,35.7
Wheat,Black Soil,Flowering,43,18,86.0,0,4,2.3889,36.98
Wheat,Black Soil,Flowering,44,17,87.0,0,4,2.5882,38.28
Wheat,Black Soil,Flowering,45,16,88.0,0,4,2.8125,39.6
Wheat,Black Soil,Flowering,46,15,89.0,0,4,3.0667,40.94
Wheat,Black Soil,Flowering,47,14,90.0,0,4,3.3571,42.3
Wheat,Black Soil,Flowering,48,13,91.0,0,4,3.6923,43.68
Wheat,Black Soil,Flowering,49,24,80.0,0,4,2.0417,39.2
Wheat,Black Soil,Flowering,50,23,81.0,0,4,2.1739,40.5
Wheat,Black Soil,Flowering,51,22,82.0,0,4,2.3182,41.82
Wheat,Black Soil,Flowering,52,21,83.0,0,4,2.4762,43.16
Wheat,Black Soil,Flowering,53,20,84.0,0,4,2.65,44.52
Wheat,Black Soil,Flowering,54,19,85.0,0,4,2.8421,45.9
Wheat,Black Soil,Flowering,55,18,86.0,0,4,3.0556,47.3
Wheat,Black Soil,Flowering,56,17,87.0,0,4,3.2941,48.72
Wheat,Black Soil,Flowering,57,16,88.0,0,4,3.5625,50.16
Wheat,Black Soil,Flowering,58,15,89.0,0,4,3.8667,51.62
Wheat,Black Soil,Flowering,59,14,90.0,0,4,4.2143,53.1
Wheat,Black Soil,Pollination,1,24,80.0,0,5,0.0417,0.8
Wheat,Black Soil,Pollination,2,23,81.0,0,5,0.087,1.62
Wheat,Black Soil,Pollination,3,22,82.0,0,5,0.1364,2.46
Wheat,Black Soil,Pollination,4,21,83.0,0,5,0.1905,3.32
Wheat,Black Soil,Pollination,5,20,84.0,0,5,0.25,4.2
Wheat,Black Soil,Pollination,6,19,85.0,0,5,0.3158,5.1
Wheat,Black Soil,Pollination,7,18,86.0,0,5,0.3889,6.02
Wheat,Black Soil,Pollination,8,17,87.0,0,5,0.4706,6.96
Wheat,Black Soil,Pollination,9,16,88.0,0,5,0.5625,7.92
Wheat,Black Soil,Pollination,10,15,89.0,0,5,0.6667,8.9
Wheat,Black Soil,Pollination,11,14,90.0,0,5,0.7857,9.9
Wheat,Black Soil,Pollination,12,13,91.0,0,5,0.9231,10.92
Wheat,Black Soil,Pollination,13,24,80.0,0,5,0.5417,10.4
Wheat,Black Soil,Pollination,14,23,81.0,0,5,0.6087,11.34
Wheat,Black Soil,Pollination,15,22,82.0,0,5,0.6818,12.3
Wheat,Black Soil,Pollination,16,21,83.0,0,5,0.7619,13.28
Wheat,Black Soil,Pollination,17,20,84.0,0,5,0.85,14.28
Wheat,Black Soil,Pollination,18,19,85.0,0,5,0.9474,15.3
Wheat,Black Soil,Pollination,19,18,86.0,0,5,1.0556,16.34
Wheat,Black Soil,Pollination,20,17,87.0,0,5,1.1765,17.4
Wheat,Black Soil,Pollination,21,16,88.0,0,5,1.3125,18.48
Wheat,Black Soil,Pollination,22,15,89.0,0,5,1.4667,19.58
Wheat,Black Soil,Pollination,23,14,90.0,0,5,1.6429,20.7
Wheat,Black Soil,Pollination,24,13,91.0,0,5,1.8462,21.84
Wheat,Black Soil,Pollination,25,24,80.0,0,5,1.0417,20.0
Wheat,Black Soil,Pollination,26,23,81.0,0,5,1.1304,21.06
Wheat,Black Soil,Pollination,27,22,82.0,0,5,1.2273,22.14
Wheat,Black Soil,Pollination,28,21,83.0,0,5,1.3333,23.24
Wheat,Black Soil,Pollination,29,20,84.0,0,5,1.45,24.36
Wheat,Black Soil,Pollination,30,19,85.0,0,5,1.5789,25.5
Wheat,Black Soil,Pollination,31,18,86.0,0,5,1.7222,26.66
Wheat,Black Soil,Pollination,32,17,87.0,0,5,1.8824,27.84
Wheat,Black Soil,Pollination,33,16,88.0,0,5,2.0625,29.04
Wheat,Black Soil,Pollination,34,15,89.0,0,5,2.2667,30.26
Wheat,Black Soil,Pollination,35,14,90.0,0,5,2.5,31.5
Wheat,Black Soil,Pollination,36,13,91.0,0,5,2.7692,32.76
Wheat,Black Soil,Pollination,37,24,80.0,0,5,1.5417,29.6
Wheat,Black Soil,Pollination,38,23,81.0,0,5,1.6522,30.78
Wheat,Black Soil,Pollination,39,22,82.0,0,5,1.7727,31.98
Wheat,Black Soil,Pollination,40,21,83.0,0,5,1.9048,33.2
Wheat,Black Soil,Pollination,41,20,84.0,0,5,2.05,34.44
Wheat,Black Soil,Pollination,42,19,85.0,0,5,2.2105,35.7
Wheat,Black Soil,Pollination,43,18,86.0,0,5,2.3889,36.98
Wheat,Black Soil,Pollination,44,17,87.0,0,5,2.5882,38.28
Wheat,Black Soil,Pollination,45,16,88.0,0,5,2.8125,39.6
Wheat,Black Soil,Pollination,46,15,89.0,0,5,3.0667,40.94
Wheat,Black Soil,Pollination,47,14,90.0,0,5,3.3571,42.3
Wheat,Black Soil,Pollination,48,13,91.0,0,5,3.6923,43.68
Wheat,Black Soil,Pollination,49,24,80.0,0,5,2.0417,39.2
Wheat,Black Soil,Pollination,50,23,81.0,0,5,2.1739,40.5
Wheat,Black Soil,Pollination,51,22,82.0,0,5,2.3182,41.82
Wheat,Black Soil,Pollination,52,21,83.0,0,5,2.4762,43.16
Wheat,Black Soil,Pollination,53,20,84.0,0,5,2.65,44.52
Wheat,Black Soil,Pollination,54,19,85.0,0,5,2.8421,45.9
Wheat,Black Soil,Pollination,55,18,86.0,0,5,3.0556,47.3
Wheat,Black Soil,Pollination,56,17,87.0,0,5,3.2941,48.72
Wheat,Black Soil,Pollination,57,16,88.0,0,5,3.5625,50.16
Wheat,Black Soil,Pollination,58,15,89.0,0,5,3.8667,51.62
Wheat,Black Soil,Pollination,59,14,90.0,0,5,4.2143,53.1
Wheat,Black Soil,Pollination,60,13,91.0,0,5,4.6154,54.6
Wheat,Black Soil,Pollination,61,24,80.0,0,5,2.5417,48.8
Wheat,Black Soil,Pollination,62,23,81.0,0,5,2.6957,50.22
Wheat,Black Soil,Pollination,63,22,82.0,0,5,2.8636,51.66
Wheat,Black Soil,Pollination,64,21,83.0,0,5,3.0476,53.12
Wheat,Black Soil,Pollination,65,20,84.0,0,5,3.25,54.6
Wheat,Black Soil,Pollination,66,19,85.0,0,5,3.4737,56.1
Wheat,Black Soil,Pollination,67,18,86.0,0,5,3.7222,57.62
Wheat,Black Soil,Pollination,68,17,87.0,0,5,4.0,59.16
Wheat,Black Soil,Pollination,69,16,88.0,0,5,4.3125,60.72
Wheat,Black Soil,Fruit/Grain/Bulb Formation,1,24,80.0,0,6,0.0417,0.8
Wheat,Black Soil,Fruit/Grain/Bulb Formation,2,23,81.0,0,6,0.087,1.62
Wheat,Black Soil,Fruit/Grain/Bulb Formation,3,22,82.0,0,6,0.1364,2.46
Wheat,Black Soil,Fruit/Grain/Bulb Formation,4,21,83.0,0,6,0.1905,3.32
Wheat,Black Soil,Fruit/Grain/Bulb Formation,5,20,84.0,0,6,0.25,4.2
Wheat,Black Soil,Fruit/Grain/Bulb Formation,6,19,85.0,0,6,0.3158,5.1
Wheat,Black Soil,Fruit/Grain/Bulb Formation,7,18,86.0,0,6,0.3889,6.02
Wheat,Black Soil,Fruit/Grain/Bulb Formation,8,17,87.0,0,6,0.4706,6.96
Wheat,Black Soil,Fruit/Grain/Bulb Formation,9,16,88.0,0,6,0.5625,7.92
Wheat,Black Soil,Fruit/Grain/Bulb Formation,10,15,89.0,0,6,0.6667,8.9
Wheat,Black Soil,Fruit/Grain/Bulb Formation,11,14,90.0,0,6,0.7857,9.9
Wheat,Black Soil,Fruit/Grain/Bulb Formation,12,13,91.0,0,6,0.9231,10.92
Wheat,Black Soil,Fruit/Grain/Bulb Formation,13,24,80.0,0,6,0.5417,10.4
Wheat,Black Soil,Fruit/Grain/Bulb Formation,14,23,81.0,0,6,0.6087,11.34
Wheat,Black Soil,Fruit/Grain/Bulb Formation,15,22,82.0,0,6,0.6818,12.3
Wheat,Black Soil,Fruit/Grain/Bulb Formation,16,21,83.0,0,6,0.7619,13.28
Wheat,Black Soil,Fruit/Grain/Bulb Formation,17,20,84.0,0,6,0.85,14.28
Wheat,Black Soil,Fruit/Grain/Bulb Formation,18,19,85.0,0,6,0.9474,15.3
Wheat,Black Soil,Fruit/Grain/Bulb Formation,19,18,86.0,0,6,1.0556,16.34
Wheat,Black Soil,Fruit/Grain/Bulb Formation,20,17,87.0,0,6,1.1765,17.4
Wheat,Black Soil,Fruit/Grain/Bulb Formation,21,16,88.0,0,6,1.3125,18.48
Wheat,Black Soil,Fruit/Grain/Bulb Formation,22,15,89.0,0,6,1.4667,19.58
Wheat,Black Soil,Fruit/Grain/Bulb Formation,23,14,90.0,0,6,1.6429,20.7
Wheat,Black Soil,Fruit/Grain/Bulb Formation,24,13,91.0,0,6,1.8462,21.84
Wheat,Black Soil,Fruit/Grain/Bulb Formation,25,24,80.0,0,6,1.0417,20.0
Wheat,Black Soil,Fruit/Grain/Bulb Formation,26,23,81.0,0,6,1.1304,21.06
Wheat,Black Soil,Fruit/Grain/Bulb Formation,27,22,82.0,0,6,1.2273,22.14
Wheat,Black Soil,Fruit/Grain/Bulb Formation,28,21,83.0,0,6,1.3333,23.24
Wheat,Black Soil,Fruit/Grain/Bulb Formation,29,20,84.0,0,6,1.45,24.36
Wheat,Black Soil,Fruit/Grain/Bulb Formation,30,19,85.0,0,6,1.5789,25.5
Wheat,Black Soil,Fruit/Grain/Bulb Formation,31,18,86.0,0,6,1.7222,26.66
Wheat,Black Soil,Fruit/Grain/Bulb Formation,32,17,87.0,0,6,1.8824,27.84
Wheat,Black Soil,Fruit/Grain/Bulb Formation,33,16,88.0,0,6,2.0625,29.04
Wheat,Black Soil,Fruit/Grain/Bulb Formation,34,15,89.0,0,6,2.2667,30.26
Wheat,Black Soil,Fruit/Grain/Bulb Formation,35,14,90.0,0,6,2.5,31.5
Wheat,Black Soil,Fruit/Grain/Bulb Formation,36,13,91.0,0,6,2.7692,32.76
Wheat,Black Soil,Fruit/Grain/Bulb Formation,37,24,80.0,0,6,1.5417,29.6
Wheat,Black Soil,Fruit/Grain/Bulb Formation,38,23,81.0,0,6,1.6522,30.78
Wheat,Black Soil,Fruit/Grain/Bulb Formation,39,22,82.0,0,6,1.7727,31.98
Wheat,Black Soil,Fruit/Grain/Bulb Formation,40,21,83.0,0,6,1.9048,33.2
Wheat,Black Soil,Fruit/Grain/Bulb Formation,41,20,84.0,0,6,2.05,34.44
Wheat,Black Soil,Fruit/Grain/Bulb Formation,42,19,85.0,0,6,2.2105,35.7
Wheat,Black Soil,Fruit/Grain/Bulb Formation,43,18,86.0,0,6,2.3889,36.98
Wheat,Black Soil,Fruit/Grain/Bulb Formation,44,17,87.0,0,6,2.5882,38.28
Wheat,Black Soil,Fruit/Grain/Bulb Formation,45,16,88.0,0,6,2.8125,39.6
Wheat,Black Soil,Fruit/Grain/Bulb Formation,46,15,89.0,0,6,3.0667,40.94
Wheat,Black Soil,Fruit/Grain/Bulb Formation,47,14,90.0,0,6,3.3571,42.3
Wheat,Black Soil,Fruit/Grain/Bulb Formation,48,13,91.0,0,6,3.6923,43.68
Wheat,Black Soil,Fruit/Grain/Bulb Formation,49,24,80.0,0,6,2.0417,39.2
Wheat,Black Soil,Fruit/Grain/Bulb Formation,50,23,81.0,0,6,2.1739,40.5
Wheat,Black Soil,Fruit/Grain/Bulb Formation,51,22,82.0,0,6,2.3182,41.82
Wheat,Black Soil,Fruit/Grain/Bulb Formation,52,21,83.0,0,6,2.4762,43.16
Wheat,Black Soil,Fruit/Grain/Bulb Formation,53,20,84.0,0,6,2.65,44.52
Wheat,Black Soil,Fruit/Grain/Bulb Formation,54,19,85.0,0,6,2.8421,45.9
Wheat,Black Soil,Fruit/Grain/Bulb Formation,55,18,86.0,0,6,3.0556,47.3
Wheat,Black Soil,Fruit/Grain/Bulb Formation,56,17,87.0,0,6,3.2941,48.72
Wheat,Black Soil,Fruit/Grain/Bulb Formation,57,16,88.0,0,6,3.5625,50.16
Wheat,Black Soil,Fruit/Grain/Bulb Formation,58,15,89.0,0,6,3.8667,51.62
Wheat,Black Soil,Fruit/Grain/Bulb Formation,59,14,90.0,0,6,4.2143,53.1
Wheat,Black Soil,Fruit/Grain/Bulb Formation,60,13,91.0,0,6,4.6154,54.6
Wheat,Black Soil,Fruit/Grain/Bulb Formation,61,24,80.0,0,6,2.5417,48.8
Wheat,Black Soil,Fruit/Grain/Bulb Formation,62,23,81.0,0,6,2.6957,50.22
Wheat,Black Soil,Fruit/Grain/Bulb Formation,63,22,82.0,0,6,2.8636,51.66
Wheat,Black Soil,Fruit/Grain/Bulb Formation,64,21,83.0,0,6,3.0476,53.12
Wheat,Black Soil,Fruit/Grain/Bulb Formation,65,20,84.0,0,6,3.25,54.6
Wheat,Black Soil,Fruit/Grain/Bulb Formation,66,19,85.0,0,6,3.4737,56.1
Wheat,Black Soil,Fruit/Grain/Bulb Formation,67,18,86.0,0,6,3.7222,57.62
Wheat,Black Soil,Fruit/Grain/Bulb Formation,68,17,87.0,0,6,4.0,59.16
Wheat,Black Soil,Fruit/Grain/Bulb Formation,69,16,88.0,0,6,4.3125,60.72
Wheat,Black Soil,Maturation,1,24,80.0,0,7,0.0417,0.8
Wheat,Black Soil,Maturation,2,23,81.0,0,7,0.087,1.62
Wheat,Black Soil,Maturation,3,22,82.0,0,7,0.1364,2.46
Wheat,Black Soil,Maturation,4,21,83.0,0,7,0.1905,3.32
Wheat,Black Soil,Maturation,5,20,84.0,0,7,0.25,4.2
Wheat,Black Soil,Maturation,6,19,85.0,0,7,0.3158,5.1
Wheat,Black Soil,Maturation,7,18,86.0,0,7,0.3889,6.02
Wheat,Black Soil,Maturation,8,17,87.0,0,7,0.4706,6.96
Wheat,Black Soil,Maturation,9,16,88.0,0,7,0.5625,7.92
Wheat,Black Soil,Maturation,10,15,89.0,0,7,0.6667,8.9
Wheat,Black Soil,Maturation,11,14,90.0,0,7,0.7857,9.9
Wheat,Black Soil,Maturation,12,13,91.0,0,7,0.9231,10.92
Wheat,Black Soil,Maturation,13,24,80.0,0,7,0.5417,10.4
Wheat,Black Soil,Maturation,14,23,81.0,0,7,0.6087,11.34
Wheat,Black Soil,Maturation,15,22,82.0,0,7,0.6818,12.3
Wheat,Black Soil,Maturation,16,21,83.0,0,7,0.7619,13.28
Wheat,Black Soil,Maturation,17,20,84.0,0,7,0.85,14.28
Wheat,Black Soil,Maturation,18,19,85.0,0,7,0.9474,15.3
Wheat,Black Soil,Maturation,19,18,86.0,0,7,1.0556,16.34
Wheat,Black Soil,Maturation,20,17,87.0,0,7,1.1765,17.4
Wheat,Black Soil,Maturation,21,16,88.0,0,7,1.3125,18.48
Wheat,Black Soil,Maturation,22,15,89.0,0,7,1.4667,19.58
Wheat,Black Soil,Maturation,23,14,90.0,0,7,1.6429,20.7
Wheat,Black Soil,Maturation,24,13,91.0,0,7,1.8462,21.84
Wheat,Black Soil,Maturation,25,24,80.0,0,7,1.0417,20.0
Wheat,Black Soil,Maturation,26,23,81.0,0,7,1.1304,21.06
Wheat,Black Soil,Maturation,27,22,82.0,0,7,1.2273,22.14
Wheat,Black Soil,Maturation,28,21,83.0,0,7,1.3333,23.24
Wheat,Black Soil,Maturation,29,20,84.0,0,7,1.45,24.36
Wheat,Black Soil,Maturation,30,19,85.0,0,7,1.5789,25.5
Wheat,Black Soil,Maturation,31,18,86.0,0,7,1.7222,26.66
Wheat,Black Soil,Maturation,32,17,87.0,0,7,1.8824,27.84
Wheat,Black Soil,Maturation,33,16,88.0,0,7,2.0625,29.04
Wheat,Black Soil,Maturation,34,15,89.0,0,7,2.2667,30.26
Wheat,Black Soil,Maturation,35,14,90.0,0,7,2.5,31.5
Wheat,Black Soil,Maturation,36,13,91.0,0,7,2.7692,32.76
Wheat,Black Soil,Maturation,37,24,80.0,0,7,1.5417,29.6
Wheat,Black Soil,Maturation,38,23,81.0,0,7,1.6522,30.78
Wheat,Black Soil,Maturation,39,22,82.0,0,7,1.7727,31.98
Wheat,Black Soil,Maturation,40,21,83.0,0,7,1.9048,33.2
Wheat,Black Soil,Maturation,41,20,84.0,0,7,2.05,34.44
Wheat,Black Soil,Maturation,42,19,85.0,0,7,2.2105,35.7
Wheat,Black Soil,Maturation,43,18,86.0,0,7,2.3889,36.98
Wheat,Black Soil,Maturation,44,17,87.0,0,7,2.5882,38.28
Wheat,Black Soil,Maturation,45,16,88.0,0,7,2.8125,39.6
Wheat,Black Soil,Maturation,46,15,89.0,0,7,3.0667,40.94
Wheat,Black Soil,Maturation,47,14,90.0,0,7,3.3571,42.3
Wheat,Black Soil,Maturation,48,13,91.0,0,7,3.6923,43.68
Wheat,Black Soil,Maturation,49,24,80.0,0,7,2.0417,39.2
Wheat,Black Soil,Maturation,50,23,81.0,0,7,2.1739,40.5
Wheat,Black Soil,Maturation,51,22,82.0,0,7,2.3182,41.82
Wheat,Black Soil,Maturation,52,21,83.0,0,7,2.4762,43.16
Wheat,Black Soil,Maturation,53,20,84.0,0,7,2.65,44.52
Wheat,Black Soil,Maturation,54,19,85.0,0,7,2.8421,45.9
Wheat,Black Soil,Maturation,55,18,86.0,0,7,3.0556,47.3
Wheat,Black Soil,Maturation,56,17,87.0,0,7,3.2941,48.72
Wheat,Black Soil,Maturation,57,16,88.0,0,7,3.5625,50.16
Wheat,Black Soil,Maturation,58,15,89.0,0,7,3.8667,51.62
Wheat,Black Soil,Maturation,59,14,90.0,0,7,4.2143,53.1
Wheat,Black Soil,Maturation,60,13,91.0,0,7,4.6154,54.6
Wheat,Black Soil,Maturation,61,24,80.0,0,7,2.5417,48.8
Wheat,Black Soil,Maturation,62,23,81.0,0,7,2.6957,50.22
Wheat,Black Soil,Maturation,63,22,82.0,0,7,2.8636,51.66
Wheat,Black Soil,Maturation,64,21,83.0,0,7,3.0476,53.12
Wheat,Black Soil,Maturation,65,20,84.0,0,7,3.25,54.6
Wheat,Black Soil,Maturation,66,19,85.0,0,7,3.4737,56.1
Wheat,Black Soil,Maturation,67,18,86.0,0,7,3.7222,57.62
Wheat,Black Soil,Maturation,68,17,87.0,0,7,4.0,59.16
Wheat,Black Soil,Maturation,69,16,88.0,0,7,4.3125,60.72
Wheat,Black Soil,Harvest,1,24,80.0,0,8,0.0417,0.8
Wheat,Black Soil,Harvest,2,23,81.0,0,8,0.087,1.62
Wheat,Black Soil,Harvest,3,22,82.0,0,8,0.1364,2.46
Wheat,Black Soil,Harvest,4,21,83.0,0,8,0.1905,3.32
Wheat,Black Soil,Harvest,5,20,84.0,0,8,0.25,4.2
Wheat,Black Soil,Harvest,6,19,85.0,0,8,0.3158,5.1
Wheat,Black Soil,Harvest,7,18,86.0,0,8,0.3889,6.02
Wheat,Black Soil,Harvest,8,17,87.0,0,8,0.4706,6.96
Wheat,Black Soil,Harvest,9,16,88.0,0,8,0.5625,7.92
Wheat,Black Soil,Harvest,10,15,89.0,0,8,0.6667,8.9
Wheat,Black Soil,Harvest,11,14,90.0,0,8,0.7857,9.9
Wheat,Black Soil,Harvest,12,13,91.0,0,8,0.9231,10.92
Wheat,Black Soil,Harvest,13,24,80.0,0,8,0.5417,10.4
Wheat,Black Soil,Harvest,14,23,81.0,0,8,0.6087,11.34
Wheat,Black Soil,Harvest,15,22,82.0,0,8,0.6818,12.3
Wheat,Black Soil,Harvest,16,21,83.0,0,8,0.7619,13.28
Wheat,Black Soil,Harvest,17,20,84.0,0,8,0.85,14.28
Wheat,Black Soil,Harvest,18,19,85.0,0,8,0.9474,15.3
Wheat,Black Soil,Harvest,19,18,86.0,0,8,1.0556,16.34
Wheat,Black Soil,Harvest,20,17,87.0,0,8,1.1765,17.4
Wheat,Black Soil,Harvest,21,16,88.0,0,8,1.3125,18.48
Wheat,Black Soil,Harvest,22,15,89.0,0,8,1.4667,19.58
Wheat,Black Soil,Harvest,23,14,90.0,0,8,1.6429,20.7
Wheat,Black Soil,Harvest,24,13,91.0,0,8,1.8462,21.84
Wheat,Black Soil,Harvest,25,24,80.0,0,8,1.0417,20.0
Wheat,Black Soil,Harvest,26,23,81.0,0,8,1.1304,21.06
Wheat,Black Soil,Harvest,27,22,82.0,0,8,1.2273,22.14
Wheat,Black Soil,Harvest,28,21,83.0,0,8,1.3333,23.24
Wheat,Black Soil,Harvest,29,20,84.0,0,8,1.45,24.36
Wheat,Black Soil,Harvest,30,19,85.0,0,8,1.5789,25.5
Wheat,Black Soil,Harvest,31,18,86.0,0,8,1.7222,26.66
Wheat,Black Soil,Harvest,32,17,87.0,0,8,1.8824,27.84
Wheat,Black Soil,Harvest,33,16,88.0,0,8,2.0625,29.04
Wheat,Black Soil,Harvest,34,15,89.0,0,8,2.2667,30.26
Wheat,Black Soil,Harvest,35,14,90.0,0,8,2.5,31.5
Wheat,Black Soil,Harvest,36,13,91.0,0,8,2.7692,32.76
Wheat,Black Soil,Harvest,37,24,80.0,0,8,1.5417,29.6
Wheat,Black Soil,Harvest,38,23,81.0,0,8,1.6522,30.78
Wheat,Black Soil,Harvest,39,22,82.0,0,8,1.7727,31.98
Wheat,Black Soil,Harvest,40,21,83.0,0,8,1.9048,33.2
Wheat,Black Soil,Harvest,41,20,84.0,0,8,2.05,34.44
Wheat,Black Soil,Harvest,42,19,85.0,0,8,2.2105,35.7
Wheat,Black Soil,Harvest,43,18,86.0,0,8,2.3889,36.98
Wheat,Black Soil,Harvest,44,17,87.0,0,8,2.5882,38.28
Wheat,Black Soil,Harvest,45,16,88.0,0,8,2.8125,39.6
Wheat,Black Soil,Harvest,46,15,89.0,0,8,3.0667,40.94
Wheat,Black Soil,Harvest,47,14,90.0,0,8,3.3571,42.3
Wheat,Black Soil,Harvest,48,13,91.0,0,8,3.6923,43.68
Wheat,Black Soil,Harvest,49,24,80.0,0,8,2.0417,39.2
Wheat,Black Soil,Harvest,50,23,81.0,0,8,2.1739,40.5
Wheat,Black Soil,Harvest,51,22,82.0,0,8,2.3182,41.82
Wheat,Black Soil,Harvest,52,21,83.0,0,8,2.4762,43.16
Wheat,Black Soil,Harvest,53,20,84.0,0,8,2.65,44.52
Wheat,Black Soil,Harvest,54,19,85.0,0,8,2.8421,45.9
Wheat,Black Soil,Harvest,55,18,86.0,0,8,3.0556,47.3
Wheat,Black Soil,Harvest,56,17,87.0,0,8,3.2941,48.72
Wheat,Black Soil,Harvest,57,16,88.0,0,8,3.5625,50.16
Wheat,Black Soil,Harvest,58,15,89.0,0,8,3.8667,51.62
Wheat,Black Soil,Harvest,59,14,90.0,0,8,4.2143,53.1
Wheat,Alluvial Soil,Germination,1,24,80.0,0,1,0.0417,0.8
Wheat,Alluvial Soil,Germination,2,23,81.0,0,1,0.087,1.62
Wheat,Alluvial Soil,Germination,3,22,82.0,0,1,0.1364,2.46
Wheat,Alluvial Soil,Germination,4,21,83.0,0,1,0.1905,3.32
Wheat,Alluvial Soil,Germination,5,20,84.0,0,1,0.25,4.2
Wheat,Alluvial Soil,Germination,6,19,85.0,0,1,0.3158,5.1
Wheat,Alluvial Soil,Germination,7,18,86.0,0,1,0.3889,6.02
Wheat,Alluvial Soil,Germination,8,17,87.0,0,1,0.4706,6.96
Wheat,Alluvial Soil,Germination,9,16,88.0,0,1,0.5625,7.92
Wheat,Alluvial Soil,Germination,10,15,89.0,0,1,0.6667,8.9
Wheat,Alluvial Soil,Germination,11,14,90.0,0,1,0.7857,9.9
Wheat,Alluvial Soil,Germination,12,13,91.0,0,1,0.9231,10.92
Wheat,Alluvial Soil,Germination,13,24,80.0,0,1,0.5417,10.4
Wheat,Alluvial Soil,Germination,14,23,81.0,0,1,0.6087,11.34
Wheat,Alluvial Soil,Germination,15,22,82.0,0,1,0.6818,12.3
Wheat,Alluvial Soil,Germination,16,21,83.0,0,1,0.7619,13.28
Wheat,Alluvial Soil,Germination,17,20,84.0,0,1,0.85,14.28
Wheat,Alluvial Soil,Germination,18,19,85.0,0,1,0.9474,15.3
Wheat,Alluvial Soil,Germination,19,18,86.0,0,1,1.0556,16.34
Wheat,Alluvial Soil,Germination,20,17,87.0,0,1,1.1765,17.4
Wheat,Alluvial Soil,Germination,21,16,88.0,0,1,1.3125,18.48
Wheat,Alluvial Soil,Germination,22,15,89.0,0,1,1.4667,19.58
Wheat,Alluvial Soil,Germination,23,14,90.0,0,1,1.6429,20.7
Wheat,Alluvial Soil,Germination,24,13,91.0,0,1,1.8462,21.84
Wheat,Alluvial Soil,Germination,25,24,80.0,0,1,1.0417,20.0
Wheat,Alluvial Soil,Germination,26,23,81.0,0,1,1.1304,21.06
Wheat,Alluvial Soil,Germination,27,22,82.0,0,1,1.2273,22.14
Wheat,Alluvial Soil,Germination,28,21,83.0,0,1,1.3333,23.24
Wheat,Alluvial Soil,Germination,29,20,84.0,0,1,1.45,24.36
Wheat,Alluvial Soil,Germination,30,19,85.0,0,1,1.5789,25.5
Wheat,Alluvial Soil,Seedling Stage,1,24,80.0,0,2,0.0417,0.8
Wheat,Alluvial Soil,Seedling Stage,2,23,81.0,0,2,0.087,1.62
Wheat,Alluvial Soil,Seedling Stage,3,22,82.0,0,2,0.1364,2.46
Wheat,Alluvial Soil,Seedling Stage,4,21,83.0,0,2,0.1905,3.32
Wheat,Alluvial Soil,Seedling Stage,5,20,84.0,0,2,0.25,4.2
Wheat,Alluvial Soil,Seedling Stage,6,19,85.0,0,2,0.3158,5.1
Wheat,Alluvial Soil,Seedling Stage,7,18,86.0,0,2,0.3889,6.02
Wheat,Alluvial Soil,Seedling Stage,8,17,87.0,0,2,0.4706,6.96
Wheat,Alluvial Soil,Seedling Stage,9,16,88.0,0,2,0.5625,7.92
Wheat,Alluvial Soil,Seedling Stage,10,15,89.0,0,2,0.6667,8.9
Wheat,Alluvial Soil,Seedling Stage,11,14,90.0,0,2,0.7857,9.9
Wheat,Alluvial Soil,Seedling Stage,12,13,91.0,0,2,0.9231,10.92
Wheat,Alluvial Soil,Seedling Stage,13,24,80.0,0,2,0.5417,10.4
Wheat,Alluvial Soil,Seedling Stage,14,23,81.0,0,2,0.6087,11.34
Wheat,Alluvial Soil,Seedling Stage,15,22,82.0,0,2,0.6818,12.3
Wheat,Alluvial Soil,Seedling Stage,16,21,83.0,0,2,0.7619,13.28
Wheat,Alluvial Soil,Seedling Stage,17,20,84.0,0,2,0.85,14.28
Wheat,Alluvial Soil,Seedling Stage,18,19,85.0,0,2,0.9474,15.3
Wheat,Alluvial Soil,Seedling Stage,19,18,86.0,0,2,1.0556,16.34
Wheat,Alluvial Soil,Seedling Stage,20,17,87.0,0,2,1.1765,17.4
Wheat,Alluvial Soil,Seedling Stage,21,16,88.0,0,2,1.3125,18.48
Wheat,Alluvial Soil,Seedling Stage,22,15,89.0,0,2,1.4667,19.58
Wheat,Alluvial Soil,Seedling Stage,23,14,90.0,0,2,1.6429,20.7
Wheat,Alluvial Soil,Seedling Stage,24,13,91.0,0,2,1.8462,21.84
Wheat,Alluvial Soil,Seedling Stage,25,24,80.0,0,2,1.0417,20.0
Wheat,Alluvial Soil,Seedling Stage,26,23,81.0,0,2,1.1304,21.06
Wheat,Alluvial Soil,Seedling Stage,27,22,82.0,0,2,1.2273,22.14
Wheat,Alluvial Soil,Seedling Stage,28,21,83.0,0,2,1.3333,23.24
Wheat,Alluvial Soil,Seedling Stage,29,20,84.0,0,2,1.45,24.36
Wheat,Alluvial Soil,Seedling Stage,30,19,85.0,0,2,1.5789,25.5
Wheat,Alluvial Soil,Seedling Stage,31,18,86.0,0,2,1.7222,26.66
Wheat,Alluvial Soil,Seedling Stage,32,17,87.0,0,2,1.8824,27.84
Wheat,Alluvial Soil,Seedling Stage,33,16,88.0,0,2,2.0625,29.04
Wheat,Alluvial Soil,Seedling Stage,34,15,89.0,0,2,2.2667,30.26
Wheat,Alluvial Soil,Seedling Stage,35,14,90.0,0,2,2.5,31.5
Wheat,Alluvial Soil,Seedling Stage,36,13,91.0,0,2,2.7692,32.76
Wheat,Alluvial Soil,Seedling Stage,37,24,80.0,0,2,1.5417,29.6
Wheat,Alluvial Soil,Seedling Stage,38,23,81.0,0,2,1.6522,30.78
Wheat,Alluvial Soil,Seedling Stage,39,22,82.0,0,2,1.7727,31.98
Wheat,Alluvial Soil,Vegetative Growth / Root or Tuber Development,1,24,80.0,0,3,0.0417,0.8
Wheat,Alluvial Soil,Vegetative Growth / Root or Tuber Development,2,23,81.0,0,3,0.087,1.62
Wheat,Alluvial Soil,Vegetative Growth / Root or Tuber Development,3,22,82.0,0,3,0.1364,2.46
Wheat,Alluvial Soil,Vegetative Growth / Root or Tuber Development,4,21,83.0,0,3,0.1905,3.32
Wheat,Alluvial Soil,Vegetative Growth / Root or Tuber Development,5,20,84.0,0,3,0.25,4.2
Wheat,Alluvial Soil,Vegetative Growth / Root or Tuber Development,6,19,85.0,0,3,0.3158,5.1
Wheat,Alluvial Soil,Vegetative Growth / Root or Tuber Development,7,18,86.0,0,3,0.3889,6.02
Wheat,Alluvial Soil,Vegetative Growth / Root or Tuber Development,8,17,87.0,0,3,0.4706,6.96
Wheat,Alluvial Soil,Vegetative Growth / Root or Tuber Development,9,16,88.0,0,3,0.5625,7.92
Wheat,Alluvial Soil,Vegetative Growth / Root or Tuber Development,10,15,89.0,0,3,0.6667,8.9
Wheat,Alluvial Soil,Vegetative Growth / Root or Tuber Development,11,14,90.0,0,3,0.7857,9.9
Wheat,Alluvial Soil,Vegetative Growth / Root or Tuber Development,12,13,91.0,0,3,0.9231,10.92
Wheat,Alluvial Soil,Vegetative Growth / Root or Tuber Development,13,24,80.0,0,3,0.5417,10.4
Wheat,Alluvial Soil,Vegetative Growth / Root or Tuber Development,14,23,81.0,0,3,0.6087,11.34
Wheat,Alluvial Soil,Vegetative Growth / Root or Tuber Development,15,22,82.0,0,3,0.6818,12.3
Wheat,Alluvial Soil,Vegetative Growth / Root or Tuber Development,16,21,83.0,0,3,0.7619,13.28
Wheat,Alluvial Soil,Vegetative Growth / Root or Tuber Development,17,20,84.0,0,3,0.85,14.28
Wheat,Alluvial Soil,Vegetative Growth / Root or Tuber Development,18,19,85.0,0,3,0.9474,15.3
Wheat,Alluvial Soil,Vegetative Growth / Root or Tuber Development,19,18,86.0,0,3,1.0556,16.34
Wheat,Alluvial Soil,Vegetative Growth / Root or Tuber Development,20,17,87.0,0,3,1.1765,17.4
Wheat,Alluvial Soil,Vegetative Growth / Root or Tuber Development,21,16,88.0,0,3,1.3125,18.48
Wheat,Alluvial Soil,Vegetative Growth / Root or Tuber Development,22,15,89.0,0,3,1.4667,19.58
Wheat,Alluvial Soil,Vegetative Growth / Root or Tuber Development,23,14,90.0,0,3,1.6429,20.7
Wheat,Alluvial Soil,Vegetative Growth / Root or Tuber Development,24,13,91.0,0,3,1.8462,21.84
Wheat,Alluvial Soil,Vegetative Growth / Root or Tuber Development,25,24,80.0,0,3,1.0417,20.0
Wheat,Alluvial Soil,Vegetative Growth / Root or Tuber Development,26,23,81.0,0,3,1.1304,21.06
Wheat,Alluvial Soil,Vegetative Growth / Root or Tuber Development,27,22,82.0,0,3,1.2273,22.14
Wheat,Alluvial Soil,Vegetative Growth / Root or Tuber Development,28,21,83.0,0,3,1.3333,23.24
Wheat,Alluvial Soil,Vegetative Growth / Root or Tuber Development,29,20,84.0,0,3,1.45,24.36
Wheat,Alluvial Soil,Vegetative Growth / Root or Tuber Development,30,19,85.0,0,3,1.5789,25.5
Wheat,Alluvial Soil,Vegetative Growth / Root or Tuber Development,31,18,86.0,0,3,1.7222,26.66
Wheat,Alluvial Soil,Vegetative Growth / Root or Tuber Development,32,17,87.0,0,3,1.8824,27.84
Wheat,Alluvial Soil,Vegetative Growth / Root or Tuber Development,33,16,88.0,0,3,2.0625,29.04
Wheat,Alluvial Soil,Vegetative Growth / Root or Tuber Development,34,15,89.0,0,3,2.2667,30.26
Wheat,Alluvial Soil,Vegetative Growth / Root or Tuber Development,35,14,90.0,0,3,2.5,31.5
Wheat,Alluvial Soil,Vegetative Growth / Root or Tuber Development,36,13,91.0,0,3,2.7692,32.76
Wheat,Alluvial Soil,Vegetative Growth / Root or Tuber Development,37,24,80.0,0,3,1.5417,29.6
Wheat,Alluvial Soil,Vegetative Growth / Root or Tuber Development,38,23,81.0,0,3,1.6522,30.78
Wheat,Alluvial Soil,Vegetative Growth / Root or Tuber Development,39,22,82.0,0,3,1.7727,31.98
Wheat,Alluvial Soil,Vegetative Growth / Root or Tuber Development,40,21,83.0,0,3,1.9048,33.2
Wheat,Alluvial Soil,Vegetative Growth / Root or Tuber Development,41,20,84.0,0,3,2.05,34.44
Wheat,Alluvial Soil,Vegetative Growth / Root or Tuber Development,42,19,85.0,0,3,2.2105,35.7
Wheat,Alluvial Soil,Vegetative Growth / Root or Tuber Development,43,18,86.0,0,3,2.3889,36.98
Wheat,Alluvial Soil,Vegetative Growth / Root or Tuber Development,44,17,87.0,0,3,2.5882,38.28
Wheat,Alluvial Soil,Vegetative Growth / Root or Tuber Development,45,16,88.0,0,3,2.8125,39.6
Wheat,Alluvial Soil,Vegetative Growth / Root or Tuber Development,46,15,89.0,0,3,3.0667,40.94
Wheat,Alluvial Soil,Vegetative Growth / Root or Tuber Development,47,14,90.0,0,3,3.3571,42.3
Wheat,Alluvial Soil,Vegetative Growth / Root or Tuber Development,48,13,91.0,0,3,3.6923,43.68
Wheat,Alluvial Soil,Vegetative Growth / Root or Tuber Development,49,24,80.0,0,3,2.0417,39.2
Wheat,Alluvial Soil,Flowering,1,24,80.0,0,4,0.0417,0.8
Wheat,Alluvial Soil,Flowering,2,23,81.0,0,4,0.087,1.62
Wheat,Alluvial Soil,Flowering,3,22,82.0,0,4,0.1364,2.46
Wheat,Alluvial Soil,Flowering,4,21,83.0,0,4,0.1905,3.32
Wheat,Alluvial Soil,Flowering,5,20,84.0,0,4,0.25,4.2
Wheat,Alluvial Soil,Flowering,6,19,85.0,0,4,0.3158,5.1
Wheat,Alluvial Soil,Flowering,7,18,86.0,0,4,0.3889,6.02
Wheat,Alluvial Soil,Flowering,8,17,87.0,0,4,0.4706,6.96
Wheat,Alluvial Soil,Flowering,9,16,88.0,0,4,0.5625,7.92
Wheat,Alluvial Soil,Flowering,10,15,89.0,0,4,0.6667,8.9
Wheat,Alluvial Soil,Flowering,11,14,90.0,0,4,0.7857,9.9
Wheat,Alluvial Soil,Flowering,12,13,91.0,0,4,0.9231,10.92
Wheat,Alluvial Soil,Flowering,13,24,80.0,0,4,0.5417,10.4
Wheat,Alluvial Soil,Flowering,14,23,81.0,0,4,0.6087,11.34
Wheat,Alluvial Soil,Flowering,15,22,82.0,0,4,0.6818,12.3
Wheat,Alluvial Soil,Flowering,16,21,83.0,0,4,0.7619,13.28
Wheat,Alluvial Soil,Flowering,17,20,84.0,0,4,0.85,14.28
Wheat,Alluvial Soil,Flowering,18,19,85.0,0,4,0.9474,15.3
Wheat,Alluvial Soil,Flowering,19,18,86.0,0,4,1.0556,16.34
Wheat,Alluvial Soil,Flowering,20,17,87.0,0,4,1.1765,17.4
Wheat,Alluvial Soil,Flowering,21,16,88.0,0,4,1.3125,18.48
Wheat,Alluvial Soil,Flowering,22,15,89.0,0,4,1.4667,19.58
Wheat,Alluvial Soil,Flowering,23,14,90.0,0,4,1.6429,20.7
Wheat,Alluvial Soil,Flowering,24,13,91.0,0,4,1.8462,21.84
Wheat,Alluvial Soil,Flowering,25,24,80.0,0,4,1.0417,20.0
Wheat,Alluvial Soil,Flowering,26,23,81.0,0,4,1.1304,21.06
Wheat,Alluvial Soil,Flowering,27,22,82.0,0,4,1.2273,22.14
Wheat,Alluvial Soil,Flowering,28,21,83.0,0,4,1.3333,23.24
Wheat,Alluvial Soil,Flowering,29,20,84.0,0,4,1.45,24.36
Wheat,Alluvial Soil,Flowering,30,19,85.0,0,4,1.5789,25.5
Wheat,Alluvial Soil,Flowering,31,18,86.0,0,4,1.7222,26.66
Wheat,Alluvial Soil,Flowering,32,17,87.0,0,4,1.8824,27.84
Wheat,Alluvial Soil,Flowering,33,16,88.0,0,4,2.0625,29.04
Wheat,Alluvial Soil,Flowering,34,15,89.0,0,4,2.2667,30.26
Wheat,Alluvial Soil,Flowering,35,14,90.0,0,4,2.5,31.5
Wheat,Alluvial Soil,Flowering,36,13,91.0,0,4,2.7692,32.76
Wheat,Alluvial Soil,Flowering,37,24,80.0,0,4,1.5417,29.6
Wheat,Alluvial Soil,Flowering,38,23,81.0,0,4,1.6522,30.78
Wheat,Alluvial Soil,Flowering,39,22,82.0,0,4,1.7727,31.98
Wheat,Alluvial Soil,Flowering,40,21,83.0,0,4,1.9048,33.2
Wheat,Alluvial Soil,Flowering,41,20,84.0,0,4,2.05,34.44
Wheat,Alluvial Soil,Flowering,42,19,85.0,0,4,2.2105,35.7
Wheat,Alluvial Soil,Flowering,43,18,86.0,0,4,2.3889,36.98
Wheat,Alluvial Soil,Flowering,44,17,87.0,0,4,2.5882,38.28
Wheat,Alluvial Soil,Flowering,45,16,88.0,0,4,2.8125,39.6
Wheat,Alluvial Soil,Flowering,46,15,89.0,0,4,3.0667,40.94
Wheat,Alluvial Soil,Flowering,47,14,90.0,0,4,3.3571,42.3
Wheat,Alluvial Soil,Flowering,48,13,91.0,0,4,3.6923,43.68
Wheat,Alluvial Soil,Flowering,49,24,80.0,0,4,2.0417,39.2
Wheat,Alluvial Soil,Flowering,50,23,81.0,0,4,2.1739,40.5
Wheat,Alluvial Soil,Flowering,51,22,82.0,0,4,2.3182,41.82
Wheat,Alluvial Soil,Flowering,52,21,83.0,0,4,2.4762,43.16
Wheat,Alluvial Soil,Flowering,53,20,84.0,0,4,2.65,44.52
Wheat,Alluvial Soil,Flowering,54,19,85.0,0,4,2.8421,45.9
Wheat,Alluvial Soil,Flowering,55,18,86.0,0,4,3.0556,47.3
Wheat,Alluvial Soil,Flowering,56,17,87.0,0,4,3.2941,48.72
Wheat,Alluvial Soil,Flowering,57,16,88.0,0,4,3.5625,50.16
Wheat,Alluvial Soil,Flowering,58,15,89.0,0,4,3.8667,51.62
Wheat,Alluvial Soil,Flowering,59,14,90.0,0,4,4.2143,53.1
Wheat,Alluvial Soil,Pollination,1,18,86.0,0,5,0.0556,0.86
Wheat,Alluvial Soil,Pollination,2,17,87.0,0,5,0.1176,1.74
Wheat,Alluvial Soil,Pollination,3,16,88.0,0,5,0.1875,2.64
Wheat,Alluvial Soil,Pollination,4,15,89.0,0,5,0.2667,3.56
Wheat,Alluvial Soil,Pollination,5,14,90.0,0,5,0.3571,4.5
Wheat,Alluvial Soil,Pollination,6,13,91.0,0,5,0.4615,5.46
Wheat,Alluvial Soil,Pollination,7,24,80.0,0,5,0.2917,5.6
Wheat,Alluvial Soil,Pollination,8,23,81.0,0,5,0.3478,6.48
Wheat,Alluvial Soil,Pollination,9,22,82.0,0,5,0.4091,7.38
Wheat,Alluvial Soil,Pollination,10,21,83.0,0,5,0.4762,8.3
Wheat,Alluvial Soil,Pollination,11,20,84.0,0,5,0.55,9.24
Wheat,Alluvial Soil,Pollination,12,19,85.0,0,5,0.6316,10.2
Wheat,Alluvial Soil,Pollination,13,18,86.0,0,5,0.7222,11.18
Wheat,Alluvial Soil,Pollination,14,17,87.0,0,5,0.8235,12.18
Wheat,Alluvial Soil,Pollination,15,16,88.0,0,5,0.9375,13.2
Wheat,Alluvial Soil,Pollination,16,15,89.0,0,5,1.0667,14.24
Wheat,Alluvial Soil,Pollination,17,14,90.0,0,5,1.2143,15.3
Wheat,Alluvial Soil,Pollination,18,13,91.0,0,5,1.3846,16.38
Wheat,Alluvial Soil,Pollination,19,24,80.0,0,5,0.7917,15.2
Wheat,Alluvial Soil,Pollination,20,23,81.0,0,5,0.8696,16.2
Wheat,Alluvial Soil,Pollination,21,22,82.0,0,5,0.9545,17.22
Wheat,Alluvial Soil,Pollination,22,21,83.0,0,5,1.0476,18.26
Wheat,Alluvial Soil,Pollination,23,20,84.0,0,5,1.15,19.32
Wheat,Alluvial Soil,Pollination,24,19,85.0,0,5,1.2632,20.4
Wheat,Alluvial Soil,Pollination,25,18,86.0,0,5,1.3889,21.5
Wheat,Alluvial Soil,Pollination,26,17,87.0,0,5,1.5294,22.62
Wheat,Alluvial Soil,Pollination,27,16,88.0,0,5,1.6875,23.76
Wheat,Alluvial Soil,Pollination,28,15,89.0,0,5,1.8667,24.92
Wheat,Alluvial Soil,Pollination,29,14,90.0,0,5,2.0714,26.1
Wheat,Alluvial Soil,Pollination,30,13,91.0,0,5,2.3077,27.3
Wheat,Alluvial Soil,Pollination,31,24,80.0,0,5,1.2917,24.8
Wheat,Alluvial Soil,Pollination,32,23,81.0,0,5,1.3913,25.92
Wheat,Alluvial Soil,Pollination,33,22,82.0,0,5,1.5,27.06
Wheat,Alluvial Soil,Pollination,34,21,83.0,0,5,1.619,28.22
Wheat,Alluvial Soil,Pollination,35,20,84.0,0,5,1.75,29.4
Wheat,Alluvial Soil,Pollination,36,19,85.0,0,5,1.8947,30.6
Wheat,Alluvial Soil,Pollination,37,18,86.0,0,5,2.0556,31.82
Wheat,Alluvial Soil,Pollination,38,17,87.0,0,5,2.2353,33.06
Wheat,Alluvial Soil,Pollination,39,16,88.0,0,5,2.4375,34.32
Wheat,Alluvial Soil,Pollination,40,15,89.0,0,5,2.6667,35.6
Wheat,Alluvial Soil,Pollination,41,14,90.0,0,5,2.9286,36.9
Wheat,Alluvial Soil,Pollination,42,24,80.0,0,5,1.75,33.6
Wheat,Alluvial Soil,Pollination,43,23,81.0,0,5,1.8696,34.83
Wheat,Alluvial Soil,Pollination,44,22,82.0,0,5,2.0,36.08
Wheat,Alluvial Soil,Pollination,45,21,83.0,0,5,2.1429,37.35
Wheat,Alluvial Soil,Pollination,46,20,84.0,0,5,2.3,38.64
Wheat,Alluvial Soil,Pollination,47,19,85.0,0,5,2.4737,39.95
Wheat,Alluvial Soil,Pollination,48,18,86.0,0,5,2.6667,41.28
Wheat,Alluvial Soil,Pollination,49,17,87.0,0,5,2.8824,42.63
Wheat,Alluvial Soil,Pollination,50,16,88.0,0,5,3.125,44.0
Wheat,Alluvial Soil,Pollination,51,15,89.0,0,5,3.4,45.39
Wheat,Alluvial Soil,Pollination,52,14,90.0,0,5,3.7143,46.8
Wheat,Alluvial Soil,Pollination,53,13,91.0,0,5,4.0769,48.23
Wheat,Alluvial Soil,Pollination,54,24,80.0,0,5,2.25,43.2
Wheat,Alluvial Soil,Pollination,55,23,81.0,0,5,2.3913,44.55
Wheat,Alluvial Soil,Pollination,56,22,82.0,0,5,2.5455,45.92
Wheat,Alluvial Soil,Pollination,57,21,83.0,0,5,2.7143,47.31
Wheat,Alluvial Soil,Pollination,58,20,84.0,0,5,2.9,48.72
Wheat,Alluvial Soil,Pollination,59,19,85.0,0,5,3.1053,50.15
Wheat,Alluvial Soil,Pollination,60,18,86.0,0,5,3.3333,51.6
Wheat,Alluvial Soil,Pollination,61,17,87.0,0,5,3.5882,53.07
Wheat,Alluvial Soil,Pollination,62,16,88.0,0,5,3.875,54.56
Wheat,Alluvial Soil,Pollination,63,15,89.0,0,5,4.2,56.07
Wheat,Alluvial Soil,Pollination,64,14,90.0,0,5,4.5714,57.6
Wheat,Alluvial Soil,Pollination,65,13,91.0,0,5,5.0,59.15
Wheat,Alluvial Soil,Pollination,66,24,80.0,0,5,2.75,52.8
Wheat,Alluvial Soil,Pollination,67,23,81.0,0,5,2.913,54.27
Wheat,Alluvial Soil,Pollination,68,22,82.0,0,5,3.0909,55.76
Wheat,Alluvial Soil,Pollination,69,21,83.0,0,5,3.2857,57.27
Wheat,Alluvial Soil,Fruit/Grain/Bulb Formation,1,18,86.0,0,6,0.0556,0.86
Wheat,Alluvial Soil,Fruit/Grain/Bulb Formation,2,17,87.0,0,6,0.1176,1.74
Wheat,Alluvial Soil,Fruit/Grain/Bulb Formation,3,16,88.0,0,6,0.1875,2.64
Wheat,Alluvial Soil,Fruit/Grain/Bulb Formation,4,15,89.0,0,6,0.2667,3.56
Wheat,Alluvial Soil,Fruit/Grain/Bulb Formation,5,14,90.0,0,6,0.3571,4.5
Wheat,Alluvial Soil,Fruit/Grain/Bulb Formation,6,13,91.0,0,6,0.4615,5.46
Wheat,Alluvial Soil,Fruit/Grain/Bulb Formation,7,24,80.0,0,6,0.2917,5.6
Wheat,Alluvial Soil,Fruit/Grain/Bulb Formation,8,23,81.0,0,6,0.3478,6.48
Wheat,Alluvial Soil,Fruit/Grain/Bulb Formation,9,22,82.0,0,6,0.4091,7.38
Wheat,Alluvial Soil,Fruit/Grain/Bulb Formation,10,21,83.0,0,6,0.4762,8.3
Wheat,Alluvial Soil,Fruit/Grain/Bulb Formation,11,20,84.0,0,6,0.55,9.24
Wheat,Alluvial Soil,Fruit/Grain/Bulb Formation,12,19,85.0,0,6,0.6316,10.2
Wheat,Alluvial Soil,Fruit/Grain/Bulb Formation,13,18,86.0,0,6,0.7222,11.18
Wheat,Alluvial Soil,Fruit/Grain/Bulb Formation,14,17,87.0,0,6,0.8235,12.18
Wheat,Alluvial Soil,Fruit/Grain/Bulb Formation,15,16,88.0,0,6,0.9375,13.2
Wheat,Alluvial Soil,Fruit/Grain/Bulb Formation,16,15,89.0,0,6,1.0667,14.24
Wheat,Alluvial Soil,Fruit/Grain/Bulb Formation,17,14,90.0,0,6,1.2143,15.3
Wheat,Alluvial Soil,Fruit/Grain/Bulb Formation,18,13,91.0,0,6,1.3846,16.38
Wheat,Alluvial Soil,Fruit/Grain/Bulb Formation,19,24,80.0,0,6,0.7917,15.2
Wheat,Alluvial Soil,Fruit/Grain/Bulb Formation,20,23,81.0,0,6,0.8696,16.2
Wheat,Alluvial Soil,Fruit/Grain/Bulb Formation,21,22,82.0,0,6,0.9545,17.22
Wheat,Alluvial Soil,Fruit/Grain/Bulb Formation,22,21,83.0,0,6,1.0476,18.26
Wheat,Alluvial Soil,Fruit/Grain/Bulb Formation,23,20,84.0,0,6,1.15,19.32
Wheat,Alluvial Soil,Fruit/Grain/Bulb Formation,24,19,85.0,0,6,1.2632,20.4
Wheat,Alluvial Soil,Fruit/Grain/Bulb Formation,25,18,86.0,0,6,1.3889,21.5
Wheat,Alluvial Soil,Fruit/Grain/Bulb Formation,26,17,87.0,0,6,1.5294,22.62
Wheat,Alluvial Soil,Fruit/Grain/Bulb Formation,27,16,88.0,0,6,1.6875,23.76
Wheat,Alluvial Soil,Fruit/Grain/Bulb Formation,28,15,89.0,0,6,1.8667,24.92
Wheat,Alluvial Soil,Fruit/Grain/Bulb Formation,29,14,90.0,0,6,2.0714,26.1
Wheat,Alluvial Soil,Fruit/Grain/Bulb Formation,30,13,91.0,0,6,2.3077,27.3
Wheat,Alluvial Soil,Fruit/Grain/Bulb Formation,31,24,80.0,0,6,1.2917,24.8
Wheat,Alluvial Soil,Fruit/Grain/Bulb Formation,32,23,81.0,0,6,1.3913,25.92
Wheat,Alluvial Soil,Fruit/Grain/Bulb Formation,33,22,82.0,0,6,1.5,27.06
Wheat,Alluvial Soil,Fruit/Grain/Bulb Formation,34,21,83.0,0,6,1.619,28.22
Wheat,Alluvial Soil,Fruit/Grain/Bulb Formation,35,20,84.0,0,6,1.75,29.4
Wheat,Alluvial Soil,Fruit/Grain/Bulb Formation,36,19,85.0,0,6,1.8947,30.6
Wheat,Alluvial Soil,Fruit/Grain/Bulb Formation,37,18,86.0,0,6,2.0556,31.82
Wheat,Alluvial Soil,Fruit/Grain/Bulb Formation,38,17,87.0,0,6,2.2353,33.06
Wheat,Alluvial Soil,Fruit/Grain/Bulb Formation,39,16,88.0,0,6,2.4375,34.32
Wheat,Alluvial Soil,Fruit/Grain/Bulb Formation,40,15,89.0,0,6,2.6667,35.6
Wheat,Alluvial Soil,Fruit/Grain/Bulb Formation,41,14,90.0,0,6,2.9286,36.9
Wheat,Alluvial Soil,Fruit/Grain/Bulb Formation,42,24,80.0,0,6,1.75,33.6
Wheat,Alluvial Soil,Fruit/Grain/Bulb Formation,43,23,81.0,0,6,1.8696,34.83
Wheat,Alluvial Soil,Fruit/Grain/Bulb Formation,44,22,82.0,0,6,2.0,36.08
Wheat,Alluvial Soil,Fruit/Grain/Bulb Formation,45,21,83.0,0,6,2.1429,37.35
Wheat,Alluvial Soil,Fruit/Grain/Bulb Formation,46,20,84.0,0,6,2.3,38.64
Wheat,Alluvial Soil,Fruit/Grain/Bulb Formation,47,19,85.0,0,6,2.4737,39.95
Wheat,Alluvial Soil,Fruit/Grain/Bulb Formation,48,18,86.0,0,6,2.6667,41.28
Wheat,Alluvial Soil,Fruit/Grain/Bulb Formation,49,17,87.0,0,6,2.8824,42.63
Wheat,Alluvial Soil,Fruit/Grain/Bulb Formation,50,16,88.0,0,6,3.125,44.0
Wheat,Alluvial Soil,Fruit/Grain/Bulb Formation,51,15,89.0,0,6,3.4,45.39
Wheat,Alluvial Soil,Fruit/Grain/Bulb Formation,52,14,90.0,0,6,3.7143,46.8
Wheat,Alluvial Soil,Fruit/Grain/Bulb Formation,53,13,91.0,0,6,4.0769,48.23
Wheat,Alluvial Soil,Fruit/Grain/Bulb Formation,54,24,80.0,0,6,2.25,43.2
Wheat,Alluvial Soil,Fruit/Grain/Bulb Formation,55,23,81.0,0,6,2.3913,44.55
Wheat,Alluvial Soil,Fruit/Grain/Bulb Formation,56,22,82.0,0,6,2.5455,45.92
Wheat,Alluvial Soil,Fruit/Grain/Bulb Formation,57,21,83.0,0,6,2.7143,47.31
Wheat,Alluvial Soil,Fruit/Grain/Bulb Formation,58,20,84.0,0,6,2.9,48.72
Wheat,Alluvial Soil,Fruit/Grain/Bulb Formation,59,19,85.0,0,6,3.1053,50.15
Wheat,Alluvial Soil,Fruit/Grain/Bulb Formation,60,18,86.0,0,6,3.3333,51.6
Wheat,Alluvial Soil,Fruit/Grain/Bulb Formation,61,17,87.0,0,6,3.5882,53.07
Wheat,Alluvial Soil,Fruit/Grain/Bulb Formation,62,16,88.0,0,6,3.875,54.56
Wheat,Alluvial Soil,Fruit/Grain/Bulb Formation,63,15,89.0,0,6,4.2,56.07
Wheat,Alluvial Soil,Fruit/Grain/Bulb Formation,64,14,90.0,0,6,4.5714,57.6
Wheat,Alluvial Soil,Fruit/Grain/Bulb Formation,65,13,91.0,0,6,5.0,59.15
Wheat,Alluvial Soil,Fruit/Grain/Bulb Formation,66,24,80.0,0,6,2.75,52.8
Wheat,Alluvial Soil,Fruit/Grain/Bulb Formation,67,23,81.0,0,6,2.913,54.27
Wheat,Alluvial Soil,Fruit/Grain/Bulb Formation,68,22,82.0,0,6,3.0909,55.76
Wheat,Alluvial Soil,Fruit/Grain/Bulb Formation,69,21,83.0,0,6,3.2857,57.27
Wheat,Alluvial Soil,Maturation,1,18,86.0,0,7,0.0556,0.86
Wheat,Alluvial Soil,Maturation,2,17,87.0,0,7,0.1176,1.74
Wheat,Alluvial Soil,Maturation,3,16,88.0,0,7,0.1875,2.64
Wheat,Alluvial Soil,Maturation,4,15,89.0,0,7,0.2667,3.56
Wheat,Alluvial Soil,Maturation,5,14,90.0,0,7,0.3571,4.5
Wheat,Alluvial Soil,Maturation,6,13,91.0,0,7,0.4615,5.46
Wheat,Alluvial Soil,Maturation,7,24,80.0,0,7,0.2917,5.6
Wheat,Alluvial Soil,Maturation,8,23,81.0,0,7,0.3478,6.48
Wheat,Alluvial Soil,Maturation,9,22,82.0,0,7,0.4091,7.38
Wheat,Alluvial Soil,Maturation,10,21,83.0,0,7,0.4762,8.3
Wheat,Alluvial Soil,Maturation,11,20,84.0,0,7,0.55,9.24
Wheat,Alluvial Soil,Maturation,12,19,85.0,0,7,0.6316,10.2
Wheat,Alluvial Soil,Maturation,13,18,86.0,0,7,0.7222,11.18
Wheat,Alluvial Soil,Maturation,14,17,87.0,0,7,0.8235,12.18
Wheat,Alluvial Soil,Maturation,15,16,88.0,0,7,0.9375,13.2
Wheat,Alluvial Soil,Maturation,16,15,89.0,0,7,1.0667,14.24
Wheat,Alluvial Soil,Maturation,17,14,90.0,0,7,1.2143,15.3
Wheat,Alluvial Soil,Maturation,18,13,91.0,0,7,1.3846,16.38
Wheat,Alluvial Soil,Maturation,19,24,80.0,0,7,0.7917,15.2
Wheat,Alluvial Soil,Maturation,20,23,81.0,0,7,0.8696,16.2
Wheat,Alluvial Soil,Maturation,21,22,82.0,0,7,0.9545,17.22
Wheat,Alluvial Soil,Maturation,22,21,83.0,0,7,1.0476,18.26
Wheat,Alluvial Soil,Maturation,23,20,84.0,0,7,1.15,19.32
Wheat,Alluvial Soil,Maturation,24,19,85.0,0,7,1.2632,20.4
Wheat,Alluvial Soil,Maturation,25,18,86.0,0,7,1.3889,21.5
Wheat,Alluvial Soil,Maturation,26,17,87.0,0,7,1.5294,22.62
Wheat,Alluvial Soil,Maturation,27,16,88.0,0,7,1.6875,23.76
Wheat,Alluvial Soil,Maturation,28,15,89.0,0,7,1.8667,24.92
Wheat,Alluvial Soil,Maturation,29,14,90.0,0,7,2.0714,26.1
Wheat,Alluvial Soil,Maturation,30,13,91.0,0,7,2.3077,27.3
Wheat,Alluvial Soil,Maturation,31,24,80.0,0,7,1.2917,24.8
Wheat,Alluvial Soil,Maturation,32,23,81.0,0,7,1.3913,25.92
Wheat,Alluvial Soil,Maturation,33,22,82.0,0,7,1.5,27.06
Wheat,Alluvial Soil,Maturation,34,21,83.0,0,7,1.619,28.22
Wheat,Alluvial Soil,Maturation,35,20,84.0,0,7,1.75,29.4
Wheat,Alluvial Soil,Maturation,36,19,85.0,0,7,1.8947,30.6
Wheat,Alluvial Soil,Maturation,37,18,86.0,0,7,2.0556,31.82
Wheat,Alluvial Soil,Maturation,38,17,87.0,0,7,2.2353,33.06
Wheat,Alluvial Soil,Maturation,39,16,88.0,0,7,2.4375,34.32
Wheat,Alluvial Soil,Maturation,40,15,89.0,0,7,2.6667,35.6
Wheat,Alluvial Soil,Maturation,41,14,90.0,0,7,2.9286,36.9
Wheat,Alluvial Soil,Maturation,42,24,80.0,0,7,1.75,33.6
Wheat,Alluvial Soil,Maturation,43,23,81.0,0,7,1.8696,34.83
Wheat,Alluvial Soil,Maturation,44,22,82.0,0,7,2.0,36.08
Wheat,Alluvial Soil,Maturation,45,21,83.0,0,7,2.1429,37.35
Wheat,Alluvial Soil,Maturation,46,20,84.0,0,7,2.3,38.64
Wheat,Alluvial Soil,Maturation,47,19,85.0,0,7,2.4737,39.95
Wheat,Alluvial Soil,Maturation,48,18,86.0,0,7,2.6667,41.28
Wheat,Alluvial Soil,Maturation,49,17,87.0,0,7,2.8824,42.63
Wheat,Alluvial Soil,Maturation,50,16,88.0,0,7,3.125,44.0
Wheat,Alluvial Soil,Maturation,51,15,89.0,0,7,3.4,45.39
Wheat,Alluvial Soil,Maturation,52,14,90.0,0,7,3.7143,46.8
Wheat,Alluvial Soil,Maturation,53,13,91.0,0,7,4.0769,48.23
Wheat,Alluvial Soil,Maturation,54,24,80.0,0,7,2.25,43.2
Wheat,Alluvial Soil,Maturation,55,23,81.0,0,7,2.3913,44.55
Wheat,Alluvial Soil,Maturation,56,22,82.0,0,7,2.5455,45.92
Wheat,Alluvial Soil,Maturation,57,21,83.0,0,7,2.7143,47.31
Wheat,Alluvial Soil,Maturation,58,20,84.0,0,7,2.9,48.72
Wheat,Alluvial Soil,Maturation,59,19,85.0,0,7,3.1053,50.15
Wheat,Alluvial Soil,Maturation,60,18,86.0,0,7,3.3333,51.6
Wheat,Alluvial Soil,Maturation,61,17,87.0,0,7,3.5882,53.07
Wheat,Alluvial Soil,Maturation,62,16,88.0,0,7,3.875,54.56
Wheat,Alluvial Soil,Maturation,63,15,89.0,0,7,4.2,56.07
Wheat,Alluvial Soil,Maturation,64,14,90.0,0,7,4.5714,57.6
Wheat,Alluvial Soil,Maturation,65,13,91.0,0,7,5.0,59.15
Wheat,Alluvial Soil,Maturation,66,24,80.0,0,7,2.75,52.8
Wheat,Alluvial Soil,Maturation,67,23,81.0,0,7,2.913,54.27
Wheat,Alluvial Soil,Maturation,68,22,82.0,0,7,3.0909,55.76
Wheat,Alluvial Soil,Maturation,69,21,83.0,0,7,3.2857,57.27
Wheat,Alluvial Soil,Harvest,1,18,86.0,0,8,0.0556,0.86
Wheat,Alluvial Soil,Harvest,2,17,87.0,0,8,0.1176,1.74
Wheat,Alluvial Soil,Harvest,3,16,88.0,0,8,0.1875,2.64
Wheat,Alluvial Soil,Harvest,4,15,89.0,0,8,0.2667,3.56
Wheat,Alluvial Soil,Harvest,5,14,90.0,0,8,0.3571,4.5
Wheat,Alluvial Soil,Harvest,6,13,91.0,0,8,0.4615,5.46
Wheat,Alluvial Soil,Harvest,7,24,80.0,0,8,0.2917,5.6
Wheat,Alluvial Soil,Harvest,8,23,81.0,0,8,0.3478,6.48
Wheat,Alluvial Soil,Harvest,9,22,82.0,0,8,0.4091,7.38
Wheat,Alluvial Soil,Harvest,10,21,83.0,0,8,0.4762,8.3
Wheat,Alluvial Soil,Harvest,11,20,84.0,0,8,0.55,9.24
Wheat,Alluvial Soil,Harvest,12,19,85.0,0,8,0.6316,10.2
Wheat,Alluvial Soil,Harvest,13,18,86.0,0,8,0.7222,11.18
Wheat,Alluvial Soil,Harvest,14,17,87.0,0,8,0.8235,12.18
Wheat,Alluvial Soil,Harvest,15,16,88.0,0,8,0.9375,13.2
Wheat,Alluvial Soil,Harvest,16,15,89.0,0,8,1.0667,14.24
Wheat,Alluvial Soil,Harvest,17,14,90.0,0,8,1.2143,15.3
Wheat,Alluvial Soil,Harvest,18,13,91.0,0,8,1.3846,16.38
Wheat,Alluvial Soil,Harvest,19,24,80.0,0,8,0.7917,15.2
Wheat,Alluvial Soil,Harvest,20,23,81.0,0,8,0.8696,16.2
Wheat,Alluvial Soil,Harvest,21,22,82.0,0,8,0.9545,17.22
Wheat,Alluvial Soil,Harvest,22,21,83.0,0,8,1.0476,18.26
Wheat,Alluvial Soil,Harvest,23,20,84.0,0,8,1.15,19.32
Wheat,Alluvial Soil,Harvest,24,19,85.0,0,8,1.2632,20.4
Wheat,Alluvial Soil,Harvest,25,18,86.0,0,8,1.3889,21.5
Wheat,Alluvial Soil,Harvest,26,17,87.0,0,8,1.5294,22.62
Wheat,Alluvial Soil,Harvest,27,16,88.0,0,8,1.6875,23.76
Wheat,Alluvial Soil,Harvest,28,15,89.0,0,8,1.8667,24.92
Wheat,Alluvial Soil,Harvest,29,14,90.0,0,8,2.0714,26.1
Wheat,Alluvial Soil,Harvest,30,13,91.0,0,8,2.3077,27.3
Wheat,Alluvial Soil,Harvest,31,24,80.0,0,8,1.2917,24.8
Wheat,Alluvial Soil,Harvest,32,23,81.0,0,8,1.3913,25.92
Wheat,Alluvial Soil,Harvest,33,22,82.0,0,8,1.5,27.06
Wheat,Alluvial Soil,Harvest,34,21,83.0,0,8,1.619,28.22
Wheat,Alluvial Soil,Harvest,35,20,84.0,0,8,1.75,29.4
Wheat,Alluvial Soil,Harvest,36,19,85.0,0,8,1.8947,30.6
Wheat,Alluvial Soil,Harvest,37,18,86.0,0,8,2.0556,31.82
Wheat,Alluvial Soil,Harvest,38,17,87.0,0,8,2.2353,33.06
Wheat,Alluvial Soil,Harvest,39,16,88.0,0,8,2.4375,34.32
Wheat,Alluvial Soil,Harvest,40,15,89.0,0,8,2.6667,35.6
Wheat,Alluvial Soil,Harvest,41,14,90.0,0,8,2.9286,36.9
Wheat,Alluvial Soil,Harvest,42,24,80.0,0,8,1.75,33.6
Wheat,Alluvial Soil,Harvest,43,23,81.0,0,8,1.8696,34.83
Wheat,Alluvial Soil,Harvest,44,22,82.0,0,8,2.0,36.08
Wheat,Alluvial Soil,Harvest,45,21,83.0,0,8,2.1429,37.35
Wheat,Alluvial Soil,Harvest,46,20,84.0,0,8,2.3,38.64
Wheat,Alluvial Soil,Harvest,47,19,85.0,0,8,2.4737,39.95
Wheat,Alluvial Soil,Harvest,48,18,86.0,0,8,2.6667,41.28
Wheat,Alluvial Soil,Harvest,49,17,87.0,0,8,2.8824,42.63
Wheat,Alluvial Soil,Harvest,50,16,88.0,0,8,3.125,44.0
Wheat,Alluvial Soil,Harvest,51,15,89.0,0,8,3.4,45.39
Wheat,Alluvial Soil,Harvest,52,14,90.0,0,8,3.7143,46.8
Wheat,Alluvial Soil,Harvest,53,13,91.0,0,8,4.0769,48.23
Wheat,Alluvial Soil,Harvest,54,24,80.0,0,8,2.25,43.2
Wheat,Alluvial Soil,Harvest,55,23,81.0,0,8,2.3913,44.55
Wheat,Alluvial Soil,Harvest,56,22,82.0,0,8,2.5455,45.92
Wheat,Alluvial Soil,Harvest,57,21,83.0,0,8,2.7143,47.31
Wheat,Alluvial Soil,Harvest,58,20,84.0,0,8,2.9,48.72
Wheat,Alluvial Soil,Harvest,59,19,85.0,0,8,3.1053,50.15
Wheat,Sandy Soil,Germination,1,24,80.0,0,1,0.0417,0.8
Wheat,Sandy Soil,Germination,2,23,81.0,0,1,0.087,1.62
Wheat,Sandy Soil,Germination,3,22,82.0,0,1,0.1364,2.46
Wheat,Sandy Soil,Germination,4,21,83.0,0,1,0.1905,3.32
Wheat,Sandy Soil,Germination,5,20,84.0,0,1,0.25,4.2
Wheat,Sandy Soil,Germination,6,19,85.0,0,1,0.3158,5.1
Wheat,Sandy Soil,Germination,7,18,86.0,0,1,0.3889,6.02
Wheat,Sandy Soil,Germination,8,17,87.0,0,1,0.4706,6.96
Wheat,Sandy Soil,Germination,9,16,88.0,0,1,0.5625,7.92
Wheat,Sandy Soil,Germination,10,15,89.0,0,1,0.6667,8.9
Wheat,Sandy Soil,Germination,11,14,90.0,0,1,0.7857,9.9
Wheat,Sandy Soil,Germination,12,13,91.0,0,1,0.9231,10.92
Wheat,Sandy Soil,Germination,13,24,80.0,0,1,0.5417,10.4
Wheat,Sandy Soil,Germination,14,23,81.0,0,1,0.6087,11.34
Wheat,Sandy Soil,Germination,15,22,82.0,0,1,0.6818,12.3
Wheat,Sandy Soil,Germination,16,21,83.0,0,1,0.7619,13.28
Wheat,Sandy Soil,Germination,17,20,84.0,0,1,0.85,14.28
Wheat,Sandy Soil,Germination,18,19,85.0,0,1,0.9474,15.3
Wheat,Sandy Soil,Germination,19,18,86.0,0,1,1.0556,16.34
Wheat,Sandy Soil,Germination,20,17,87.0,0,1,1.1765,17.4
Wheat,Sandy Soil,Germination,21,16,88.0,0,1,1.3125,18.48
Wheat,Sandy Soil,Germination,22,15,89.0,0,1,1.4667,19.58
Wheat,Sandy Soil,Germination,23,14,90.0,0,1,1.6429,20.7
Wheat,Sandy Soil,Germination,24,13,91.0,0,1,1.8462,21.84
Wheat,Sandy Soil,Germination,25,24,80.0,0,1,1.0417,20.0
Wheat,Sandy Soil,Germination,26,23,81.0,0,1,1.1304,21.06
Wheat,Sandy Soil,Germination,27,22,82.0,0,1,1.2273,22.14
Wheat,Sandy Soil,Germination,28,21,83.0,0,1,1.3333,23.24
Wheat,Sandy Soil,Germination,29,20,84.0,0,1,1.45,24.36
Wheat,Sandy Soil,Germination,30,19,85.0,0,1,1.5789,25.5
Wheat,Sandy Soil,Seedling Stage,1,24,80.0,0,2,0.0417,0.8
Wheat,Sandy Soil,Seedling Stage,2,23,81.0,0,2,0.087,1.62
Wheat,Sandy Soil,Seedling Stage,3,22,82.0,0,2,0.1364,2.46
Wheat,Sandy Soil,Seedling Stage,4,21,83.0,0,2,0.1905,3.32
Wheat,Sandy Soil,Seedling Stage,5,20,84.0,0,2,0.25,4.2
Wheat,Sandy Soil,Seedling Stage,6,19,85.0,0,2,0.3158,5.1
Wheat,Sandy Soil,Seedling Stage,7,18,86.0,0,2,0.3889,6.02
Wheat,Sandy Soil,Seedling Stage,8,17,87.0,0,2,0.4706,6.96
Wheat,Sandy Soil,Seedling Stage,9,16,88.0,0,2,0.5625,7.92
Wheat,Sandy Soil,Seedling Stage,10,15,89.0,0,2,0.6667,8.9
Wheat,Sandy Soil,Seedling Stage,11,14,90.0,0,2,0.7857,9.9
Wheat,Sandy Soil,Seedling Stage,12,13,91.0,0,2,0.9231,10.92
Wheat,Sandy Soil,Seedling Stage,13,24,80.0,0,2,0.5417,10.4
Wheat,Sandy Soil,Seedling Stage,14,23,81.0,0,2,0.6087,11.34
Wheat,Sandy Soil,Seedling Stage,15,22,82.0,0,2,0.6818,12.3
Wheat,Sandy Soil,Seedling Stage,16,21,83.0,0,2,0.7619,13.28
Wheat,Sandy Soil,Seedling Stage,17,20,84.0,0,2,0.85,14.28
Wheat,Sandy Soil,Seedling Stage,18,19,85.0,0,2,0.9474,15.3
Wheat,Sandy Soil,Seedling Stage,19,18,86.0,0,2,1.0556,16.34
Wheat,Sandy Soil,Seedling Stage,20,17,87.0,0,2,1.1765,17.4
Wheat,Sandy Soil,Seedling Stage,21,16,88.0,0,2,1.3125,18.48
Wheat,Sandy Soil,Seedling Stage,22,15,89.0,0,2,1.4667,19.58
Wheat,Sandy Soil,Seedling Stage,23,14,90.0,0,2,1.6429,20.7
Wheat,Sandy Soil,Seedling Stage,24,13,91.0,0,2,1.8462,21.84
Wheat,Sandy Soil,Seedling Stage,25,24,80.0,0,2,1.0417,20.0
Wheat,Sandy Soil,Seedling Stage,26,23,81.0,0,2,1.1304,21.06
Wheat,Sandy Soil,Seedling Stage,27,22,82.0,0,2,1.2273,22.14
Wheat,Sandy Soil,Seedling Stage,28,21,83.0,0,2,1.3333,23.24
Wheat,Sandy Soil,Seedling Stage,29,20,84.0,0,2,1.45,24.36
Wheat,Sandy Soil,Seedling Stage,30,19,85.0,0,2,1.5789,25.5
Wheat,Sandy Soil,Seedling Stage,31,18,86.0,0,2,1.7222,26.66
Wheat,Sandy Soil,Seedling Stage,32,17,87.0,0,2,1.8824,27.84
Wheat,Sandy Soil,Seedling Stage,33,16,88.0,0,2,2.0625,29.04
Wheat,Sandy Soil,Seedling Stage,34,15,89.0,0,2,2.2667,30.26
Wheat,Sandy Soil,Seedling Stage,35,14,90.0,0,2,2.5,31.5
Wheat,Sandy Soil,Seedling Stage,36,13,91.0,0,2,2.7692,32.76
Wheat,Sandy Soil,Seedling Stage,37,24,80.0,0,2,1.5417,29.6
Wheat,Sandy Soil,Seedling Stage,38,23,81.0,0,2,1.6522,30.78
Wheat,Sandy Soil,Seedling Stage,39,22,82.0,0,2,1.7727,31.98
Wheat,Sandy Soil,Vegetative Growth / Root or Tuber Development,1,24,80.0,0,3,0.0417,0.8
Wheat,Sandy Soil,Vegetative Growth / Root or Tuber Development,2,23,81.0,0,3,0.087,1.62
Wheat,Sandy Soil,Vegetative Growth / Root or Tuber Development,3,22,82.0,0,3,0.1364,2.46
Wheat,Sandy Soil,Vegetative Growth / Root or Tuber Development,4,21,83.0,0,3,0.1905,3.32
Wheat,Sandy Soil,Vegetative Growth / Root or Tuber Development,5,20,84.0,0,3,0.25,4.2
Wheat,Sandy Soil,Vegetative Growth / Root or Tuber Development,6,19,85.0,0,3,0.3158,5.1
Wheat,Sandy Soil,Vegetative Growth / Root or Tuber Development,7,18,86.0,0,3,0.3889,6.02
Wheat,Sandy Soil,Vegetative Growth / Root or Tuber Development,8,17,87.0,0,3,0.4706,6.96
Wheat,Sandy Soil,Vegetative Growth / Root or Tuber Development,9,16,88.0,0,3,0.5625,7.92
Wheat,Sandy Soil,Vegetative Growth / Root or Tuber Development,10,15,89.0,0,3,0.6667,8.9
Wheat,Sandy Soil,Vegetative Growth / Root or Tuber Development,11,14,90.0,0,3,0.7857,9.9
Wheat,Sandy Soil,Vegetative Growth / Root or Tuber Development,12,13,91.0,0,3,0.9231,10.92
Wheat,Sandy Soil,Vegetative Growth / Root or Tuber Development,13,24,80.0,0,3,0.5417,10.4
Wheat,Sandy Soil,Vegetative Growth / Root or Tuber Development,14,23,81.0,0,3,0.6087,11.34
Wheat,Sandy Soil,Vegetative Growth / Root or Tuber Development,15,22,82.0,0,3,0.6818,12.3
Wheat,Sandy Soil,Vegetative Growth / Root or Tuber Development,16,21,83.0,0,3,0.7619,13.28
Wheat,Sandy Soil,Vegetative Growth / Root or Tuber Development,17,20,84.0,0,3,0.85,14.28
Wheat,Sandy Soil,Vegetative Growth / Root or Tuber Development,18,19,85.0,0,3,0.9474,15.3
Wheat,Sandy Soil,Vegetative Growth / Root or Tuber Development,19,18,86.0,0,3,1.0556,16.34
Wheat,Sandy Soil,Vegetative Growth / Root or Tuber Development,20,17,87.0,0,3,1.1765,17.4
Wheat,Sandy Soil,Vegetative Growth / Root or Tuber Development,21,16,88.0,0,3,1.3125,18.48
Wheat,Sandy Soil,Vegetative Growth / Root or Tuber Development,22,15,89.0,0,3,1.4667,19.58
Wheat,Sandy Soil,Vegetative Growth / Root or Tuber Development,23,14,90.0,0,3,1.6429,20.7
Wheat,Sandy Soil,Vegetative Growth / Root or Tuber Development,24,13,91.0,0,3,1.8462,21.84
Wheat,Sandy Soil,Vegetative Growth / Root or Tuber Development,25,24,80.0,0,3,1.0417,20.0
Wheat,Sandy Soil,Vegetative Growth / Root or Tuber Development,26,23,81.0,0,3,1.1304,21.06
Wheat,Sandy Soil,Vegetative Growth / Root or Tuber Development,27,22,82.0,0,3,1.2273,22.14
Wheat,Sandy Soil,Vegetative Growth / Root or Tuber Development,28,21,83.0,0,3,1.3333,23.24
Wheat,Sandy Soil,Vegetative Growth / Root or Tuber Development,29,20,84.0,0,3,1.45,24.36
Wheat,Sandy Soil,Vegetative Growth / Root or Tuber Development,30,19,85.0,0,3,1.5789,25.5
Wheat,Sandy Soil,Vegetative Growth / Root or Tuber Development,31,18,86.0,0,3,1.7222,26.66
Wheat,Sandy Soil,Vegetative Growth / Root or Tuber Development,32,17,87.0,0,3,1.8824,27.84
Wheat,Sandy Soil,Vegetative Growth / Root or Tuber Development,33,16,88.0,0,3,2.0625,29.04
Wheat,Sandy Soil,Vegetative Growth / Root or Tuber Development,34,15,89.0,0,3,2.2667,30.26
Wheat,Sandy Soil,Vegetative Growth / Root or Tuber Development,35,14,90.0,0,3,2.5,31.5
Wheat,Sandy Soil,Vegetative Growth / Root or Tuber Development,36,13,91.0,0,3,2.7692,32.76
Wheat,Sandy Soil,Vegetative Growth / Root or Tuber Development,37,24,80.0,0,3,1.5417,29.6
Wheat,Sandy Soil,Vegetative Growth / Root or Tuber Development,38,23,81.0,0,3,1.6522,30.78
Wheat,Sandy Soil,Vegetative Growth / Root or Tuber Development,39,22,82.0,0,3,1.7727,31.98
Wheat,Sandy Soil,Vegetative Growth / Root or Tuber Development,40,21,83.0,0,3,1.9048,33.2
Wheat,Sandy Soil,Vegetative Growth / Root or Tuber Development,41,20,84.0,0,3,2.05,34.44
Wheat,Sandy Soil,Vegetative Growth / Root or Tuber Development,42,19,85.0,0,3,2.2105,35.7
Wheat,Sandy Soil,Vegetative Growth / Root or Tuber Development,43,18,86.0,0,3,2.3889,36.98
Wheat,Sandy Soil,Vegetative Growth / Root or Tuber Development,44,17,87.0,0,3,2.5882,38.28
Wheat,Sandy Soil,Vegetative Growth / Root or Tuber Development,45,16,88.0,0,3,2.8125,39.6
Wheat,Sandy Soil,Vegetative Growth / Root or Tuber Development,46,15,89.0,0,3,3.0667,40.94
Wheat,Sandy Soil,Vegetative Growth / Root or Tuber Development,47,14,90.0,0,3,3.3571,42.3
Wheat,Sandy Soil,Vegetative Growth / Root or Tuber Development,48,13,91.0,0,3,3.6923,43.68
Wheat,Sandy Soil,Vegetative Growth / Root or Tuber Development,49,24,80.0,0,3,2.0417,39.2
Wheat,Sandy Soil,Flowering,1,24,80.0,0,4,0.0417,0.8
Wheat,Sandy Soil,Flowering,2,23,81.0,0,4,0.087,1.62
Wheat,Sandy Soil,Flowering,3,22,82.0,0,4,0.1364,2.46
Wheat,Sandy Soil,Flowering,4,21,83.0,0,4,0.1905,3.32
Wheat,Sandy Soil,Flowering,5,20,84.0,0,4,0.25,4.2
Wheat,Sandy Soil,Flowering,6,19,85.0,0,4,0.3158,5.1
Wheat,Sandy Soil,Flowering,7,18,86.0,0,4,0.3889,6.02
Wheat,Sandy Soil,Flowering,8,17,87.0,0,4,0.4706,6.96
Wheat,Sandy Soil,Flowering,9,16,88.0,0,4,0.5625,7.92
Wheat,Sandy Soil,Flowering,10,15,89.0,0,4,0.6667,8.9
Wheat,Sandy Soil,Flowering,11,14,90.0,0,4,0.7857,9.9
Wheat,Sandy Soil,Flowering,12,13,91.0,0,4,0.9231,10.92
Wheat,Sandy Soil,Flowering,13,24,80.0,0,4,0.5417,10.4
Wheat,Sandy Soil,Flowering,14,23,81.0,0,4,0.6087,11.34
Wheat,Sandy Soil,Flowering,15,22,82.0,0,4,0.6818,12.3
Wheat,Sandy Soil,Flowering,16,21,83.0,0,4,0.7619,13.28
Wheat,Sandy Soil,Flowering,17,20,84.0,0,4,0.85,14.28
Wheat,Sandy Soil,Flowering,18,19,85.0,0,4,0.9474,15.3
Wheat,Sandy Soil,Flowering,19,18,86.0,0,4,1.0556,16.34
Wheat,Sandy Soil,Flowering,20,17,87.0,0,4,1.1765,17.4
Wheat,Sandy Soil,Flowering,21,16,88.0,0,4,1.3125,18.48
Wheat,Sandy Soil,Flowering,22,15,89.0,0,4,1.4667,19.58
Wheat,Sandy Soil,Flowering,23,14,90.0,0,4,1.6429,20.7
Wheat,Sandy Soil,Flowering,24,13,91.0,0,4,1.8462,21.84
Wheat,Sandy Soil,Flowering,25,24,80.0,0,4,1.0417,20.0
Wheat,Sandy Soil,Flowering,26,23,81.0,0,4,1.1304,21.06
Wheat,Sandy Soil,Flowering,27,22,82.0,0,4,1.2273,22.14
Wheat,Sandy Soil,Flowering,28,21,83.0,0,4,1.3333,23.24
Wheat,Sandy Soil,Flowering,29,20,84.0,0,4,1.45,24.36
Wheat,Sandy Soil,Flowering,30,19,85.0,0,4,1.5789,25.5
Wheat,Sandy Soil,Flowering,31,18,86.0,0,4,1.7222,26.66
Wheat,Sandy Soil,Flowering,32,17,87.0,0,4,1.8824,27.84
Wheat,Sandy Soil,Flowering,33,16,88.0,0,4,2.0625,29.04
Wheat,Sandy Soil,Flowering,34,15,89.0,0,4,2.2667,30.26
Wheat,Sandy Soil,Flowering,35,14,90.0,0,4,2.5,31.5
Wheat,Sandy Soil,Flowering,36,13,91.0,0,4,2.7692,32.76
Wheat,Sandy Soil,Flowering,37,24,80.0,0,4,1.5417,29.6
Wheat,Sandy Soil,Flowering,38,23,81.0,0,4,1.6522,30.78
Wheat,Sandy Soil,Flowering,39,22,82.0,0,4,1.7727,31.98
Wheat,Sandy Soil,Flowering,40,21,83.0,0,4,1.9048,33.2
Wheat,Sandy Soil,Flowering,41,20,84.0,0,4,2.05,34.44
Wheat,Sandy Soil,Flowering,42,19,85.0,0,4,2.2105,35.7
Wheat,Sandy Soil,Flowering,43,18,86.0,0,4,2.3889,36.98
Wheat,Sandy Soil,Flowering,44,17,87.0,0,4,2.5882,38.28
Wheat,Sandy Soil,Flowering,45,16,88.0,0,4,2.8125,39.6
Wheat,Sandy Soil,Flowering,46,15,89.0,0,4,3.0667,40.94
Wheat,Sandy Soil,Flowering,47,14,90.0,0,4,3.3571,42.3
Wheat,Sandy Soil,Flowering,48,13,91.0,0,4,3.6923,43.68
Wheat,Sandy Soil,Flowering,49,24,80.0,0,4,2.0417,39.2
Wheat,Sandy Soil,Flowering,50,23,81.0,0,4,2.1739,40.5
Wheat,Sandy Soil,Flowering,51,22,82.0,0,4,2.3182,41.82
Wheat,Sandy Soil,Flowering,52,21,83.0,0,4,2.4762,43.16
Wheat,Sandy Soil,Flowering,53,20,84.0,0,4,2.65,44.52
Wheat,Sandy Soil,Flowering,54,19,85.0,0,4,2.8421,45.9
Wheat,Sandy Soil,Flowering,55,18,86.0,0,4,3.0556,47.3
Wheat,Sandy Soil,Flowering,56,17,87.0,0,4,3.2941,48.72
Wheat,Sandy Soil,Flowering,57,16,88.0,0,4,3.5625,50.16
Wheat,Sandy Soil,Flowering,58,15,89.0,0,4,3.8667,51.62
Wheat,Sandy Soil,Flowering,59,14,90.0,0,4,4.2143,53.1
Wheat,Sandy Soil,Pollination,1,18,86.0,0,5,0.0556,0.86
Wheat,Sandy Soil,Pollination,2,17,87.0,0,5,0.1176,1.74
Wheat,Sandy Soil,Pollination,3,16,88.0,0,5,0.1875,2.64
Wheat,Sandy Soil,Pollination,4,15,89.0,0,5,0.2667,3.56
Wheat,Sandy Soil,Pollination,5,14,90.0,0,5,0.3571,4.5
Wheat,Sandy Soil,Pollination,6,13,91.0,0,5,0.4615,5.46
Wheat,Sandy Soil,Pollination,7,24,80.0,0,5,0.2917,5.6
Wheat,Sandy Soil,Pollination,8,23,81.0,0,5,0.3478,6.48
Wheat,Sandy Soil,Pollination,9,22,82.0,0,5,0.4091,7.38
Wheat,Sandy Soil,Pollination,10,21,83.0,0,5,0.4762,8.3
Wheat,Sandy Soil,Pollination,11,20,84.0,0,5,0.55,9.24
Wheat,Sandy Soil,Pollination,12,19,85.0,0,5,0.6316,10.2
Wheat,Sandy Soil,Pollination,13,18,86.0,0,5,0.7222,11.18
Wheat,Sandy Soil,Pollination,14,17,87.0,0,5,0.8235,12.18
Wheat,Sandy Soil,Pollination,15,16,88.0,0,5,0.9375,13.2
Wheat,Sandy Soil,Pollination,16,15,89.0,0,5,1.0667,14.24
Wheat,Sandy Soil,Pollination,17,14,90.0,0,5,1.2143,15.3
Wheat,Sandy Soil,Pollination,18,13,91.0,0,5,1.3846,16.38
Wheat,Sandy Soil,Pollination,19,24,80.0,0,5,0.7917,15.2
Wheat,Sandy Soil,Pollination,20,23,81.0,0,5,0.8696,16.2
Wheat,Sandy Soil,Pollination,21,22,82.0,0,5,0.9545,17.22
Wheat,Sandy Soil,Pollination,22,21,83.0,0,5,1.0476,18.26
Wheat,Sandy Soil,Pollination,23,20,84.0,0,5,1.15,19.32
Wheat,Sandy Soil,Pollination,24,19,85.0,0,5,1.2632,20.4
Wheat,Sandy Soil,Pollination,25,18,86.0,0,5,1.3889,21.5
Wheat,Sandy Soil,Pollination,26,17,87.0,0,5,1.5294,22.62
Wheat,Sandy Soil,Pollination,27,16,88.0,0,5,1.6875,23.76
Wheat,Sandy Soil,Pollination,28,15,89.0,0,5,1.8667,24.92
Wheat,Sandy Soil,Pollination,29,14,90.0,0,5,2.0714,26.1
Wheat,Sandy Soil,Pollination,30,13,91.0,0,5,2.3077,27.3
Wheat,Sandy Soil,Pollination,31,24,80.0,0,5,1.2917,24.8
Wheat,Sandy Soil,Pollination,32,23,81.0,0,5,1.3913,25.92
Wheat,Sandy Soil,Pollination,33,22,82.0,0,5,1.5,27.06
Wheat,Sandy Soil,Pollination,34,21,83.0,0,5,1.619,28.22
Wheat,Sandy Soil,Pollination,35,20,84.0,0,5,1.75,29.4
Wheat,Sandy Soil,Pollination,36,19,85.0,0,5,1.8947,30.6
Wheat,Sandy Soil,Pollination,37,18,86.0,0,5,2.0556,31.82
Wheat,Sandy Soil,Pollination,38,17,87.0,0,5,2.2353,33.06
Wheat,Sandy Soil,Pollination,39,16,88.0,0,5,2.4375,34.32
Wheat,Sandy Soil,Pollination,40,15,89.0,0,5,2.6667,35.6
Wheat,Sandy Soil,Pollination,41,14,90.0,0,5,2.9286,36.9
Wheat,Sandy Soil,Pollination,42,24,80.0,0,5,1.75,33.6
Wheat,Sandy Soil,Pollination,43,23,81.0,0,5,1.8696,34.83
Wheat,Sandy Soil,Pollination,44,22,82.0,0,5,2.0,36.08
Wheat,Sandy Soil,Pollination,45,21,83.0,0,5,2.1429,37.35
Wheat,Sandy Soil,Pollination,46,20,84.0,0,5,2.3,38.64
Wheat,Sandy Soil,Pollination,47,19,85.0,0,5,2.4737,39.95
Wheat,Sandy Soil,Pollination,48,18,86.0,0,5,2.6667,41.28
Wheat,Sandy Soil,Pollination,49,17,87.0,0,5,2.8824,42.63
Wheat,Sandy Soil,Pollination,50,16,88.0,0,5,3.125,44.0
Wheat,Sandy Soil,Pollination,51,15,89.0,0,5,3.4,45.39
Wheat,Sandy Soil,Pollination,52,14,90.0,0,5,3.7143,46.8
Wheat,Sandy Soil,Pollination,53,13,91.0,0,5,4.0769,48.23
Wheat,Sandy Soil,Pollination,54,24,80.0,0,5,2.25,43.2
Wheat,Sandy Soil,Pollination,55,23,81.0,0,5,2.3913,44.55
Wheat,Sandy Soil,Pollination,56,22,82.0,0,5,2.5455,45.92
Wheat,Sandy Soil,Pollination,57,21,83.0,0,5,2.7143,47.31
Wheat,Sandy Soil,Pollination,58,20,84.0,0,5,2.9,48.72
Wheat,Sandy Soil,Pollination,59,19,85.0,0,5,3.1053,50.15
Wheat,Sandy Soil,Pollination,60,18,86.0,0,5,3.3333,51.6
Wheat,Sandy Soil,Pollination,61,17,87.0,0,5,3.5882,53.07
Wheat,Sandy Soil,Pollination,62,16,88.0,0,5,3.875,54.56
Wheat,Sandy Soil,Pollination,63,15,89.0,0,5,4.2,56.07
Wheat,Sandy Soil,Pollination,64,14,90.0,0,5,4.5714,57.6
Wheat,Sandy Soil,Pollination,65,13,91.0,0,5,5.0,59.15
Wheat,Sandy Soil,Pollination,66,24,80.0,0,5,2.75,52.8
Wheat,Sandy Soil,Pollination,67,23,81.0,0,5,2.913,54.27
Wheat,Sandy Soil,Pollination,68,22,82.0,0,5,3.0909,55.76
Wheat,Sandy Soil,Pollination,69,21,83.0,0,5,3.2857,57.27
Wheat,Sandy Soil,Fruit/Grain/Bulb Formation,1,18,86.0,0,6,0.0556,0.86
Wheat,Sandy Soil,Fruit/Grain/Bulb Formation,2,17,87.0,0,6,0.1176,1.74
Wheat,Sandy Soil,Fruit/Grain/Bulb Formation,3,16,88.0,0,6,0.1875,2.64
Wheat,Sandy Soil,Fruit/Grain/Bulb Formation,4,15,89.0,0,6,0.2667,3.56
Wheat,Sandy Soil,Fruit/Grain/Bulb Formation,5,14,90.0,0,6,0.3571,4.5
Wheat,Sandy Soil,Fruit/Grain/Bulb Formation,6,13,91.0,0,6,0.4615,5.46
Wheat,Sandy Soil,Fruit/Grain/Bulb Formation,7,24,80.0,0,6,0.2917,5.6
Wheat,Sandy Soil,Fruit/Grain/Bulb Formation,8,23,81.0,0,6,0.3478,6.48
Wheat,Sandy Soil,Fruit/Grain/Bulb Formation,9,22,82.0,0,6,0.4091,7.38
Wheat,Sandy Soil,Fruit/Grain/Bulb Formation,10,21,83.0,0,6,0.4762,8.3
Wheat,Sandy Soil,Fruit/Grain/Bulb Formation,11,20,84.0,0,6,0.55,9.24
Wheat,Sandy Soil,Fruit/Grain/Bulb Formation,12,19,85.0,0,6,0.6316,10.2
Wheat,Sandy Soil,Fruit/Grain/Bulb Formation,13,18,86.0,0,6,0.7222,11.18
Wheat,Sandy Soil,Fruit/Grain/Bulb Formation,14,17,87.0,0,6,0.8235,12.18
Wheat,Sandy Soil,Fruit/Grain/Bulb Formation,15,16,88.0,0,6,0.9375,13.2
Wheat,Sandy Soil,Fruit/Grain/Bulb Formation,16,15,89.0,0,6,1.0667,14.24
Wheat,Sandy Soil,Fruit/Grain/Bulb Formation,17,14,90.0,0,6,1.2143,15.3
Wheat,Sandy Soil,Fruit/Grain/Bulb Formation,18,13,91.0,0,6,1.3846,16.38
Wheat,Sandy Soil,Fruit/Grain/Bulb Formation,19,24,80.0,0,6,0.7917,15.2
Wheat,Sandy Soil,Fruit/Grain/Bulb Formation,20,23,81.0,0,6,0.8696,16.2
Wheat,Sandy Soil,Fruit/Grain/Bulb Formation,21,22,82.0,0,6,0.9545,17.22
Wheat,Sandy Soil,Fruit/Grain/Bulb Formation,22,21,83.0,0,6,1.0476,18.26
Wheat,Sandy Soil,Fruit/Grain/Bulb Formation,23,20,84.0,0,6,1.15,19.32
Wheat,Sandy Soil,Fruit/Grain/Bulb Formation,24,19,85.0,0,6,1.2632,20.4
Wheat,Sandy Soil,Fruit/Grain/Bulb Formation,25,18,86.0,0,6,1.3889,21.5
Wheat,Sandy Soil,Fruit/Grain/Bulb Formation,26,17,87.0,0,6,1.5294,22.62
Wheat,Sandy Soil,Fruit/Grain/Bulb Formation,27,16,88.0,0,6,1.6875,23.76
Wheat,Sandy Soil,Fruit/Grain/Bulb Formation,28,15,89.0,0,6,1.8667,24.92
Wheat,Sandy Soil,Fruit/Grain/Bulb Formation,29,14,90.0,0,6,2.0714,26.1
Wheat,Sandy Soil,Fruit/Grain/Bulb Formation,30,13,91.0,0,6,2.3077,27.3
Wheat,Sandy Soil,Fruit/Grain/Bulb Formation,31,24,80.0,0,6,1.2917,24.8
Wheat,Sandy Soil,Fruit/Grain/Bulb Formation,32,23,81.0,0,6,1.3913,25.92
Wheat,Sandy Soil,Fruit/Grain/Bulb Formation,33,22,82.0,0,6,1.5,27.06
Wheat,Sandy Soil,Fruit/Grain/Bulb Formation,34,21,83.0,0,6,1.619,28.22
Wheat,Sandy Soil,Fruit/Grain/Bulb Formation,35,20,84.0,0,6,1.75,29.4
Wheat,Sandy Soil,Fruit/Grain/Bulb Formation,36,19,85.0,0,6,1.8947,30.6
Wheat,Sandy Soil,Fruit/Grain/Bulb Formation,37,18,86.0,0,6,2.0556,31.82
Wheat,Sandy Soil,Fruit/Grain/Bulb Formation,38,17,87.0,0,6,2.2353,33.06
Wheat,Sandy Soil,Fruit/Grain/Bulb Formation,39,16,88.0,0,6,2.4375,34.32
Wheat,Sandy Soil,Fruit/Grain/Bulb Formation,40,15,89.0,0,6,2.6667,35.6
Wheat,Sandy Soil,Fruit/Grain/Bulb Formation,41,14,90.0,0,6,2.9286,36.9
Wheat,Sandy Soil,Fruit/Grain/Bulb Formation,42,24,80.0,0,6,1.75,33.6
Wheat,Sandy Soil,Fruit/Grain/Bulb Formation,43,23,81.0,0,6,1.8696,34.83
Wheat,Sandy Soil,Fruit/Grain/Bulb Formation,44,22,82.0,0,6,2.0,36.08
Wheat,Sandy Soil,Fruit/Grain/Bulb Formation,45,21,83.0,0,6,2.1429,37.35
Wheat,Sandy Soil,Fruit/Grain/Bulb Formation,46,20,84.0,0,6,2.3,38.64
Wheat,Sandy Soil,Fruit/Grain/Bulb Formation,47,19,85.0,0,6,2.4737,39.95
Wheat,Sandy Soil,Fruit/Grain/Bulb Formation,48,18,86.0,0,6,2.6667,41.28
Wheat,Sandy Soil,Fruit/Grain/Bulb Formation,49,17,87.0,0,6,2.8824,42.63
Wheat,Sandy Soil,Fruit/Grain/Bulb Formation,50,16,88.0,0,6,3.125,44.0
Wheat,Sandy Soil,Fruit/Grain/Bulb Formation,51,15,89.0,0,6,3.4,45.39
Wheat,Sandy Soil,Fruit/Grain/Bulb Formation,52,14,90.0,0,6,3.7143,46.8
Wheat,Sandy Soil,Fruit/Grain/Bulb Formation,53,13,91.0,0,6,4.0769,48.23
Wheat,Sandy Soil,Fruit/Grain/Bulb Formation,54,24,80.0,0,6,2.25,43.2
Wheat,Sandy Soil,Fruit/Grain/Bulb Formation,55,23,81.0,0,6,2.3913,44.55
Wheat,Sandy Soil,Fruit/Grain/Bulb Formation,56,22,82.0,0,6,2.5455,45.92
Wheat,Sandy Soil,Fruit/Grain/Bulb Formation,57,21,83.0,0,6,2.7143,47.31
Wheat,Sandy Soil,Fruit/Grain/Bulb Formation,58,20,84.0,0,6,2.9,48.72
Wheat,Sandy Soil,Fruit/Grain/Bulb Formation,59,19,85.0,0,6,3.1053,50.15
Wheat,Sandy Soil,Fruit/Grain/Bulb Formation,60,18,86.0,0,6,3.3333,51.6
Wheat,Sandy Soil,Fruit/Grain/Bulb Formation,61,17,87.0,0,6,3.5882,53.07
Wheat,Sandy Soil,Fruit/Grain/Bulb Formation,62,16,88.0,0,6,3.875,54.56
Wheat,Sandy Soil,Fruit/Grain/Bulb Formation,63,15,89.0,0,6,4.2,56.07
Wheat,Sandy Soil,Fruit/Grain/Bulb Formation,64,14,90.0,0,6,4.5714,57.6
Wheat,Sandy Soil,Fruit/Grain/Bulb Formation,65,13,91.0,0,6,5.0,59.15
Wheat,Sandy Soil,Fruit/Grain/Bulb Formation,66,24,80.0,0,6,2.75,52.8
Wheat,Sandy Soil,Fruit/Grain/Bulb Formation,67,23,81.0,0,6,2.913,54.27
Wheat,Sandy Soil,Fruit/Grain/Bulb Formation,68,22,82.0,0,6,3.0909,55.76
Wheat,Sandy Soil,Fruit/Grain/Bulb Formation,69,21,83.0,0,6,3.2857,57.27
Wheat,Sandy Soil,Maturation,1,18,86.0,0,7,0.0556,0.86
Wheat,Sandy Soil,Maturation,2,17,87.0,0,7,0.1176,1.74
Wheat,Sandy Soil,Maturation,3,16,88.0,0,7,0.1875,2.64
Wheat,Sandy Soil,Maturation,4,15,89.0,0,7,0.2667,3.56
Wheat,Sandy Soil,Maturation,5,14,90.0,0,7,0.3571,4.5
Wheat,Sandy Soil,Maturation,6,13,91.0,0,7,0.4615,5.46
Wheat,Sandy Soil,Maturation,7,24,80.0,0,7,0.2917,5.6
Wheat,Sandy Soil,Maturation,8,23,81.0,0,7,0.3478,6.48
Wheat,Sandy Soil,Maturation,9,22,82.0,0,7,0.4091,7.38
Wheat,Sandy Soil,Maturation,10,21,83.0,0,7,0.4762,8.3
Wheat,Sandy Soil,Maturation,11,20,84.0,0,7,0.55,9.24
Wheat,Sandy Soil,Maturation,12,19,85.0,0,7,0.6316,10.2
Wheat,Sandy Soil,Maturation,13,18,86.0,0,7,0.7222,11.18
Wheat,Sandy Soil,Maturation,14,17,87.0,0,7,0.8235,12.18
Wheat,Sandy Soil,Maturation,15,16,88.0,0,7,0.9375,13.2
Wheat,Sandy Soil,Maturation,16,15,89.0,0,7,1.0667,14.24
Wheat,Sandy Soil,Maturation,17,14,90.0,0,7,1.2143,15.3
Wheat,Sandy Soil,Maturation,18,13,91.0,0,7,1.3846,16.38
Wheat,Sandy Soil,Maturation,19,24,80.0,0,7,0.7917,15.2
Wheat,Sandy Soil,Maturation,20,23,81.0,0,7,0.8696,16.2
Wheat,Sandy Soil,Maturation,21,22,82.0,0,7,0.9545,17.22
Wheat,Sandy Soil,Maturation,22,21,83.0,0,7,1.0476,18.26
Wheat,Sandy Soil,Maturation,23,20,84.0,0,7,1.15,19.32
Wheat,Sandy Soil,Maturation,24,19,85.0,0,7,1.2632,20.4
Wheat,Sandy Soil,Maturation,25,18,86.0,0,7,1.3889,21.5
Wheat,Sandy Soil,Maturation,26,17,87.0,0,7,1.5294,22.62
Wheat,Sandy Soil,Maturation,27,16,88.0,0,7,1.6875,23.76
Wheat,Sandy Soil,Maturation,28,15,89.0,0,7,1.8667,24.92
Wheat,Sandy Soil,Maturation,29,14,90.0,0,7,2.0714,26.1
Wheat,Sandy Soil,Maturation,30,13,91.0,0,7,2.3077,27.3
Wheat,Sandy Soil,Maturation,31,24,80.0,0,7,1.2917,24.8
Wheat,Sandy Soil,Maturation,32,23,81.0,0,7,1.3913,25.92
Wheat,Sandy Soil,Maturation,33,22,82.0,0,7,1.5,27.06
Wheat,Sandy Soil,Maturation,34,21,83.0,0,7,1.619,28.22
Wheat,Sandy Soil,Maturation,35,20,84.0,0,7,1.75,29.4
Wheat,Sandy Soil,Maturation,36,19,85.0,0,7,1.8947,30.6
Wheat,Sandy Soil,Maturation,37,18,86.0,0,7,2.0556,31.82
Wheat,Sandy Soil,Maturation,38,17,87.0,0,7,2.2353,33.06
Wheat,Sandy Soil,Maturation,39,16,88.0,0,7,2.4375,34.32
Wheat,Sandy Soil,Maturation,40,15,89.0,0,7,2.6667,35.6
Wheat,Sandy Soil,Maturation,41,14,90.0,0,7,2.9286,36.9
Wheat,Sandy Soil,Maturation,42,24,80.0,0,7,1.75,33.6
Wheat,Sandy Soil,Maturation,43,23,81.0,0,7,1.8696,34.83
Wheat,Sandy Soil,Maturation,44,22,82.0,0,7,2.0,36.08
Wheat,Sandy Soil,Maturation,45,21,83.0,0,7,2.1429,37.35
Wheat,Sandy Soil,Maturation,46,20,84.0,0,7,2.3,38.64
Wheat,Sandy Soil,Maturation,47,19,85.0,0,7,2.4737,39.95
Wheat,Sandy Soil,Maturation,48,18,86.0,0,7,2.6667,41.28
Wheat,Sandy Soil,Maturation,49,17,87.0,0,7,2.8824,42.63
Wheat,Sandy Soil,Maturation,50,16,88.0,0,7,3.125,44.0
Wheat,Sandy Soil,Maturation,51,15,89.0,0,7,3.4,45.39
Wheat,Sandy Soil,Maturation,52,14,90.0,0,7,3.7143,46.8
Wheat,Sandy Soil,Maturation,53,13,91.0,0,7,4.0769,48.23
Wheat,Sandy Soil,Maturation,54,24,80.0,0,7,2.25,43.2
Wheat,Sandy Soil,Maturation,55,23,81.0,0,7,2.3913,44.55
Wheat,Sandy Soil,Maturation,56,22,82.0,0,7,2.5455,45.92
Wheat,Sandy Soil,Maturation,57,21,83.0,0,7,2.7143,47.31
Wheat,Sandy Soil,Maturation,58,20,84.0,0,7,2.9,48.72
Wheat,Sandy Soil,Maturation,59,19,85.0,0,7,3.1053,50.15
Wheat,Sandy Soil,Maturation,60,18,86.0,0,7,3.3333,51.6
Wheat,Sandy Soil,Maturation,61,17,87.0,0,7,3.5882,53.07
Wheat,Sandy Soil,Maturation,62,16,88.0,0,7,3.875,54.56
Wheat,Sandy Soil,Maturation,63,15,89.0,0,7,4.2,56.07
Wheat,Sandy Soil,Maturation,64,14,90.0,0,7,4.5714,57.6
Wheat,Sandy Soil,Maturation,65,13,91.0,0,7,5.0,59.15
Wheat,Sandy Soil,Maturation,66,24,80.0,0,7,2.75,52.8
Wheat,Sandy Soil,Maturation,67,23,81.0,0,7,2.913,54.27
Wheat,Sandy Soil,Maturation,68,22,82.0,0,7,3.0909,55.76
Wheat,Sandy Soil,Maturation,69,21,83.0,0,7,3.2857,57.27
Wheat,Sandy Soil,Harvest,1,18,86.0,0,8,0.0556,0.86
Wheat,Sandy Soil,Harvest,2,17,87.0,0,8,0.1176,1.74
Wheat,Sandy Soil,Harvest,3,16,88.0,0,8,0.1875,2.64
Wheat,Sandy Soil,Harvest,4,15,89.0,0,8,0.2667,3.56
Wheat,Sandy Soil,Harvest,5,14,90.0,0,8,0.3571,4.5
Wheat,Sandy Soil,Harvest,6,13,91.0,0,8,0.4615,5.46
Wheat,Sandy Soil,Harvest,7,24,80.0,0,8,0.2917,5.6
Wheat,Sandy Soil,Harvest,8,23,81.0,0,8,0.3478,6.48
Wheat,Sandy Soil,Harvest,9,22,82.0,0,8,0.4091,7.38
Wheat,Sandy Soil,Harvest,10,21,83.0,0,8,0.4762,8.3
Wheat,Sandy Soil,Harvest,11,20,84.0,0,8,0.55,9.24
Wheat,Sandy Soil,Harvest,12,19,85.0,0,8,0.6316,10.2
Wheat,Sandy Soil,Harvest,13,18,86.0,0,8,0.7222,11.18
Wheat,Sandy Soil,Harvest,14,17,87.0,0,8,0.8235,12.18
Wheat,Sandy Soil,Harvest,15,16,88.0,0,8,0.9375,13.2
Wheat,Sandy Soil,Harvest,16,15,89.0,0,8,1.0667,14.24
Wheat,Sandy Soil,Harvest,17,14,90.0,0,8,1.2143,15.3
Wheat,Sandy Soil,Harvest,18,13,91.0,0,8,1.3846,16.38
Wheat,Sandy Soil,Harvest,19,24,80.0,0,8,0.7917,15.2
Wheat,Sandy Soil,Harvest,20,23,81.0,0,8,0.8696,16.2
Wheat,Sandy Soil,Harvest,21,22,82.0,0,8,0.9545,17.22
Wheat,Sandy Soil,Harvest,22,21,83.0,0,8,1.0476,18.26
Wheat,Sandy Soil,Harvest,23,20,84.0,0,8,1.15,19.32
Wheat,Sandy Soil,Harvest,24,19,85.0,0,8,1.2632,20.4
Wheat,Sandy Soil,Harvest,25,18,86.0,0,8,1.3889,21.5
Wheat,Sandy Soil,Harvest,26,17,87.0,0,8,1.5294,22.62
Wheat,Sandy Soil,Harvest,27,16,88.0,0,8,1.6875,23.76
Wheat,Sandy Soil,Harvest,28,15,89.0,0,8,1.8667,24.92
Wheat,Sandy Soil,Harvest,29,14,90.0,0,8,2.0714,26.1
Wheat,Sandy Soil,Harvest,30,13,91.0,0,8,2.3077,27.3
Wheat,Sandy Soil,Harvest,31,24,80.0,0,8,1.2917,24.8
Wheat,Sandy Soil,Harvest,32,23,81.0,0,8,1.3913,25.92
Wheat,Sandy Soil,Harvest,33,22,82.0,0,8,1.5,27.06
Wheat,Sandy Soil,Harvest,34,21,83.0,0,8,1.619,28.22
Wheat,Sandy Soil,Harvest,35,20,84.0,0,8,1.75,29.4
Wheat,Sandy Soil,Harvest,36,19,85.0,0,8,1.8947,30.6
Wheat,Sandy Soil,Harvest,37,18,86.0,0,8,2.0556,31.82
Wheat,Sandy Soil,Harvest,38,17,87.0,0,8,2.2353,33.06
Wheat,Sandy Soil,Harvest,39,16,88.0,0,8,2.4375,34.32
Wheat,Sandy Soil,Harvest,40,15,89.0,0,8,2.6667,35.6
Wheat,Sandy Soil,Harvest,41,14,90.0,0,8,2.9286,36.9
Wheat,Sandy Soil,Harvest,42,24,80.0,0,8,1.75,33.6
Wheat,Sandy Soil,Harvest,43,23,81.0,0,8,1.8696,34.83
Wheat,Sandy Soil,Harvest,44,22,82.0,0,8,2.0,36.08
Wheat,Sandy Soil,Harvest,45,21,83.0,0,8,2.1429,37.35
Wheat,Sandy Soil,Harvest,46,20,84.0,0,8,2.3,38.64
Wheat,Sandy Soil,Harvest,47,19,85.0,0,8,2.4737,39.95
Wheat,Sandy Soil,Harvest,48,18,86.0,0,8,2.6667,41.28
Wheat,Sandy Soil,Harvest,49,17,87.0,0,8,2.8824,42.63
Wheat,Sandy Soil,Harvest,50,16,88.0,0,8,3.125,44.0
Wheat,Sandy Soil,Harvest,51,15,89.0,0,8,3.4,45.39
Wheat,Sandy Soil,Harvest,52,14,90.0,0,8,3.7143,46.8
Wheat,Sandy Soil,Harvest,53,13,91.0,0,8,4.0769,48.23
Wheat,Sandy Soil,Harvest,54,24,80.0,0,8,2.25,43.2
Wheat,Sandy Soil,Harvest,55,23,81.0,0,8,2.3913,44.55
Wheat,Sandy Soil,Harvest,56,22,82.0,0,8,2.5455,45.92
Wheat,Sandy Soil,Harvest,57,21,83.0,0,8,2.7143,47.31
Wheat,Sandy Soil,Harvest,58,20,84.0,0,8,2.9,48.72
Wheat,Sandy Soil,Harvest,59,19,85.0,0,8,3.1053,50.15
Wheat,Red Soil,Germination,1,18,86.0,0,1,0.0556,0.86
Wheat,Red Soil,Germination,2,17,87.0,0,1,0.1176,1.74
Wheat,Red Soil,Germination,3,16,88.0,0,1,0.1875,2.64
Wheat,Red Soil,Germination,4,15,89.0,0,1,0.2667,3.56
Wheat,Red Soil,Germination,5,14,90.0,0,1,0.3571,4.5
Wheat,Red Soil,Germination,6,13,91.0,0,1,0.4615,5.46
Wheat,Red Soil,Germination,7,24,80.0,0,1,0.2917,5.6
Wheat,Red Soil,Germination,8,23,81.0,0,1,0.3478,6.48
Wheat,Red Soil,Germination,9,22,82.0,0,1,0.4091,7.38
Wheat,Red Soil,Germination,10,21,83.0,0,1,0.4762,8.3
Wheat,Red Soil,Germination,11,20,84.0,0,1,0.55,9.24
Wheat,Red Soil,Germination,12,19,85.0,0,1,0.6316,10.2
Wheat,Red Soil,Germination,13,18,86.0,0,1,0.7222,11.18
Wheat,Red Soil,Germination,14,17,87.0,0,1,0.8235,12.18
Wheat,Red Soil,Germination,15,16,88.0,0,1,0.9375,13.2
Wheat,Red Soil,Germination,16,15,89.0,0,1,1.0667,14.24
Wheat,Red Soil,Germination,17,14,90.0,0,1,1.2143,15.3
Wheat,Red Soil,Germination,18,13,91.0,0,1,1.3846,16.38
Wheat,Red Soil,Germination,19,24,80.0,0,1,0.7917,15.2
Wheat,Red Soil,Germination,20,23,81.0,0,1,0.8696,16.2
Wheat,Red Soil,Germination,21,22,82.0,0,1,0.9545,17.22
Wheat,Red Soil,Germination,22,21,83.0,0,1,1.0476,18.26
Wheat,Red Soil,Germination,23,20,84.0,0,1,1.15,19.32
Wheat,Red Soil,Germination,24,19,85.0,0,1,1.2632,20.4
Wheat,Red Soil,Germination,25,18,86.0,0,1,1.3889,21.5
Wheat,Red Soil,Germination,26,17,87.0,0,1,1.5294,22.62
Wheat,Red Soil,Germination,27,16,88.0,0,1,1.6875,23.76
Wheat,Red Soil,Germination,28,15,89.0,0,1,1.8667,24.92
Wheat,Red Soil,Germination,29,14,90.0,0,1,2.0714,26.1
Wheat,Red Soil,Seedling Stage,1,24,80.0,0,2,0.0417,0.8
Wheat,Red Soil,Seedling Stage,2,23,81.0,0,2,0.087,1.62
Wheat,Red Soil,Seedling Stage,3,22,82.0,0,2,0.1364,2.46
Wheat,Red Soil,Seedling Stage,4,21,83.0,0,2,0.1905,3.32
Wheat,Red Soil,Seedling Stage,5,20,84.0,0,2,0.25,4.2
Wheat,Red Soil,Seedling Stage,6,19,85.0,0,2,0.3158,5.1
Wheat,Red Soil,Seedling Stage,7,18,86.0,0,2,0.3889,6.02
Wheat,Red Soil,Seedling Stage,8,17,87.0,0,2,0.4706,6.96
Wheat,Red Soil,Seedling Stage,9,16,88.0,0,2,0.5625,7.92
Wheat,Red Soil,Seedling Stage,10,15,89.0,0,2,0.6667,8.9
Wheat,Red Soil,Seedling Stage,11,14,90.0,0,2,0.7857,9.9
Wheat,Red Soil,Seedling Stage,12,13,91.0,0,2,0.9231,10.92
Wheat,Red Soil,Seedling Stage,13,24,80.0,0,2,0.5417,10.4
Wheat,Red Soil,Seedling Stage,14,23,81.0,0,2,0.6087,11.34
Wheat,Red Soil,Seedling Stage,15,22,82.0,0,2,0.6818,12.3
Wheat,Red Soil,Seedling Stage,16,21,83.0,0,2,0.7619,13.28
Wheat,Red Soil,Seedling Stage,17,20,84.0,0,2,0.85,14.28
Wheat,Red Soil,Seedling Stage,18,19,85.0,0,2,0.9474,15.3
Wheat,Red Soil,Seedling Stage,19,18,86.0,0,2,1.0556,16.34
Wheat,Red Soil,Seedling Stage,20,17,87.0,0,2,1.1765,17.4
Wheat,Red Soil,Seedling Stage,21,16,88.0,0,2,1.3125,18.48
Wheat,Red Soil,Seedling Stage,22,15,89.0,0,2,1.4667,19.58
Wheat,Red Soil,Seedling Stage,23,14,90.0,0,2,1.6429,20.7
Wheat,Red Soil,Seedling Stage,24,13,91.0,0,2,1.8462,21.84
Wheat,Red Soil,Seedling Stage,25,24,80.0,0,2,1.0417,20.0
Wheat,Red Soil,Seedling Stage,26,23,81.0,0,2,1.1304,21.06
Wheat,Red Soil,Seedling Stage,27,22,82.0,0,2,1.2273,22.14
Wheat,Red Soil,Seedling Stage,28,21,83.0,0,2,1.3333,23.24
Wheat,Red Soil,Seedling Stage,29,20,84.0,0,2,1.45,24.36
Wheat,Red Soil,Seedling Stage,30,19,85.0,0,2,1.5789,25.5
Wheat,Red Soil,Seedling Stage,31,18,86.0,0,2,1.7222,26.66
Wheat,Red Soil,Seedling Stage,32,17,87.0,0,2,1.8824,27.84
Wheat,Red Soil,Seedling Stage,33,16,88.0,0,2,2.0625,29.04
Wheat,Red Soil,Seedling Stage,34,15,89.0,0,2,2.2667,30.26
Wheat,Red Soil,Seedling Stage,35,14,90.0,0,2,2.5,31.5
Wheat,Red Soil,Seedling Stage,36,13,91.0,0,2,2.7692,32.76
Wheat,Red Soil,Seedling Stage,37,24,80.0,0,2,1.5417,29.6
Wheat,Red Soil,Seedling Stage,38,23,81.0,0,2,1.6522,30.78
Wheat,Red Soil,Seedling Stage,39,22,82.0,0,2,1.7727,31.98
Wheat,Red Soil,Vegetative Growth / Root or Tuber Development,1,24,80.0,0,3,0.0417,0.8
Wheat,Red Soil,Vegetative Growth / Root or Tuber Development,2,23,81.0,0,3,0.087,1.62
Wheat,Red Soil,Vegetative Growth / Root or Tuber Development,3,22,82.0,0,3,0.1364,2.46
Wheat,Red Soil,Vegetative Growth / Root or Tuber Development,4,21,83.0,0,3,0.1905,3.32
Wheat,Red Soil,Vegetative Growth / Root or Tuber Development,5,20,84.0,0,3,0.25,4.2
Wheat,Red Soil,Vegetative Growth / Root or Tuber Development,6,19,85.0,0,3,0.3158,5.1
Wheat,Red Soil,Vegetative Growth / Root or Tuber Development,7,18,86.0,0,3,0.3889,6.02
Wheat,Red Soil,Vegetative Growth / Root or Tuber Development,8,17,87.0,0,3,0.4706,6.96
Wheat,Red Soil,Vegetative Growth / Root or Tuber Development,9,16,88.0,0,3,0.5625,7.92
Wheat,Red Soil,Vegetative Growth / Root or Tuber Development,10,15,89.0,0,3,0.6667,8.9
Wheat,Red Soil,Vegetative Growth / Root or Tuber Development,11,14,90.0,0,3,0.7857,9.9
Wheat,Red Soil,Vegetative Growth / Root or Tuber Development,12,13,91.0,0,3,0.9231,10.92
Wheat,Red Soil,Vegetative Growth / Root or Tuber Development,13,24,80.0,0,3,0.5417,10.4
Wheat,Red Soil,Vegetative Growth / Root or Tuber Development,14,23,81.0,0,3,0.6087,11.34
Wheat,Red Soil,Vegetative Growth / Root or Tuber Development,15,22,82.0,0,3,0.6818,12.3
Wheat,Red Soil,Vegetative Growth / Root or Tuber Development,16,21,83.0,0,3,0.7619,13.28
Wheat,Red Soil,Vegetative Growth / Root or Tuber Development,17,20,84.0,0,3,0.85,14.28
Wheat,Red Soil,Vegetative Growth / Root or Tuber Development,18,19,85.0,0,3,0.9474,15.3
Wheat,Red Soil,Vegetative Growth / Root or Tuber Development,19,18,86.0,0,3,1.0556,16.34
Wheat,Red Soil,Vegetative Growth / Root or Tuber Development,20,17,87.0,0,3,1.1765,17.4
Wheat,Red Soil,Vegetative Growth / Root or Tuber Development,21,16,88.0,0,3,1.3125,18.48
Wheat,Red Soil,Vegetative Growth / Root or Tuber Development,22,15,89.0,0,3,1.4667,19.58
Wheat,Red Soil,Vegetative Growth / Root or Tuber Development,23,14,90.0,0,3,1.6429,20.7
Wheat,Red Soil,Vegetative Growth / Root or Tuber Development,24,13,91.0,0,3,1.8462,21.84
Wheat,Red Soil,Vegetative Growth / Root or Tuber Development,25,24,80.0,0,3,1.0417,20.0
Wheat,Red Soil,Vegetative Growth / Root or Tuber Development,26,23,81.0,0,3,1.1304,21.06
Wheat,Red Soil,Vegetative Growth / Root or Tuber Development,27,22,82.0,0,3,1.2273,22.14
Wheat,Red Soil,Vegetative Growth / Root or Tuber Development,28,21,83.0,0,3,1.3333,23.24
Wheat,Red Soil,Vegetative Growth / Root or Tuber Development,29,20,84.0,0,3,1.45,24.36
Wheat,Red Soil,Vegetative Growth / Root or Tuber Development,30,19,85.0,0,3,1.5789,25.5
Wheat,Red Soil,Vegetative Growth / Root or Tuber Development,31,18,86.0,0,3,1.7222,26.66
Wheat,Red Soil,Vegetative Growth / Root or Tuber Development,32,17,87.0,0,3,1.8824,27.84
Wheat,Red Soil,Vegetative Growth / Root or Tuber Development,33,16,88.0,0,3,2.0625,29.04
Wheat,Red Soil,Vegetative Growth / Root or Tuber Development,34,15,89.0,0,3,2.2667,30.26
Wheat,Red Soil,Vegetative Growth / Root or Tuber Development,35,14,90.0,0,3,2.5,31.5
Wheat,Red Soil,Vegetative Growth / Root or Tuber Development,36,13,91.0,0,3,2.7692,32.76
Wheat,Red Soil,Vegetative Growth / Root or Tuber Development,37,24,80.0,0,3,1.5417,29.6
Wheat,Red Soil,Vegetative Growth / Root or Tuber Development,38,23,81.0,0,3,1.6522,30.78
Wheat,Red Soil,Vegetative Growth / Root or Tuber Development,39,22,82.0,0,3,1.7727,31.98
Wheat,Red Soil,Vegetative Growth / Root or Tuber Development,40,21,83.0,0,3,1.9048,33.2
Wheat,Red Soil,Vegetative Growth / Root or Tuber Development,41,20,84.0,0,3,2.05,34.44
Wheat,Red Soil,Vegetative Growth / Root or Tuber Development,42,19,85.0,0,3,2.2105,35.7
Wheat,Red Soil,Vegetative Growth / Root or Tuber Development,43,18,86.0,0,3,2.3889,36.98
Wheat,Red Soil,Vegetative Growth / Root or Tuber Development,44,17,87.0,0,3,2.5882,38.28
Wheat,Red Soil,Vegetative Growth / Root or Tuber Development,45,16,88.0,0,3,2.8125,39.6
Wheat,Red Soil,Vegetative Growth / Root or Tuber Development,46,15,89.0,0,3,3.0667,40.94
Wheat,Red Soil,Vegetative Growth / Root or Tuber Development,47,14,90.0,0,3,3.3571,42.3
Wheat,Red Soil,Vegetative Growth / Root or Tuber Development,48,13,91.0,0,3,3.6923,43.68
Wheat,Red Soil,Vegetative Growth / Root or Tuber Development,49,24,80.0,0,3,2.0417,39.2
Wheat,Red Soil,Flowering,1,24,80.0,0,4,0.0417,0.8
Wheat,Red Soil,Flowering,2,23,81.0,0,4,0.087,1.62
Wheat,Red Soil,Flowering,3,22,82.0,0,4,0.1364,2.46
Wheat,Red Soil,Flowering,4,21,83.0,0,4,0.1905,3.32
Wheat,Red Soil,Flowering,5,20,84.0,0,4,0.25,4.2
Wheat,Red Soil,Flowering,6,19,85.0,0,4,0.3158,5.1
Wheat,Red Soil,Flowering,7,18,86.0,0,4,0.3889,6.02
Wheat,Red Soil,Flowering,8,17,87.0,0,4,0.4706,6.96
Wheat,Red Soil,Flowering,9,16,88.0,0,4,0.5625,7.92
Wheat,Red Soil,Flowering,10,15,89.0,0,4,0.6667,8.9
Wheat,Red Soil,Flowering,11,14,90.0,0,4,0.7857,9.9
Wheat,Red Soil,Flowering,12,13,91.0,0,4,0.9231,10.92
Wheat,Red Soil,Flowering,13,24,80.0,0,4,0.5417,10.4
Wheat,Red Soil,Flowering,14,23,81.0,0,4,0.6087,11.34
Wheat,Red Soil,Flowering,15,22,82.0,0,4,0.6818,12.3
Wheat,Red Soil,Flowering,16,21,83.0,0,4,0.7619,13.28
Wheat,Red Soil,Flowering,17,20,84.0,0,4,0.85,14.28
Wheat,Red Soil,Flowering,18,19,85.0,0,4,0.9474,15.3
Wheat,Red Soil,Flowering,19,18,86.0,0,4,1.0556,16.34
Wheat,Red Soil,Flowering,20,17,87.0,0,4,1.1765,17.4
Wheat,Red Soil,Flowering,21,16,88.0,0,4,1.3125,18.48
Wheat,Red Soil,Flowering,22,15,89.0,0,4,1.4667,19.58
Wheat,Red Soil,Flowering,23,14,90.0,0,4,1.6429,20.7
Wheat,Red Soil,Flowering,24,13,91.0,0,4,1.8462,21.84
Wheat,Red Soil,Flowering,25,24,80.0,0,4,1.0417,20.0
Wheat,Red Soil,Flowering,26,23,81.0,0,4,1.1304,21.06
Wheat,Red Soil,Flowering,27,22,82.0,0,4,1.2273,22.14
Wheat,Red Soil,Flowering,28,21,83.0,0,4,1.3333,23.24
Wheat,Red Soil,Flowering,29,20,84.0,0,4,1.45,24.36
Wheat,Red Soil,Flowering,30,19,85.0,0,4,1.5789,25.5
Wheat,Red Soil,Flowering,31,18,86.0,0,4,1.7222,26.66
Wheat,Red Soil,Flowering,32,17,87.0,0,4,1.8824,27.84
Wheat,Red Soil,Flowering,33,16,88.0,0,4,2.0625,29.04
Wheat,Red Soil,Flowering,34,15,89.0,0,4,2.2667,30.26
Wheat,Red Soil,Flowering,35,14,90.0,0,4,2.5,31.5
Wheat,Red Soil,Flowering,36,13,91.0,0,4,2.7692,32.76
Wheat,Red Soil,Flowering,37,24,80.0,0,4,1.5417,29.6
Wheat,Red Soil,Flowering,38,23,81.0,0,4,1.6522,30.78
Wheat,Red Soil,Flowering,39,22,82.0,0,4,1.7727,31.98
Wheat,Red Soil,Flowering,40,21,83.0,0,4,1.9048,33.2
Wheat,Red Soil,Flowering,41,20,84.0,0,4,2.05,34.44
Wheat,Red Soil,Flowering,42,19,85.0,0,4,2.2105,35.7
Wheat,Red Soil,Flowering,43,18,86.0,0,4,2.3889,36.98
Wheat,Red Soil,Flowering,44,17,87.0,0,4,2.5882,38.28
Wheat,Red Soil,Flowering,45,16,88.0,0,4,2.8125,39.6
Wheat,Red Soil,Flowering,46,15,89.0,0,4,3.0667,40.94
Wheat,Red Soil,Flowering,47,14,90.0,0,4,3.3571,42.3
Wheat,Red Soil,Flowering,48,13,91.0,0,4,3.6923,43.68
Wheat,Red Soil,Flowering,49,24,80.0,0,4,2.0417,39.2
Wheat,Red Soil,Flowering,50,23,81.0,0,4,2.1739,40.5
Wheat,Red Soil,Flowering,51,22,82.0,0,4,2.3182,41.82
Wheat,Red Soil,Flowering,52,21,83.0,0,4,2.4762,43.16
Wheat,Red Soil,Flowering,53,20,84.0,0,4,2.65,44.52
Wheat,Red Soil,Flowering,54,19,85.0,0,4,2.8421,45.9
Wheat,Red Soil,Flowering,55,18,86.0,0,4,3.0556,47.3
Wheat,Red Soil,Flowering,56,17,87.0,0,4,3.2941,48.72
Wheat,Red Soil,Flowering,57,16,88.0,0,4,3.5625,50.16
Wheat,Red Soil,Flowering,58,15,89.0,0,4,3.8667,51.62
Wheat,Red Soil,Flowering,59,14,90.0,0,4,4.2143,53.1
Wheat,Red Soil,Pollination,1,18,86.0,0,5,0.0556,0.86
Wheat,Red Soil,Pollination,2,17,87.0,0,5,0.1176,1.74
Wheat,Red Soil,Pollination,3,16,88.0,0,5,0.1875,2.64
Wheat,Red Soil,Pollination,4,15,89.0,0,5,0.2667,3.56
Wheat,Red Soil,Pollination,5,14,90.0,0,5,0.3571,4.5
Wheat,Red Soil,Pollination,6,13,91.0,0,5,0.4615,5.46
Wheat,Red Soil,Pollination,7,24,80.0,0,5,0.2917,5.6
Wheat,Red Soil,Pollination,8,23,81.0,0,5,0.3478,6.48
Wheat,Red Soil,Pollination,9,22,82.0,0,5,0.4091,7.38
Wheat,Red Soil,Pollination,10,21,83.0,0,5,0.4762,8.3
Wheat,Red Soil,Pollination,11,20,84.0,0,5,0.55,9.24
Wheat,Red Soil,Pollination,12,19,85.0,0,5,0.6316,10.2
Wheat,Red Soil,Pollination,13,18,86.0,0,5,0.7222,11.18
Wheat,Red Soil,Pollination,14,17,87.0,0,5,0.8235,12.18
Wheat,Red Soil,Pollination,15,16,88.0,0,5,0.9375,13.2
Wheat,Red Soil,Pollination,16,15,89.0,0,5,1.0667,14.24
Wheat,Red Soil,Pollination,17,14,90.0,0,5,1.2143,15.3
Wheat,Red Soil,Pollination,18,13,91.0,0,5,1.3846,16.38
Wheat,Red Soil,Pollination,19,24,80.0,0,5,0.7917,15.2
Wheat,Red Soil,Pollination,20,23,81.0,0,5,0.8696,16.2
Wheat,Red Soil,Pollination,21,22,82.0,0,5,0.9545,17.22
Wheat,Red Soil,Pollination,22,21,83.0,0,5,1.0476,18.26
Wheat,Red Soil,Pollination,23,20,84.0,0,5,1.15,19.32
Wheat,Red Soil,Pollination,24,19,85.0,0,5,1.2632,20.4
Wheat,Red Soil,Pollination,25,18,86.0,0,5,1.3889,21.5
Wheat,Red Soil,Pollination,26,17,87.0,0,5,1.5294,22.62
Wheat,Red Soil,Pollination,27,16,88.0,0,5,1.6875,23.76
Wheat,Red Soil,Pollination,28,15,89.0,0,5,1.8667,24.92
Wheat,Red Soil,Pollination,29,14,90.0,0,5,2.0714,26.1
Wheat,Red Soil,Pollination,30,13,91.0,0,5,2.3077,27.3
Wheat,Red Soil,Pollination,31,24,80.0,0,5,1.2917,24.8
Wheat,Red Soil,Pollination,32,23,81.0,0,5,1.3913,25.92
Wheat,Red Soil,Pollination,33,22,82.0,0,5,1.5,27.06
Wheat,Red Soil,Pollination,34,21,83.0,0,5,1.619,28.22
Wheat,Red Soil,Pollination,35,20,84.0,0,5,1.75,29.4
Wheat,Red Soil,Pollination,36,19,85.0,0,5,1.8947,30.6
Wheat,Red Soil,Pollination,37,18,86.0,0,5,2.0556,31.82
Wheat,Red Soil,Pollination,38,17,87.0,0,5,2.2353,33.06
Wheat,Red Soil,Pollination,39,16,88.0,0,5,2.4375,34.32
Wheat,Red Soil,Pollination,40,15,89.0,0,5,2.6667,35.6
Wheat,Red Soil,Pollination,41,14,90.0,0,5,2.9286,36.9
Wheat,Red Soil,Pollination,42,24,80.0,0,5,1.75,33.6
Wheat,Red Soil,Pollination,43,23,81.0,0,5,1.8696,34.83
Wheat,Red Soil,Pollination,44,22,82.0,0,5,2.0,36.08
Wheat,Red Soil,Pollination,45,21,83.0,0,5,2.1429,37.35
Wheat,Red Soil,Pollination,46,20,84.0,0,5,2.3,38.64
Wheat,Red Soil,Pollination,47,19,85.0,0,5,2.4737,39.95
Wheat,Red Soil,Pollination,48,18,86.0,0,5,2.6667,41.28
Wheat,Red Soil,Pollination,49,17,87.0,0,5,2.8824,42.63
Wheat,Red Soil,Pollination,50,16,88.0,0,5,3.125,44.0
Wheat,Red Soil,Pollination,51,15,89.0,0,5,3.4,45.39
Wheat,Red Soil,Pollination,52,14,90.0,0,5,3.7143,46.8
Wheat,Red Soil,Pollination,53,13,91.0,0,5,4.0769,48.23
Wheat,Red Soil,Pollination,54,24,80.0,0,5,2.25,43.2
Wheat,Red Soil,Pollination,55,23,81.0,0,5,2.3913,44.55
Wheat,Red Soil,Pollination,56,22,82.0,0,5,2.5455,45.92
Wheat,Red Soil,Pollination,57,21,83.0,0,5,2.7143,47.31
Wheat,Red Soil,Pollination,58,20,84.0,0,5,2.9,48.72
Wheat,Red Soil,Pollination,59,19,85.0,0,5,3.1053,50.15
Wheat,Red Soil,Pollination,60,18,86.0,0,5,3.3333,51.6
Wheat,Red Soil,Pollination,61,17,87.0,0,5,3.5882,53.07
Wheat,Red Soil,Pollination,62,16,88.0,0,5,3.875,54.56
Wheat,Red Soil,Pollination,63,15,89.0,0,5,4.2,56.07
Wheat,Red Soil,Pollination,64,14,90.0,0,5,4.5714,57.6
Wheat,Red Soil,Pollination,65,13,91.0,0,5,5.0,59.15
Wheat,Red Soil,Pollination,66,24,80.0,0,5,2.75,52.8
Wheat,Red Soil,Pollination,67,23,81.0,0,5,2.913,54.27
Wheat,Red Soil,Pollination,68,22,82.0,0,5,3.0909,55.76
Wheat,Red Soil,Pollination,69,21,83.0,0,5,3.2857,57.27
Wheat,Red Soil,Fruit/Grain/Bulb Formation,1,18,86.0,0,6,0.0556,0.86
Wheat,Red Soil,Fruit/Grain/Bulb Formation,2,17,87.0,0,6,0.1176,1.74
Wheat,Red Soil,Fruit/Grain/Bulb Formation,3,16,88.0,0,6,0.1875,2.64
Wheat,Red Soil,Fruit/Grain/Bulb Formation,4,15,89.0,0,6,0.2667,3.56
Wheat,Red Soil,Fruit/Grain/Bulb Formation,5,14,90.0,0,6,0.3571,4.5
Wheat,Red Soil,Fruit/Grain/Bulb Formation,6,13,91.0,0,6,0.4615,5.46
Wheat,Red Soil,Fruit/Grain/Bulb Formation,7,24,80.0,0,6,0.2917,5.6
Wheat,Red Soil,Fruit/Grain/Bulb Formation,8,23,81.0,0,6,0.3478,6.48
Wheat,Red Soil,Fruit/Grain/Bulb Formation,9,22,82.0,0,6,0.4091,7.38
Wheat,Red Soil,Fruit/Grain/Bulb Formation,10,21,83.0,0,6,0.4762,8.3
Wheat,Red Soil,Fruit/Grain/Bulb Formation,11,20,84.0,0,6,0.55,9.24
Wheat,Red Soil,Fruit/Grain/Bulb Formation,12,19,85.0,0,6,0.6316,10.2
Wheat,Red Soil,Fruit/Grain/Bulb Formation,13,18,86.0,0,6,0.7222,11.18
Wheat,Red Soil,Fruit/Grain/Bulb Formation,14,17,87.0,0,6,0.8235,12.18
Wheat,Red Soil,Fruit/Grain/Bulb Formation,15,16,88.0,0,6,0.9375,13.2
Wheat,Red Soil,Fruit/Grain/Bulb Formation,16,15,89.0,0,6,1.0667,14.24
Wheat,Red Soil,Fruit/Grain/Bulb Formation,17,14,90.0,0,6,1.2143,15.3
Wheat,Red Soil,Fruit/Grain/Bulb Formation,18,13,91.0,0,6,1.3846,16.38
Wheat,Red Soil,Fruit/Grain/Bulb Formation,19,24,80.0,0,6,0.7917,15.2
Wheat,Red Soil,Fruit/Grain/Bulb Formation,20,23,81.0,0,6,0.8696,16.2
Wheat,Red Soil,Fruit/Grain/Bulb Formation,21,22,82.0,0,6,0.9545,17.22
Wheat,Red Soil,Fruit/Grain/Bulb Formation,22,21,83.0,0,6,1.0476,18.26
Wheat,Red Soil,Fruit/Grain/Bulb Formation,23,20,84.0,0,6,1.15,19.32
Wheat,Red Soil,Fruit/Grain/Bulb Formation,24,19,85.0,0,6,1.2632,20.4
Wheat,Red Soil,Fruit/Grain/Bulb Formation,25,18,86.0,0,6,1.3889,21.5
Wheat,Red Soil,Fruit/Grain/Bulb Formation,26,17,87.0,0,6,1.5294,22.62
Wheat,Red Soil,Fruit/Grain/Bulb Formation,27,16,88.0,0,6,1.6875,23.76
Wheat,Red Soil,Fruit/Grain/Bulb Formation,28,15,89.0,0,6,1.8667,24.92
Wheat,Red Soil,Fruit/Grain/Bulb Formation,29,14,90.0,0,6,2.0714,26.1
Wheat,Red Soil,Fruit/Grain/Bulb Formation,30,13,91.0,0,6,2.3077,27.3
Wheat,Red Soil,Fruit/Grain/Bulb Formation,31,24,80.0,0,6,1.2917,24.8
Wheat,Red Soil,Fruit/Grain/Bulb Formation,32,23,81.0,0,6,1.3913,25.92
Wheat,Red Soil,Fruit/Grain/Bulb Formation,33,22,82.0,0,6,1.5,27.06
Wheat,Red Soil,Fruit/Grain/Bulb Formation,34,21,83.0,0,6,1.619,28.22
Wheat,Red Soil,Fruit/Grain/Bulb Formation,35,20,84.0,0,6,1.75,29.4
Wheat,Red Soil,Fruit/Grain/Bulb Formation,36,19,85.0,0,6,1.8947,30.6
Wheat,Red Soil,Fruit/Grain/Bulb Formation,37,18,86.0,0,6,2.0556,31.82
Wheat,Red Soil,Fruit/Grain/Bulb Formation,38,17,87.0,0,6,2.2353,33.06
Wheat,Red Soil,Fruit/Grain/Bulb Formation,39,16,88.0,0,6,2.4375,34.32
Wheat,Red Soil,Fruit/Grain/Bulb Formation,40,15,89.0,0,6,2.6667,35.6
Wheat,Red Soil,Fruit/Grain/Bulb Formation,41,14,90.0,0,6,2.9286,36.9
Wheat,Red Soil,Fruit/Grain/Bulb Formation,42,24,80.0,0,6,1.75,33.6
Wheat,Red Soil,Fruit/Grain/Bulb Formation,43,23,81.0,0,6,1.8696,34.83
Wheat,Red Soil,Fruit/Grain/Bulb Formation,44,22,82.0,0,6,2.0,36.08
Wheat,Red Soil,Fruit/Grain/Bulb Formation,45,21,83.0,0,6,2.1429,37.35
Wheat,Red Soil,Fruit/Grain/Bulb Formation,46,20,84.0,0,6,2.3,38.64
Wheat,Red Soil,Fruit/Grain/Bulb Formation,47,19,85.0,0,6,2.4737,39.95
Wheat,Red Soil,Fruit/Grain/Bulb Formation,48,18,86.0,0,6,2.6667,41.28
Wheat,Red Soil,Fruit/Grain/Bulb Formation,49,17,87.0,0,6,2.8824,42.63
Wheat,Red Soil,Fruit/Grain/Bulb Formation,50,16,88.0,0,6,3.125,44.0
Wheat,Red Soil,Fruit/Grain/Bulb Formation,51,15,89.0,0,6,3.4,45.39
Wheat,Red Soil,Fruit/Grain/Bulb Formation,52,14,90.0,0,6,3.7143,46.8
Wheat,Red Soil,Fruit/Grain/Bulb Formation,53,13,91.0,0,6,4.0769,48.23
Wheat,Red Soil,Fruit/Grain/Bulb Formation,54,24,80.0,0,6,2.25,43.2
Wheat,Red Soil,Fruit/Grain/Bulb Formation,55,23,81.0,0,6,2.3913,44.55
Wheat,Red Soil,Fruit/Grain/Bulb Formation,56,22,82.0,0,6,2.5455,45.92
Wheat,Red Soil,Fruit/Grain/Bulb Formation,57,21,83.0,0,6,2.7143,47.31
Wheat,Red Soil,Fruit/Grain/Bulb Formation,58,20,84.0,0,6,2.9,48.72
Wheat,Red Soil,Fruit/Grain/Bulb Formation,59,19,85.0,0,6,3.1053,50.15
Wheat,Red Soil,Fruit/Grain/Bulb Formation,60,18,86.0,0,6,3.3333,51.6
Wheat,Red Soil,Fruit/Grain/Bulb Formation,61,17,87.0,0,6,3.5882,53.07
Wheat,Red Soil,Fruit/Grain/Bulb Formation,62,16,88.0,0,6,3.875,54.56
Wheat,Red Soil,Fruit/Grain/Bulb Formation,63,15,89.0,0,6,4.2,56.07
Wheat,Red Soil,Fruit/Grain/Bulb Formation,64,14,90.0,0,6,4.5714,57.6
Wheat,Red Soil,Fruit/Grain/Bulb Formation,65,13,91.0,0,6,5.0,59.15
Wheat,Red Soil,Fruit/Grain/Bulb Formation,66,24,80.0,0,6,2.75,52.8
Wheat,Red Soil,Fruit/Grain/Bulb Formation,67,23,81.0,0,6,2.913,54.27
Wheat,Red Soil,Fruit/Grain/Bulb Formation,68,22,82.0,0,6,3.0909,55.76
Wheat,Red Soil,Fruit/Grain/Bulb Formation,69,21,83.0,0,6,3.2857,57.27
Wheat,Red Soil,Maturation,1,18,86.0,0,7,0.0556,0.86
Wheat,Red Soil,Maturation,2,17,87.0,0,7,0.1176,1.74
Wheat,Red Soil,Maturation,3,16,88.0,0,7,0.1875,2.64
Wheat,Red Soil,Maturation,4,15,89.0,0,7,0.2667,3.56
Wheat,Red Soil,Maturation,5,14,90.0,0,7,0.3571,4.5
Wheat,Red Soil,Maturation,6,13,91.0,0,7,0.4615,5.46
Wheat,Red Soil,Maturation,7,24,80.0,0,7,0.2917,5.6
Wheat,Red Soil,Maturation,8,23,81.0,0,7,0.3478,6.48
Wheat,Red Soil,Maturation,9,22,82.0,0,7,0.4091,7.38
Wheat,Red Soil,Maturation,10,21,83.0,0,7,0.4762,8.3
Wheat,Red Soil,Maturation,11,20,84.0,0,7,0.55,9.24
Wheat,Red Soil,Maturation,12,19,85.0,0,7,0.6316,10.2
Wheat,Red Soil,Maturation,13,18,86.0,0,7,0.7222,11.18
Wheat,Red Soil,Maturation,14,17,87.0,0,7,0.8235,12.18
Wheat,Red Soil,Maturation,15,16,88.0,0,7,0.9375,13.2
Wheat,Red Soil,Maturation,16,15,89.0,0,7,1.0667,14.24
Wheat,Red Soil,Maturation,17,14,90.0,0,7,1.2143,15.3
Wheat,Red Soil,Maturation,18,13,91.0,0,7,1.3846,16.38
Wheat,Red Soil,Maturation,19,24,80.0,0,7,0.7917,15.2
Wheat,Red Soil,Maturation,20,23,81.0,0,7,0.8696,16.2
Wheat,Red Soil,Maturation,21,22,82.0,0,7,0.9545,17.22
Wheat,Red Soil,Maturation,22,21,83.0,0,7,1.0476,18.26
Wheat,Red Soil,Maturation,23,20,84.0,0,7,1.15,19.32
Wheat,Red Soil,Maturation,24,19,85.0,0,7,1.2632,20.4
Wheat,Red Soil,Maturation,25,18,86.0,0,7,1.3889,21.5
Wheat,Red Soil,Maturation,26,17,87.0,0,7,1.5294,22.62
Wheat,Red Soil,Maturation,27,16,88.0,0,7,1.6875,23.76
Wheat,Red Soil,Maturation,28,15,89.0,0,7,1.8667,24.92
Wheat,Red Soil,Maturation,29,14,90.0,0,7,2.0714,26.1
Wheat,Red Soil,Maturation,30,13,91.0,0,7,2.3077,27.3
Wheat,Red Soil,Maturation,31,24,80.0,0,7,1.2917,24.8
Wheat,Red Soil,Maturation,32,23,81.0,0,7,1.3913,25.92
Wheat,Red Soil,Maturation,33,22,82.0,0,7,1.5,27.06
Wheat,Red Soil,Maturation,34,21,83.0,0,7,1.619,28.22
Wheat,Red Soil,Maturation,35,20,84.0,0,7,1.75,29.4
Wheat,Red Soil,Maturation,36,19,85.0,0,7,1.8947,30.6
Wheat,Red Soil,Maturation,37,18,86.0,0,7,2.0556,31.82
Wheat,Red Soil,Maturation,38,17,87.0,0,7,2.2353,33.06
Wheat,Red Soil,Maturation,39,16,88.0,0,7,2.4375,34.32
Wheat,Red Soil,Maturation,40,15,89.0,0,7,2.6667,35.6
Wheat,Red Soil,Maturation,41,14,90.0,0,7,2.9286,36.9
Wheat,Red Soil,Maturation,42,24,80.0,0,7,1.75,33.6
Wheat,Red Soil,Maturation,43,23,81.0,0,7,1.8696,34.83
Wheat,Red Soil,Maturation,44,22,82.0,0,7,2.0,36.08
Wheat,Red Soil,Maturation,45,21,83.0,0,7,2.1429,37.35
Wheat,Red Soil,Maturation,46,20,84.0,0,7,2.3,38.64
Wheat,Red Soil,Maturation,47,19,85.0,0,7,2.4737,39.95
Wheat,Red Soil,Maturation,48,18,86.0,0,7,2.6667,41.28
Wheat,Red Soil,Maturation,49,17,87.0,0,7,2.8824,42.63
Wheat,Red Soil,Maturation,50,16,88.0,0,7,3.125,44.0
Wheat,Red Soil,Maturation,51,15,89.0,0,7,3.4,45.39
Wheat,Red Soil,Maturation,52,14,90.0,0,7,3.7143,46.8
Wheat,Red Soil,Maturation,53,13,91.0,0,7,4.0769,48.23
Wheat,Red Soil,Maturation,54,24,80.0,0,7,2.25,43.2
Wheat,Red Soil,Maturation,55,23,81.0,0,7,2.3913,44.55
Wheat,Red Soil,Maturation,56,22,82.0,0,7,2.5455,45.92
Wheat,Red Soil,Maturation,57,21,83.0,0,7,2.7143,47.31
Wheat,Red Soil,Maturation,58,20,84.0,0,7,2.9,48.72
Wheat,Red Soil,Maturation,59,19,85.0,0,7,3.1053,50.15
Wheat,Red Soil,Maturation,60,18,86.0,0,7,3.3333,51.6
Wheat,Red Soil,Maturation,61,17,87.0,0,7,3.5882,53.07
Wheat,Red Soil,Maturation,62,16,88.0,0,7,3.875,54.56
Wheat,Red Soil,Maturation,63,15,89.0,0,7,4.2,56.07
Wheat,Red Soil,Maturation,64,14,90.0,0,7,4.5714,57.6
Wheat,Red Soil,Maturation,65,13,91.0,0,7,5.0,59.15
Wheat,Red Soil,Maturation,66,24,80.0,0,7,2.75,52.8
Wheat,Red Soil,Maturation,67,23,81.0,0,7,2.913,54.27
Wheat,Red Soil,Maturation,68,22,82.0,0,7,3.0909,55.76
Wheat,Red Soil,Maturation,69,21,83.0,0,7,3.2857,57.27
Wheat,Red Soil,Harvest,1,18,86.0,0,8,0.0556,0.86
Wheat,Red Soil,Harvest,2,17,87.0,0,8,0.1176,1.74
Wheat,Red Soil,Harvest,3,16,88.0,0,8,0.1875,2.64
Wheat,Red Soil,Harvest,4,15,89.0,0,8,0.2667,3.56
Wheat,Red Soil,Harvest,5,14,90.0,0,8,0.3571,4.5
Wheat,Red Soil,Harvest,6,13,91.0,0,8,0.4615,5.46
Wheat,Red Soil,Harvest,7,24,80.0,0,8,0.2917,5.6
Wheat,Red Soil,Harvest,8,23,81.0,0,8,0.3478,6.48
Wheat,Red Soil,Harvest,9,22,82.0,0,8,0.4091,7.38
Wheat,Red Soil,Harvest,10,21,83.0,0,8,0.4762,8.3
Wheat,Red Soil,Harvest,11,20,84.0,0,8,0.55,9.24
Wheat,Red Soil,Harvest,12,19,85.0,0,8,0.6316,10.2
Wheat,Red Soil,Harvest,13,18,86.0,0,8,0.7222,11.18
Wheat,Red Soil,Harvest,14,17,87.0,0,8,0.8235,12.18
Wheat,Red Soil,Harvest,15,16,88.0,0,8,0.9375,13.2
Wheat,Red Soil,Harvest,16,15,89.0,0,8,1.0667,14.24
Wheat,Red Soil,Harvest,17,14,90.0,0,8,1.2143,15.3
Wheat,Red Soil,Harvest,18,13,91.0,0,8,1.3846,16.38
Wheat,Red Soil,Harvest,19,24,80.0,0,8,0.7917,15.2
Wheat,Red Soil,Harvest,20,23,81.0,0,8,0.8696,16.2
Wheat,Red Soil,Harvest,21,22,82.0,0,8,0.9545,17.22
Wheat,Red Soil,Harvest,22,21,83.0,0,8,1.0476,18.26
Wheat,Red Soil,Harvest,23,20,84.0,0,8,1.15,19.32
Wheat,Red Soil,Harvest,24,19,85.0,0,8,1.2632,20.4
Wheat,Red Soil,Harvest,25,18,86.0,0,8,1.3889,21.5
Wheat,Red Soil,Harvest,26,17,87.0,0,8,1.5294,22.62
Wheat,Red Soil,Harvest,27,16,88.0,0,8,1.6875,23.76
Wheat,Red Soil,Harvest,28,15,89.0,0,8,1.8667,24.92
Wheat,Red Soil,Harvest,29,14,90.0,0,8,2.0714,26.1
Wheat,Red Soil,Harvest,30,13,91.0,0,8,2.3077,27.3
Wheat,Red Soil,Harvest,31,24,80.0,0,8,1.2917,24.8
Wheat,Red Soil,Harvest,32,23,81.0,0,8,1.3913,25.92
Wheat,Red Soil,Harvest,33,22,82.0,0,8,1.5,27.06
Wheat,Red Soil,Harvest,34,21,83.0,0,8,1.619,28.22
Wheat,Red Soil,Harvest,35,20,84.0,0,8,1.75,29.4
Wheat,Red Soil,Harvest,36,19,85.0,0,8,1.8947,30.6
Wheat,Red Soil,Harvest,37,18,86.0,0,8,2.0556,31.82
Wheat,Red Soil,Harvest,38,17,87.0,0,8,2.2353,33.06
Wheat,Red Soil,Harvest,39,16,88.0,0,8,2.4375,34.32
Wheat,Red Soil,Harvest,40,15,89.0,0,8,2.6667,35.6
Wheat,Red Soil,Harvest,41,14,90.0,0,8,2.9286,36.9
Wheat,Red Soil,Harvest,42,24,80.0,0,8,1.75,33.6
Wheat,Red Soil,Harvest,43,23,81.0,0,8,1.8696,34.83
Wheat,Red Soil,Harvest,44,22,82.0,0,8,2.0,36.08
Wheat,Red Soil,Harvest,45,21,83.0,0,8,2.1429,37.35
Wheat,Red Soil,Harvest,46,20,84.0,0,8,2.3,38.64
Wheat,Red Soil,Harvest,47,19,85.0,0,8,2.4737,39.95
Wheat,Red Soil,Harvest,48,18,86.0,0,8,2.6667,41.28
Wheat,Red Soil,Harvest,49,17,87.0,0,8,2.8824,42.63
Wheat,Red Soil,Harvest,50,16,88.0,0,8,3.125,44.0
Wheat,Red Soil,Harvest,51,15,89.0,0,8,3.4,45.39
Wheat,Red Soil,Harvest,52,14,90.0,0,8,3.7143,46.8
Wheat,Red Soil,Harvest,53,13,91.0,0,8,4.0769,48.23
Wheat,Red Soil,Harvest,54,24,80.0,0,8,2.25,43.2
Wheat,Red Soil,Harvest,55,23,81.0,0,8,2.3913,44.55
Wheat,Red Soil,Harvest,56,22,82.0,0,8,2.5455,45.92
Wheat,Red Soil,Harvest,57,21,83.0,0,8,2.7143,47.31
Wheat,Red Soil,Harvest,58,20,84.0,0,8,2.9,48.72
Wheat,Red Soil,Harvest,59,19,85.0,0,8,3.1053,50.15
Wheat,Clay Soil,Germination,1,18,86.0,0,1,0.0556,0.86
Wheat,Clay Soil,Germination,2,17,87.0,0,1,0.1176,1.74
Wheat,Clay Soil,Germination,3,16,88.0,0,1,0.1875,2.64
Wheat,Clay Soil,Germination,4,15,89.0,0,1,0.2667,3.56
Wheat,Clay Soil,Germination,5,14,90.0,0,1,0.3571,4.5
Wheat,Clay Soil,Germination,6,13,91.0,0,1,0.4615,5.46
Wheat,Clay Soil,Germination,7,24,80.0,0,1,0.2917,5.6
Wheat,Clay Soil,Germination,8,23,81.0,0,1,0.3478,6.48
Wheat,Clay Soil,Germination,9,22,82.0,0,1,0.4091,7.38
Wheat,Clay Soil,Germination,10,21,83.0,0,1,0.4762,8.3
Wheat,Clay Soil,Germination,11,20,84.0,0,1,0.55,9.24
Wheat,Clay Soil,Germination,12,19,85.0,0,1,0.6316,10.2
Wheat,Clay Soil,Germination,13,18,86.0,0,1,0.7222,11.18
Wheat,Clay Soil,Germination,14,17,87.0,0,1,0.8235,12.18
Wheat,Clay Soil,Germination,15,16,88.0,0,1,0.9375,13.2
Wheat,Clay Soil,Germination,16,15,89.0,0,1,1.0667,14.24
Wheat,Clay Soil,Germination,17,14,90.0,0,1,1.2143,15.3
Wheat,Clay Soil,Germination,18,13,91.0,0,1,1.3846,16.38
Wheat,Clay Soil,Germination,19,24,80.0,0,1,0.7917,15.2
Wheat,Clay Soil,Germination,20,23,81.0,0,1,0.8696,16.2
Wheat,Clay Soil,Germination,21,22,82.0,0,1,0.9545,17.22
Wheat,Clay Soil,Germination,22,21,83.0,0,1,1.0476,18.26
Wheat,Clay Soil,Germination,23,20,84.0,0,1,1.15,19.32
Wheat,Clay Soil,Germination,24,19,85.0,0,1,1.2632,20.4
Wheat,Clay Soil,Germination,25,18,86.0,0,1,1.3889,21.5
Wheat,Clay Soil,Germination,26,17,87.0,0,1,1.5294,22.62
Wheat,Clay Soil,Germination,27,16,88.0,0,1,1.6875,23.76
Wheat,Clay Soil,Germination,28,15,89.0,0,1,1.8667,24.92
Wheat,Clay Soil,Germination,29,14,90.0,0,1,2.0714,26.1
Wheat,Clay Soil,Seedling Stage,1,24,80.0,0,2,0.0417,0.8
Wheat,Clay Soil,Seedling Stage,2,23,81.0,0,2,0.087,1.62
Wheat,Clay Soil,Seedling Stage,3,22,82.0,0,2,0.1364,2.46
Wheat,Clay Soil,Seedling Stage,4,21,83.0,0,2,0.1905,3.32
Wheat,Clay Soil,Seedling Stage,5,20,84.0,0,2,0.25,4.2
Wheat,Clay Soil,Seedling Stage,6,19,85.0,0,2,0.3158,5.1
Wheat,Clay Soil,Seedling Stage,7,18,86.0,0,2,0.3889,6.02
Wheat,Clay Soil,Seedling Stage,8,17,87.0,0,2,0.4706,6.96
Wheat,Clay Soil,Seedling Stage,9,16,88.0,0,2,0.5625,7.92
Wheat,Clay Soil,Seedling Stage,10,15,89.0,0,2,0.6667,8.9
Wheat,Clay Soil,Seedling Stage,11,14,90.0,0,2,0.7857,9.9
Wheat,Clay Soil,Seedling Stage,12,13,91.0,0,2,0.9231,10.92
Wheat,Clay Soil,Seedling Stage,13,24,80.0,0,2,0.5417,10.4
Wheat,Clay Soil,Seedling Stage,14,23,81.0,0,2,0.6087,11.34
Wheat,Clay Soil,Seedling Stage,15,22,82.0,0,2,0.6818,12.3
Wheat,Clay Soil,Seedling Stage,16,21,83.0,0,2,0.7619,13.28
Wheat,Clay Soil,Seedling Stage,17,20,84.0,0,2,0.85,14.28
Wheat,Clay Soil,Seedling Stage,18,19,85.0,0,2,0.9474,15.3
Wheat,Clay Soil,Seedling Stage,19,18,86.0,0,2,1.0556,16.34
Wheat,Clay Soil,Seedling Stage,20,17,87.0,0,2,1.1765,17.4
Wheat,Clay Soil,Seedling Stage,21,16,88.0,0,2,1.3125,18.48
Wheat,Clay Soil,Seedling Stage,22,15,89.0,0,2,1.4667,19.58
Wheat,Clay Soil,Seedling Stage,23,14,90.0,0,2,1.6429,20.7
Wheat,Clay Soil,Seedling Stage,24,13,91.0,0,2,1.8462,21.84
Wheat,Clay Soil,Seedling Stage,25,24,80.0,0,2,1.0417,20.0
Wheat,Clay Soil,Seedling Stage,26,23,81.0,0,2,1.1304,21.06
Wheat,Clay Soil,Seedling Stage,27,22,82.0,0,2,1.2273,22.14
Wheat,Clay Soil,Seedling Stage,28,21,83.0,0,2,1.3333,23.24
Wheat,Clay Soil,Seedling Stage,29,20,84.0,0,2,1.45,24.36
Wheat,Clay Soil,Seedling Stage,30,19,85.0,0,2,1.5789,25.5
Wheat,Clay Soil,Seedling Stage,31,18,86.0,0,2,1.7222,26.66
Wheat,Clay Soil,Seedling Stage,32,17,87.0,0,2,1.8824,27.84
Wheat,Clay Soil,Seedling Stage,33,16,88.0,0,2,2.0625,29.04
Wheat,Clay Soil,Seedling Stage,34,15,89.0,0,2,2.2667,30.26
Wheat,Clay Soil,Seedling Stage,35,14,90.0,0,2,2.5,31.5
Wheat,Clay Soil,Seedling Stage,36,13,91.0,0,2,2.7692,32.76
Wheat,Clay Soil,Seedling Stage,37,24,80.0,0,2,1.5417,29.6
Wheat,Clay Soil,Seedling Stage,38,23,81.0,0,2,1.6522,30.78
Wheat,Clay Soil,Seedling Stage,39,22,82.0,0,2,1.7727,31.98
Wheat,Clay Soil,Vegetative Growth / Root or Tuber Development,1,24,80.0,0,3,0.0417,0.8
Wheat,Clay Soil,Vegetative Growth / Root or Tuber Development,2,23,81.0,0,3,0.087,1.62
Wheat,Clay Soil,Vegetative Growth / Root or Tuber Development,3,22,82.0,0,3,0.1364,2.46
Wheat,Clay Soil,Vegetative Growth / Root or Tuber Development,4,21,83.0,0,3,0.1905,3.32
Wheat,Clay Soil,Vegetative Growth / Root or Tuber Development,5,20,84.0,0,3,0.25,4.2
Wheat,Clay Soil,Vegetative Growth / Root or Tuber Development,6,19,85.0,0,3,0.3158,5.1
Wheat,Clay Soil,Vegetative Growth / Root or Tuber Development,7,18,86.0,0,3,0.3889,6.02
Wheat,Clay Soil,Vegetative Growth / Root or Tuber Development,8,17,87.0,0,3,0.4706,6.96
Wheat,Clay Soil,Vegetative Growth / Root or Tuber Development,9,16,88.0,0,3,0.5625,7.92
Wheat,Clay Soil,Vegetative Growth / Root or Tuber Development,10,15,89.0,0,3,0.6667,8.9
Wheat,Clay Soil,Vegetative Growth / Root or Tuber Development,11,14,90.0,0,3,0.7857,9.9
Wheat,Clay Soil,Vegetative Growth / Root or Tuber Development,12,13,91.0,0,3,0.9231,10.92
Wheat,Clay Soil,Vegetative Growth / Root or Tuber Development,13,24,80.0,0,3,0.5417,10.4
Wheat,Clay Soil,Vegetative Growth / Root or Tuber Development,14,23,81.0,0,3,0.6087,11.34
Wheat,Clay Soil,Vegetative Growth / Root or Tuber Development,15,22,82.0,0,3,0.6818,12.3
Wheat,Clay Soil,Vegetative Growth / Root or Tuber Development,16,21,83.0,0,3,0.7619,13.28
Wheat,Clay Soil,Vegetative Growth / Root or Tuber Development,17,20,84.0,0,3,0.85,14.28
Wheat,Clay Soil,Vegetative Growth / Root or Tuber Development,18,19,85.0,0,3,0.9474,15.3
Wheat,Clay Soil,Vegetative Growth / Root or Tuber Development,19,18,86.0,0,3,1.0556,16.34
Wheat,Clay Soil,Vegetative Growth / Root or Tuber Development,20,17,87.0,0,3,1.1765,17.4
Wheat,Clay Soil,Vegetative Growth / Root or Tuber Development,21,16,88.0,0,3,1.3125,18.48
Wheat,Clay Soil,Vegetative Growth / Root or Tuber Development,22,15,89.0,0,3,1.4667,19.58
Wheat,Clay Soil,Vegetative Growth / Root or Tuber Development,23,14,90.0,0,3,1.6429,20.7
Wheat,Clay Soil,Vegetative Growth / Root or Tuber Development,24,13,91.0,0,3,1.8462,21.84
Wheat,Clay Soil,Vegetative Growth / Root or Tuber Development,25,24,80.0,0,3,1.0417,20.0
Wheat,Clay Soil,Vegetative Growth / Root or Tuber Development,26,23,81.0,0,3,1.1304,21.06
Wheat,Clay Soil,Vegetative Growth / Root or Tuber Development,27,22,82.0,0,3,1.2273,22.14
Wheat,Clay Soil,Vegetative Growth / Root or Tuber Development,28,21,83.0,0,3,1.3333,23.24
Wheat,Clay Soil,Vegetative Growth / Root or Tuber Development,29,20,84.0,0,3,1.45,24.36
Wheat,Clay Soil,Vegetative Growth / Root or Tuber Development,30,19,85.0,0,3,1.5789,25.5
Wheat,Clay Soil,Vegetative Growth / Root or Tuber Development,31,18,86.0,0,3,1.7222,26.66
Wheat,Clay Soil,Vegetative Growth / Root or Tuber Development,32,17,87.0,0,3,1.8824,27.84
Wheat,Clay Soil,Vegetative Growth / Root or Tuber Development,33,16,88.0,0,3,2.0625,29.04
Wheat,Clay Soil,Vegetative Growth / Root or Tuber Development,34,15,89.0,0,3,2.2667,30.26
Wheat,Clay Soil,Vegetative Growth / Root or Tuber Development,35,14,90.0,0,3,2.5,31.5
Wheat,Clay Soil,Vegetative Growth / Root or Tuber Development,36,13,91.0,0,3,2.7692,32.76
Wheat,Clay Soil,Vegetative Growth / Root or Tuber Development,37,24,80.0,0,3,1.5417,29.6
Wheat,Clay Soil,Vegetative Growth / Root or Tuber Development,38,23,81.0,0,3,1.6522,30.78
Wheat,Clay Soil,Vegetative Growth / Root or Tuber Development,39,22,82.0,0,3,1.7727,31.98
Wheat,Clay Soil,Vegetative Growth / Root or Tuber Development,40,21,83.0,0,3,1.9048,33.2
Wheat,Clay Soil,Vegetative Growth / Root or Tuber Development,41,20,84.0,0,3,2.05,34.44
Wheat,Clay Soil,Vegetative Growth / Root or Tuber Development,42,19,85.0,0,3,2.2105,35.7
Wheat,Clay Soil,Vegetative Growth / Root or Tuber Development,43,18,86.0,0,3,2.3889,36.98
Wheat,Clay Soil,Vegetative Growth / Root or Tuber Development,44,17,87.0,0,3,2.5882,38.28
Wheat,Clay Soil,Vegetative Growth / Root or Tuber Development,45,16,88.0,0,3,2.8125,39.6
Wheat,Clay Soil,Vegetative Growth / Root or Tuber Development,46,15,89.0,0,3,3.0667,40.94
Wheat,Clay Soil,Vegetative Growth / Root or Tuber Development,47,14,90.0,0,3,3.3571,42.3
Wheat,Clay Soil,Vegetative Growth / Root or Tuber Development,48,13,91.0,0,3,3.6923,43.68
Wheat,Clay Soil,Vegetative Growth / Root or Tuber Development,49,24,80.0,0,3,2.0417,39.2
Wheat,Clay Soil,Flowering,1,24,80.0,0,4,0.0417,0.8
Wheat,Clay Soil,Flowering,2,23,81.0,0,4,0.087,1.62
Wheat,Clay Soil,Flowering,3,22,82.0,0,4,0.1364,2.46
Wheat,Clay Soil,Flowering,4,21,83.0,0,4,0.1905,3.32
Wheat,Clay Soil,Flowering,5,20,84.0,0,4,0.25,4.2
Wheat,Clay Soil,Flowering,6,19,85.0,0,4,0.3158,5.1
Wheat,Clay Soil,Flowering,7,18,86.0,0,4,0.3889,6.02
Wheat,Clay Soil,Flowering,8,17,87.0,0,4,0.4706,6.96
Wheat,Clay Soil,Flowering,9,16,88.0,0,4,0.5625,7.92
Wheat,Clay Soil,Flowering,10,15,89.0,0,4,0.6667,8.9
Wheat,Clay Soil,Flowering,11,14,90.0,0,4,0.7857,9.9
Wheat,Clay Soil,Flowering,12,13,91.0,0,4,0.9231,10.92
Wheat,Clay Soil,Flowering,13,24,80.0,0,4,0.5417,10.4
Wheat,Clay Soil,Flowering,14,23,81.0,0,4,0.6087,11.34
Wheat,Clay Soil,Flowering,15,22,82.0,0,4,0.6818,12.3
Wheat,Clay Soil,Flowering,16,21,83.0,0,4,0.7619,13.28
Wheat,Clay Soil,Flowering,17,20,84.0,0,4,0.85,14.28
Wheat,Clay Soil,Flowering,18,19,85.0,0,4,0.9474,15.3
Wheat,Clay Soil,Flowering,19,18,86.0,0,4,1.0556,16.34
Wheat,Clay Soil,Flowering,20,17,87.0,0,4,1.1765,17.4
Wheat,Clay Soil,Flowering,21,16,88.0,0,4,1.3125,18.48
Wheat,Clay Soil,Flowering,22,15,89.0,0,4,1.4667,19.58
Wheat,Clay Soil,Flowering,23,14,90.0,0,4,1.6429,20.7
Wheat,Clay Soil,Flowering,24,13,91.0,0,4,1.8462,21.84
Wheat,Clay Soil,Flowering,25,24,80.0,0,4,1.0417,20.0
Wheat,Clay Soil,Flowering,26,23,81.0,0,4,1.1304,21.06
Wheat,Clay Soil,Flowering,27,22,82.0,0,4,1.2273,22.14
Wheat,Clay Soil,Flowering,28,21,83.0,0,4,1.3333,23.24
Wheat,Clay Soil,Flowering,29,20,84.0,0,4,1.45,24.36
Wheat,Clay Soil,Flowering,30,19,85.0,0,4,1.5789,25.5
Wheat,Clay Soil,Flowering,31,18,86.0,0,4,1.7222,26.66
Wheat,Clay Soil,Flowering,32,17,87.0,0,4,1.8824,27.84
Wheat,Clay Soil,Flowering,33,16,88.0,0,4,2.0625,29.04
Wheat,Clay Soil,Flowering,34,15,89.0,0,4,2.2667,30.26
Wheat,Clay Soil,Flowering,35,14,90.0,0,4,2.5,31.5
Wheat,Clay Soil,Flowering,36,13,91.0,0,4,2.7692,32.76
Wheat,Clay Soil,Flowering,37,24,80.0,0,4,1.5417,29.6
Wheat,Clay Soil,Flowering,38,23,81.0,0,4,1.6522,30.78
Wheat,Clay Soil,Flowering,39,22,82.0,0,4,1.7727,31.98
Wheat,Clay Soil,Flowering,40,21,83.0,0,4,1.9048,33.2
Wheat,Clay Soil,Flowering,41,20,84.0,0,4,2.05,34.44
Wheat,Clay Soil,Flowering,42,19,85.0,0,4,2.2105,35.7
Wheat,Clay Soil,Flowering,43,18,86.0,0,4,2.3889,36.98
Wheat,Clay Soil,Flowering,44,17,87.0,0,4,2.5882,38.28
Wheat,Clay Soil,Flowering,45,16,88.0,0,4,2.8125,39.6
Wheat,Clay Soil,Flowering,46,15,89.0,0,4,3.0667,40.94
Wheat,Clay Soil,Flowering,47,14,90.0,0,4,3.3571,42.3
Wheat,Clay Soil,Flowering,48,13,91.0,0,4,3.6923,43.68
Wheat,Clay Soil,Flowering,49,24,80.0,0,4,2.0417,39.2
Wheat,Clay Soil,Flowering,50,23,81.0,0,4,2.1739,40.5
Wheat,Clay Soil,Flowering,51,22,82.0,0,4,2.3182,41.82
Wheat,Clay Soil,Flowering,52,21,83.0,0,4,2.4762,43.16
Wheat,Clay Soil,Flowering,53,20,84.0,0,4,2.65,44.52
Wheat,Clay Soil,Flowering,54,19,85.0,0,4,2.8421,45.9
Wheat,Clay Soil,Flowering,55,18,86.0,0,4,3.0556,47.3
Wheat,Clay Soil,Flowering,56,17,87.0,0,4,3.2941,48.72
Wheat,Clay Soil,Flowering,57,16,88.0,0,4,3.5625,50.16
Wheat,Clay Soil,Flowering,58,15,89.0,0,4,3.8667,51.62
Wheat,Clay Soil,Flowering,59,14,90.0,0,4,4.2143,53.1
Wheat,Clay Soil,Pollination,1,18,86.0,0,5,0.0556,0.86
Wheat,Clay Soil,Pollination,2,17,87.0,0,5,0.1176,1.74
Wheat,Clay Soil,Pollination,3,16,88.0,0,5,0.1875,2.64
Wheat,Clay Soil,Pollination,4,15,89.0,0,5,0.2667,3.56
Wheat,Clay Soil,Pollination,5,14,90.0,0,5,0.3571,4.5
Wheat,Clay Soil,Pollination,6,13,91.0,0,5,0.4615,5.46
Wheat,Clay Soil,Pollination,7,24,80.0,0,5,0.2917,5.6
Wheat,Clay Soil,Pollination,8,23,81.0,0,5,0.3478,6.48
Wheat,Clay Soil,Pollination,9,22,82.0,0,5,0.4091,7.38
Wheat,Clay Soil,Pollination,10,21,83.0,0,5,0.4762,8.3
Wheat,Clay Soil,Pollination,11,20,84.0,0,5,0.55,9.24
Wheat,Clay Soil,Pollination,12,19,85.0,0,5,0.6316,10.2
Wheat,Clay Soil,Pollination,13,18,86.0,0,5,0.7222,11.18
Wheat,Clay Soil,Pollination,14,17,87.0,0,5,0.8235,12.18
Wheat,Clay Soil,Pollination,15,16,88.0,0,5,0.9375,13.2
Wheat,Clay Soil,Pollination,16,15,89.0,0,5,1.0667,14.24
Wheat,Clay Soil,Pollination,17,14,90.0,0,5,1.2143,15.3
Wheat,Clay Soil,Pollination,18,13,91.0,0,5,1.3846,16.38
Wheat,Clay Soil,Pollination,19,24,80.0,0,5,0.7917,15.2
Wheat,Clay Soil,Pollination,20,23,81.0,0,5,0.8696,16.2
Wheat,Clay Soil,Pollination,21,22,82.0,0,5,0.9545,17.22
Wheat,Clay Soil,Pollination,22,21,83.0,0,5,1.0476,18.26
Wheat,Clay Soil,Pollination,23,20,84.0,0,5,1.15,19.32
Wheat,Clay Soil,Pollination,24,19,85.0,0,5,1.2632,20.4
Wheat,Clay Soil,Pollination,25,18,86.0,0,5,1.3889,21.5
Wheat,Clay Soil,Pollination,26,17,87.0,0,5,1.5294,22.62
Wheat,Clay Soil,Pollination,27,16,88.0,0,5,1.6875,23.76
Wheat,Clay Soil,Pollination,28,15,89.0,0,5,1.8667,24.92
Wheat,Clay Soil,Pollination,29,14,90.0,0,5,2.0714,26.1
Wheat,Clay Soil,Pollination,30,13,91.0,0,5,2.3077,27.3
Wheat,Clay Soil,Pollination,31,24,80.0,0,5,1.2917,24.8
Wheat,Clay Soil,Pollination,32,23,81.0,0,5,1.3913,25.92
Wheat,Clay Soil,Pollination,33,22,82.0,0,5,1.5,27.06
Wheat,Clay Soil,Pollination,34,21,83.0,0,5,1.619,28.22
Wheat,Clay Soil,Pollination,35,20,84.0,0,5,1.75,29.4
Wheat,Clay Soil,Pollination,36,19,85.0,0,5,1.8947,30.6
Wheat,Clay Soil,Pollination,37,18,86.0,0,5,2.0556,31.82
Wheat,Clay Soil,Pollination,38,17,87.0,0,5,2.2353,33.06
Wheat,Clay Soil,Pollination,39,16,88.0,0,5,2.4375,34.32
Wheat,Clay Soil,Pollination,40,15,89.0,0,5,2.6667,35.6
Wheat,Clay Soil,Pollination,41,14,90.0,0,5,2.9286,36.9
Wheat,Clay Soil,Pollination,42,24,80.0,0,5,1.75,33.6
Wheat,Clay Soil,Pollination,43,23,81.0,0,5,1.8696,34.83
Wheat,Clay Soil,Pollination,44,22,82.0,0,5,2.0,36.08
Wheat,Clay Soil,Pollination,45,21,83.0,0,5,2.1429,37.35
Wheat,Clay Soil,Pollination,46,20,84.0,0,5,2.3,38.64
Wheat,Clay Soil,Pollination,47,19,85.0,0,5,2.4737,39.95
Wheat,Clay Soil,Pollination,48,18,86.0,0,5,2.6667,41.28
Wheat,Clay Soil,Pollination,49,17,87.0,0,5,2.8824,42.63
Wheat,Clay Soil,Pollination,50,16,88.0,0,5,3.125,44.0
Wheat,Clay Soil,Pollination,51,15,89.0,0,5,3.4,45.39
Wheat,Clay Soil,Pollination,52,14,90.0,0,5,3.7143,46.8
Wheat,Clay Soil,Pollination,53,13,91.0,0,5,4.0769,48.23
Wheat,Clay Soil,Pollination,54,24,80.0,0,5,2.25,43.2
Wheat,Clay Soil,Pollination,55,23,81.0,0,5,2.3913,44.55
Wheat,Clay Soil,Pollination,56,22,82.0,0,5,2.5455,45.92
Wheat,Clay Soil,Pollination,57,21,83.0,0,5,2.7143,47.31
Wheat,Clay Soil,Pollination,58,20,84.0,0,5,2.9,48.72
Wheat,Clay Soil,Pollination,59,19,85.0,0,5,3.1053,50.15
Wheat,Clay Soil,Pollination,60,18,86.0,0,5,3.3333,51.6
Wheat,Clay Soil,Pollination,61,17,87.0,0,5,3.5882,53.07
Wheat,Clay Soil,Pollination,62,16,88.0,0,5,3.875,54.56
Wheat,Clay Soil,Pollination,63,15,89.0,0,5,4.2,56.07
Wheat,Clay Soil,Pollination,64,14,90.0,0,5,4.5714,57.6
Wheat,Clay Soil,Pollination,65,13,91.0,0,5,5.0,59.15
Wheat,Clay Soil,Pollination,66,24,80.0,0,5,2.75,52.8
Wheat,Clay Soil,Pollination,67,23,81.0,0,5,2.913,54.27
Wheat,Clay Soil,Pollination,68,22,82.0,0,5,3.0909,55.76
Wheat,Clay Soil,Pollination,69,21,83.0,0,5,3.2857,57.27
Wheat,Clay Soil,Fruit/Grain/Bulb Formation,1,18,86.0,0,6,0.0556,0.86
Wheat,Clay Soil,Fruit/Grain/Bulb Formation,2,17,87.0,0,6,0.1176,1.74
Wheat,Clay Soil,Fruit/Grain/Bulb Formation,3,16,88.0,0,6,0.1875,2.64
Wheat,Clay Soil,Fruit/Grain/Bulb Formation,4,15,89.0,0,6,0.2667,3.56
Wheat,Clay Soil,Fruit/Grain/Bulb Formation,5,14,90.0,0,6,0.3571,4.5
Wheat,Clay Soil,Fruit/Grain/Bulb Formation,6,13,91.0,0,6,0.4615,5.46
Wheat,Clay Soil,Fruit/Grain/Bulb Formation,7,24,80.0,0,6,0.2917,5.6
Wheat,Clay Soil,Fruit/Grain/Bulb Formation,8,23,81.0,0,6,0.3478,6.48
Wheat,Clay Soil,Fruit/Grain/Bulb Formation,9,22,82.0,0,6,0.4091,7.38
Wheat,Clay Soil,Fruit/Grain/Bulb Formation,10,21,83.0,0,6,0.4762,8.3
Wheat,Clay Soil,Fruit/Grain/Bulb Formation,11,20,84.0,0,6,0.55,9.24
Wheat,Clay Soil,Fruit/Grain/Bulb Formation,12,19,85.0,0,6,0.6316,10.2
Wheat,Clay Soil,Fruit/Grain/Bulb Formation,13,18,86.0,0,6,0.7222,11.18
Wheat,Clay Soil,Fruit/Grain/Bulb Formation,14,17,87.0,0,6,0.8235,12.18
Wheat,Clay Soil,Fruit/Grain/Bulb Formation,15,16,88.0,0,6,0.9375,13.2
Wheat,Clay Soil,Fruit/Grain/Bulb Formation,16,15,89.0,0,6,1.0667,14.24
Wheat,Clay Soil,Fruit/Grain/Bulb Formation,17,14,90.0,0,6,1.2143,15.3
Wheat,Clay Soil,Fruit/Grain/Bulb Formation,18,13,91.0,0,6,1.3846,16.38
Wheat,Clay Soil,Fruit/Grain/Bulb Formation,19,24,80.0,0,6,0.7917,15.2
Wheat,Clay Soil,Fruit/Grain/Bulb Formation,20,23,81.0,0,6,0.8696,16.2
Wheat,Clay Soil,Fruit/Grain/Bulb Formation,21,22,82.0,0,6,0.9545,17.22
Wheat,Clay Soil,Fruit/Grain/Bulb Formation,22,21,83.0,0,6,1.0476,18.26
Wheat,Clay Soil,Fruit/Grain/Bulb Formation,23,20,84.0,0,6,1.15,19.32
Wheat,Clay Soil,Fruit/Grain/Bulb Formation,24,19,85.0,0,6,1.2632,20.4
Wheat,Clay Soil,Fruit/Grain/Bulb Formation,25,18,86.0,0,6,1.3889,21.5
Wheat,Clay Soil,Fruit/Grain/Bulb Formation,26,17,87.0,0,6,1.5294,22.62
Wheat,Clay Soil,Fruit/Grain/Bulb Formation,27,16,88.0,0,6,1.6875,23.76
Wheat,Clay Soil,Fruit/Grain/Bulb Formation,28,15,89.0,0,6,1.8667,24.92
Wheat,Clay Soil,Fruit/Grain/Bulb Formation,29,14,90.0,0,6,2.0714,26.1
Wheat,Clay Soil,Fruit/Grain/Bulb Formation,30,13,91.0,0,6,2.3077,27.3
Wheat,Clay Soil,Fruit/Grain/Bulb Formation,31,24,80.0,0,6,1.2917,24.8
Wheat,Clay Soil,Fruit/Grain/Bulb Formation,32,23,81.0,0,6,1.3913,25.92
Wheat,Clay Soil,Fruit/Grain/Bulb Formation,33,22,82.0,0,6,1.5,27.06
Wheat,Clay Soil,Fruit/Grain/Bulb Formation,34,21,83.0,0,6,1.619,28.22
Wheat,Clay Soil,Fruit/Grain/Bulb Formation,35,20,84.0,0,6,1.75,29.4
Wheat,Clay Soil,Fruit/Grain/Bulb Formation,36,19,85.0,0,6,1.8947,30.6
Wheat,Clay Soil,Fruit/Grain/Bulb Formation,37,18,86.0,0,6,2.0556,31.82
Wheat,Clay Soil,Fruit/Grain/Bulb Formation,38,17,87.0,0,6,2.2353,33.06
Wheat,Clay Soil,Fruit/Grain/Bulb Formation,39,16,88.0,0,6,2.4375,34.32
Wheat,Clay Soil,Fruit/Grain/Bulb Formation,40,15,89.0,0,6,2.6667,35.6
Wheat,Clay Soil,Fruit/Grain/Bulb Formation,41,14,90.0,0,6,2.9286,36.9
Wheat,Clay Soil,Fruit/Grain/Bulb Formation,42,24,80.0,0,6,1.75,33.6
Wheat,Clay Soil,Fruit/Grain/Bulb Formation,43,23,81.0,0,6,1.8696,34.83
Wheat,Clay Soil,Fruit/Grain/Bulb Formation,44,22,82.0,0,6,2.0,36.08
Wheat,Clay Soil,Fruit/Grain/Bulb Formation,45,21,83.0,0,6,2.1429,37.35
Wheat,Clay Soil,Fruit/Grain/Bulb Formation,46,20,84.0,0,6,2.3,38.64
Wheat,Clay Soil,Fruit/Grain/Bulb Formation,47,19,85.0,0,6,2.4737,39.95
Wheat,Clay Soil,Fruit/Grain/Bulb Formation,48,18,86.0,0,6,2.6667,41.28
Wheat,Clay Soil,Fruit/Grain/Bulb Formation,49,17,87.0,0,6,2.8824,42.63
Wheat,Clay Soil,Fruit/Grain/Bulb Formation,50,16,88.0,0,6,3.125,44.0
Wheat,Clay Soil,Fruit/Grain/Bulb Formation,51,15,89.0,0,6,3.4,45.39
Wheat,Clay Soil,Fruit/Grain/Bulb Formation,52,14,90.0,0,6,3.7143,46.8
Wheat,Clay Soil,Fruit/Grain/Bulb Formation,53,13,91.0,0,6,4.0769,48.23
Wheat,Clay Soil,Fruit/Grain/Bulb Formation,54,24,80.0,0,6,2.25,43.2
Wheat,Clay Soil,Fruit/Grain/Bulb Formation,55,23,81.0,0,6,2.3913,44.55
Wheat,Clay Soil,Fruit/Grain/Bulb Formation,56,22,82.0,0,6,2.5455,45.92
Wheat,Clay Soil,Fruit/Grain/Bulb Formation,57,21,83.0,0,6,2.7143,47.31
Wheat,Clay Soil,Fruit/Grain/Bulb Formation,58,20,84.0,0,6,2.9,48.72
Wheat,Clay Soil,Fruit/Grain/Bulb Formation,59,19,85.0,0,6,3.1053,50.15
Wheat,Clay Soil,Fruit/Grain/Bulb Formation,60,18,86.0,0,6,3.3333,51.6
Wheat,Clay Soil,Fruit/Grain/Bulb Formation,61,17,87.0,0,6,3.5882,53.07
Wheat,Clay Soil,Fruit/Grain/Bulb Formation,62,16,88.0,0,6,3.875,54.56
Wheat,Clay Soil,Fruit/Grain/Bulb Formation,63,15,89.0,0,6,4.2,56.07
Wheat,Clay Soil,Fruit/Grain/Bulb Formation,64,14,90.0,0,6,4.5714,57.6
Wheat,Clay Soil,Fruit/Grain/Bulb Formation,65,13,91.0,0,6,5.0,59.15
Wheat,Clay Soil,Fruit/Grain/Bulb Formation,66,24,80.0,0,6,2.75,52.8
Wheat,Clay Soil,Fruit/Grain/Bulb Formation,67,23,81.0,0,6,2.913,54.27
Wheat,Clay Soil,Fruit/Grain/Bulb Formation,68,22,82.0,0,6,3.0909,55.76
Wheat,Clay Soil,Fruit/Grain/Bulb Formation,69,21,83.0,0,6,3.2857,57.27
Wheat,Clay Soil,Maturation,1,18,86.0,0,7,0.0556,0.86
Wheat,Clay Soil,Maturation,2,17,87.0,0,7,0.1176,1.74
Wheat,Clay Soil,Maturation,3,16,88.0,0,7,0.1875,2.64
Wheat,Clay Soil,Maturation,4,15,89.0,0,7,0.2667,3.56
Wheat,Clay Soil,Maturation,5,14,90.0,0,7,0.3571,4.5
Wheat,Clay Soil,Maturation,6,13,91.0,0,7,0.4615,5.46
Wheat,Clay Soil,Maturation,7,24,80.0,0,7,0.2917,5.6
Wheat,Clay Soil,Maturation,8,23,81.0,0,7,0.3478,6.48
Wheat,Clay Soil,Maturation,9,22,82.0,0,7,0.4091,7.38
Wheat,Clay Soil,Maturation,10,21,83.0,0,7,0.4762,8.3
Wheat,Clay Soil,Maturation,11,20,84.0,0,7,0.55,9.24
Wheat,Clay Soil,Maturation,12,19,85.0,0,7,0.6316,10.2
Wheat,Clay Soil,Maturation,13,18,86.0,0,7,0.7222,11.18
Wheat,Clay Soil,Maturation,14,17,87.0,0,7,0.8235,12.18
Wheat,Clay Soil,Maturation,15,16,88.0,0,7,0.9375,13.2
Wheat,Clay Soil,Maturation,16,15,89.0,0,7,1.0667,14.24
Wheat,Clay Soil,Maturation,17,14,90.0,0,7,1.2143,15.3
Wheat,Clay Soil,Maturation,18,13,91.0,0,7,1.3846,16.38
Wheat,Clay Soil,Maturation,19,24,80.0,0,7,0.7917,15.2
Wheat,Clay Soil,Maturation,20,23,81.0,0,7,0.8696,16.2
Wheat,Clay Soil,Maturation,21,22,82.0,0,7,0.9545,17.22
Wheat,Clay Soil,Maturation,22,21,83.0,0,7,1.0476,18.26
Wheat,Clay Soil,Maturation,23,20,84.0,0,7,1.15,19.32
Wheat,Clay Soil,Maturation,24,19,85.0,0,7,1.2632,20.4
Wheat,Clay Soil,Maturation,25,18,86.0,0,7,1.3889,21.5
Wheat,Clay Soil,Maturation,26,17,87.0,0,7,1.5294,22.62
Wheat,Clay Soil,Maturation,27,16,88.0,0,7,1.6875,23.76
Wheat,Clay Soil,Maturation,28,15,89.0,0,7,1.8667,24.92
Wheat,Clay Soil,Maturation,29,14,90.0,0,7,2.0714,26.1
Wheat,Clay Soil,Maturation,30,13,91.0,0,7,2.3077,27.3
Wheat,Clay Soil,Maturation,31,24,80.0,0,7,1.2917,24.8
Wheat,Clay Soil,Maturation,32,23,81.0,0,7,1.3913,25.92
Wheat,Clay Soil,Maturation,33,22,82.0,0,7,1.5,27.06
Wheat,Clay Soil,Maturation,34,21,83.0,0,7,1.619,28.22
Wheat,Clay Soil,Maturation,35,20,84.0,0,7,1.75,29.4
Wheat,Clay Soil,Maturation,36,19,85.0,0,7,1.8947,30.6
Wheat,Clay Soil,Maturation,37,18,86.0,0,7,2.0556,31.82
Wheat,Clay Soil,Maturation,38,17,87.0,0,7,2.2353,33.06
Wheat,Clay Soil,Maturation,39,16,88.0,0,7,2.4375,34.32
Wheat,Clay Soil,Maturation,40,15,89.0,0,7,2.6667,35.6
Wheat,Clay Soil,Maturation,41,14,90.0,0,7,2.9286,36.9
Wheat,Clay Soil,Maturation,42,24,80.0,0,7,1.75,33.6
Wheat,Clay Soil,Maturation,43,23,81.0,0,7,1.8696,34.83
Wheat,Clay Soil,Maturation,44,22,82.0,0,7,2.0,36.08
Wheat,Clay Soil,Maturation,45,21,83.0,0,7,2.1429,37.35
Wheat,Clay Soil,Maturation,46,20,84.0,0,7,2.3,38.64
Wheat,Clay Soil,Maturation,47,19,85.0,0,7,2.4737,39.95
Wheat,Clay Soil,Maturation,48,18,86.0,0,7,2.6667,41.28
Wheat,Clay Soil,Maturation,49,17,87.0,0,7,2.8824,42.63
Wheat,Clay Soil,Maturation,50,16,88.0,0,7,3.125,44.0
Wheat,Clay Soil,Maturation,51,15,89.0,0,7,3.4,45.39
Wheat,Clay Soil,Maturation,52,14,90.0,0,7,3.7143,46.8
Wheat,Clay Soil,Maturation,53,13,91.0,0,7,4.0769,48.23
Wheat,Clay Soil,Maturation,54,24,80.0,0,7,2.25,43.2
Wheat,Clay Soil,Maturation,55,23,81.0,0,7,2.3913,44.55
Wheat,Clay Soil,Maturation,56,22,82.0,0,7,2.5455,45.92
Wheat,Clay Soil,Maturation,57,21,83.0,0,7,2.7143,47.31
Wheat,Clay Soil,Maturation,58,20,84.0,0,7,2.9,48.72
Wheat,Clay Soil,Maturation,59,19,85.0,0,7,3.1053,50.15
Wheat,Clay Soil,Maturation,60,18,86.0,0,7,3.3333,51.6
Wheat,Clay Soil,Maturation,61,17,87.0,0,7,3.5882,53.07
Wheat,Clay Soil,Maturation,62,16,88.0,0,7,3.875,54.56
Wheat,Clay Soil,Maturation,63,15,89.0,0,7,4.2,56.07
Wheat,Clay Soil,Maturation,64,14,90.0,0,7,4.5714,57.6
Wheat,Clay Soil,Maturation,65,13,91.0,0,7,5.0,59.15
Wheat,Clay Soil,Maturation,66,24,80.0,0,7,2.75,52.8
Wheat,Clay Soil,Maturation,67,23,81.0,0,7,2.913,54.27
Wheat,Clay Soil,Maturation,68,22,82.0,0,7,3.0909,55.76
Wheat,Clay Soil,Maturation,69,21,83.0,0,7,3.2857,57.27
Wheat,Clay Soil,Harvest,1,18,86.0,0,8,0.0556,0.86
Wheat,Clay Soil,Harvest,2,17,87.0,0,8,0.1176,1.74
Wheat,Clay Soil,Harvest,3,16,88.0,0,8,0.1875,2.64
Wheat,Clay Soil,Harvest,4,15,89.0,0,8,0.2667,3.56
Wheat,Clay Soil,Harvest,5,14,90.0,0,8,0.3571,4.5
Wheat,Clay Soil,Harvest,6,13,91.0,0,8,0.4615,5.46
Wheat,Clay Soil,Harvest,7,24,80.0,0,8,0.2917,5.6
Wheat,Clay Soil,Harvest,8,23,81.0,0,8,0.3478,6.48
Wheat,Clay Soil,Harvest,9,22,82.0,0,8,0.4091,7.38
Wheat,Clay Soil,Harvest,10,21,83.0,0,8,0.4762,8.3
Wheat,Clay Soil,Harvest,11,20,84.0,0,8,0.55,9.24
Wheat,Clay Soil,Harvest,12,19,85.0,0,8,0.6316,10.2
Wheat,Clay Soil,Harvest,13,18,86.0,0,8,0.7222,11.18
Wheat,Clay Soil,Harvest,14,17,87.0,0,8,0.8235,12.18
Wheat,Clay Soil,Harvest,15,16,88.0,0,8,0.9375,13.2
Wheat,Clay Soil,Harvest,16,15,89.0,0,8,1.0667,14.24
Wheat,Clay Soil,Harvest,17,14,90.0,0,8,1.2143,15.3
Wheat,Clay Soil,Harvest,18,13,91.0,0,8,1.3846,16.38
Wheat,Clay Soil,Harvest,19,24,80.0,0,8,0.7917,15.2
Wheat,Clay Soil,Harvest,20,23,81.0,0,8,0.8696,16.2
Wheat,Clay Soil,Harvest,21,22,82.0,0,8,0.9545,17.22
Wheat,Clay Soil,Harvest,22,21,83.0,0,8,1.0476,18.26
Wheat,Clay Soil,Harvest,23,20,84.0,0,8,1.15,19.32
Wheat,Clay Soil,Harvest,24,19,85.0,0,8,1.2632,20.4
Wheat,Clay Soil,Harvest,25,18,86.0,0,8,1.3889,21.5
Wheat,Clay Soil,Harvest,26,17,87.0,0,8,1.5294,22.62
Wheat,Clay Soil,Harvest,27,16,88.0,0,8,1.6875,23.76
Wheat,Clay Soil,Harvest,28,15,89.0,0,8,1.8667,24.92
Wheat,Clay Soil,Harvest,29,14,90.0,0,8,2.0714,26.1
Wheat,Clay Soil,Harvest,30,13,91.0,0,8,2.3077,27.3
Wheat,Clay Soil,Harvest,31,24,80.0,0,8,1.2917,24.8
Wheat,Clay Soil,Harvest,32,23,81.0,0,8,1.3913,25.92
Wheat,Clay Soil,Harvest,33,22,82.0,0,8,1.5,27.06
Wheat,Clay Soil,Harvest,34,21,83.0,0,8,1.619,28.22
Wheat,Clay Soil,Harvest,35,20,84.0,0,8,1.75,29.4
Wheat,Clay Soil,Harvest,36,19,85.0,0,8,1.8947,30.6
Wheat,Clay Soil,Harvest,37,18,86.0,0,8,2.0556,31.82
Wheat,Clay Soil,Harvest,38,17,87.0,0,8,2.2353,33.06
Wheat,Clay Soil,Harvest,39,16,88.0,0,8,2.4375,34.32
Wheat,Clay Soil,Harvest,40,15,89.0,0,8,2.6667,35.6
Wheat,Clay Soil,Harvest,41,14,90.0,0,8,2.9286,36.9
Wheat,Clay Soil,Harvest,42,24,80.0,0,8,1.75,33.6
Wheat,Clay Soil,Harvest,43,23,81.0,0,8,1.8696,34.83
Wheat,Clay Soil,Harvest,44,22,82.0,0,8,2.0,36.08
Wheat,Clay Soil,Harvest,45,21,83.0,0,8,2.1429,37.35
Wheat,Clay Soil,Harvest,46,20,84.0,0,8,2.3,38.64
Wheat,Clay Soil,Harvest,47,19,85.0,0,8,2.4737,39.95
Wheat,Clay Soil,Harvest,48,18,86.0,0,8,2.6667,41.28
Wheat,Clay Soil,Harvest,49,17,87.0,0,8,2.8824,42.63
Wheat,Clay Soil,Harvest,50,16,88.0,0,8,3.125,44.0
Wheat,Clay Soil,Harvest,51,15,89.0,0,8,3.4,45.39
Wheat,Clay Soil,Harvest,52,14,90.0,0,8,3.7143,46.8
Wheat,Clay Soil,Harvest,53,13,91.0,0,8,4.0769,48.23
Wheat,Clay Soil,Harvest,54,24,80.0,0,8,2.25,43.2
Wheat,Clay Soil,Harvest,55,23,81.0,0,8,2.3913,44.55
Wheat,Clay Soil,Harvest,56,22,82.0,0,8,2.5455,45.92
Wheat,Clay Soil,Harvest,57,21,83.0,0,8,2.7143,47.31
Wheat,Clay Soil,Harvest,58,20,84.0,0,8,2.9,48.72
Wheat,Clay Soil,Harvest,59,19,85.0,0,8,3.1053,50.15
Potato,Sandy Soil,Germination,1,25,80.0,1,1,0.04,0.8
Potato,Sandy Soil,Germination,2,26,77.0,1,1,0.0769,1.54
Potato,Sandy Soil,Germination,3,27,74.0,1,1,0.1111,2.22
Potato,Sandy Soil,Germination,4,28,71.0,1,1,0.1429,2.84
Potato,Sandy Soil,Germination,5,29,68.0,1,1,0.1724,3.4
Potato,Sandy Soil,Germination,6,30,65.0,1,1,0.2,3.9
Potato,Sandy Soil,Germination,7,31,62.0,1,1,0.2258,4.34
Potato,Sandy Soil,Germination,8,32,59.0,1,1,0.25,4.72
Potato,Sandy Soil,Germination,9,33,56.0,1,1,0.2727,5.04
Potato,Sandy Soil,Germination,10,34,53.0,1,1,0.2941,5.3
Potato,Sandy Soil,Germination,11,35,50.0,1,1,0.3143,5.5
Potato,Sandy Soil,Germination,12,36,47.0,1,1,0.3333,5.64
Potato,Sandy Soil,Germination,13,37,44.0,1,1,0.3514,5.72
Potato,Sandy Soil,Germination,14,38,41.0,1,1,0.3684,5.74
Potato,Sandy Soil,Germination,15,39,38.0,1,1,0.3846,5.7
Potato,Sandy Soil,Germination,16,40,35.0,1,1,0.4,5.6
Potato,Sandy Soil,Germination,17,41,32.0,1,1,0.4146,5.44
Potato,Sandy Soil,Germination,18,42,29.0,1,1,0.4286,5.22
Potato,Sandy Soil,Germination,19,43,26.0,1,1,0.4419,4.94
Potato,Sandy Soil,Germination,20,44,23.0,1,1,0.4545,4.6
Potato,Sandy Soil,Germination,21,45,20.0,1,1,0.4667,4.2
Potato,Sandy Soil,Germination,22,46,17.0,1,1,0.4783,3.74
Potato,Sandy Soil,Germination,23,25,80.0,1,1,0.92,18.4
Potato,Sandy Soil,Germination,24,26,77.5,1,1,0.9231,18.6
Potato,Sandy Soil,Germination,25,27,75.0,1,1,0.9259,18.75
Potato,Sandy Soil,Germination,26,28,72.5,1,1,0.9286,18.85
Potato,Sandy Soil,Germination,27,29,70.0,1,1,0.931,18.9
Potato,Sandy Soil,Germination,28,30,67.5,1,1,0.9333,18.9
Potato,Sandy Soil,Germination,29,31,65.0,1,1,0.9355,18.85
Potato,Sandy Soil,Germination,30,32,62.5,1,1,0.9375,18.75
Potato,Sandy Soil,Germination,31,33,60.0,1,1,0.9394,18.6
Potato,Sandy Soil,Germination,32,34,57.5,1,1,0.9412,18.4
Potato,Sandy Soil,Germination,33,35,55.0,1,1,0.9429,18.15
Potato,Sandy Soil,Germination,34,36,52.5,1,1,0.9444,17.85
Potato,Sandy Soil,Germination,35,37,50.0,1,1,0.9459,17.5
Potato,Sandy Soil,Germination,36,38,47.5,1,1,0.9474,17.1
Potato,Sandy Soil,Germination,37,39,45.0,1,1,0.9487,16.65
Potato,Sandy Soil,Germination,38,40,42.5,1,1,0.95,16.15
Potato,Sandy Soil,Germination,39,41,40.0,1,1,0.9512,15.6
Potato,Sandy Soil,Germination,40,42,37.5,1,1,0.9524,15.0
Potato,Sandy Soil,Germination,41,43,35.0,1,1,0.9535,14.35
Potato,Sandy Soil,Germination,42,44,32.5,1,1,0.9545,13.65
Potato,Sandy Soil,Germination,43,45,30.0,1,1,0.9556,12.9
Potato,Sandy Soil,Germination,44,46,27.5,1,1,0.9565,12.1
Potato,Sandy Soil,Germination,45,25,80.0,1,1,1.8,36.0
Potato,Sandy Soil,Germination,46,26,77.3,1,1,1.7692,35.558
Potato,Sandy Soil,Germination,47,27,74.6,1,1,1.7407,35.062
Potato,Sandy Soil,Germination,48,28,71.9,1,1,1.7143,34.512
Potato,Sandy Soil,Germination,49,29,69.2,1,1,1.6897,33.908
Potato,Sandy Soil,Germination,50,30,66.5,1,1,1.6667,33.25
Potato,Sandy Soil,Germination,51,31,63.8,1,1,1.6452,32.538
Potato,Sandy Soil,Germination,52,32,61.1,1,1,1.625,31.772
Potato,Sandy Soil,Germination,53,33,58.4,1,1,1.6061,30.952
Potato,Sandy Soil,Germination,54,34,55.7,1,1,1.5882,30.078
Potato,Sandy Soil,Germination,55,35,53.0,1,1,1.5714,29.15
Potato,Sandy Soil,Germination,56,36,50.3,1,1,1.5556,28.168
Potato,Sandy Soil,Germination,57,37,47.6,1,1,1.5405,27.132
Potato,Sandy Soil,Germination,58,38,44.9,1,1,1.5263,26.042
Potato,Sandy Soil,Germination,59,39,42.2,1,1,1.5128,24.898
Potato,Sandy Soil,Germination,60,40,39.5,1,1,1.5,23.7
Potato,Sandy Soil,Germination,61,41,36.8,1,1,1.4878,22.448
Potato,Sandy Soil,Germination,62,42,34.1,1,1,1.4762,21.142
Potato,Sandy Soil,Germination,63,43,31.4,1,1,1.4651,19.782
Potato,Sandy Soil,Germination,64,44,28.7,1,1,1.4545,18.368
Potato,Sandy Soil,Germination,65,45,26.0,1,1,1.4444,16.9
Potato,Sandy Soil,Germination,66,46,23.3,1,1,1.4348,15.378
Potato,Sandy Soil,Germination,67,25,80.0,1,1,2.68,53.6
Potato,Sandy Soil,Germination,68,26,78.0,1,1,2.6154,53.04
Potato,Sandy Soil,Germination,69,27,76.0,1,1,2.5556,52.44
Potato,Sandy Soil,Germination,70,28,74.0,1,1,2.5,51.8
Potato,Sandy Soil,Germination,71,29,72.0,1,1,2.4483,51.12
Potato,Sandy Soil,Germination,72,30,70.0,1,1,2.4,50.4
Potato,Sandy Soil,Germination,73,31,68.0,1,1,2.3548,49.64
Potato,Sandy Soil,Germination,74,32,66.0,1,1,2.3125,48.84
Potato,Sandy Soil,Germination,75,33,64.0,1,1,2.2727,48.0
Potato,Sandy Soil,Germination,76,34,62.0,1,1,2.2353,47.12
Potato,Sandy Soil,Germination,77,35,60.0,1,1,2.2,46.2
Potato,Sandy Soil,Germination,78,36,58.0,1,1,2.1667,45.24
Potato,Sandy Soil,Germination,79,37,56.0,1,1,2.1351,44.24
Potato,Sandy Soil,Germination,91,27,76.0,0,1,3.3704,69.16
Potato,Sandy Soil,Germination,92,28,74.0,0,1,3.2857,68.08
Potato,Sandy Soil,Germination,93,29,72.0,0,1,3.2069,66.96
Potato,Sandy Soil,Germination,94,30,70.0,0,1,3.1333,65.8
Potato,Sandy Soil,Germination,95,31,68.0,0,1,3.0645,64.6
Potato,Sandy Soil,Germination,96,32,66.0,0,1,3.0,63.36
Potato,Sandy Soil,Germination,97,33,64.0,0,1,2.9394,62.08
Potato,Sandy Soil,Germination,98,34,62.0,0,1,2.8824,60.76
Potato,Sandy Soil,Germination,99,35,60.0,0,1,2.8286,59.4
Potato,Sandy Soil,Germination,100,36,58.0,0,1,2.7778,58.0
Potato,Sandy Soil,Seedling Stage,1,37,56.0,1,2,0.027,0.56
Potato,Sandy Soil,Seedling Stage,2,38,54.0,1,2,0.0526,1.08
Potato,Sandy Soil,Seedling Stage,3,39,52.0,1,2,0.0769,1.56
Potato,Sandy Soil,Seedling Stage,4,40,50.0,1,2,0.1,2.0
Potato,Sandy Soil,Seedling Stage,5,41,48.0,1,2,0.122,2.4
Potato,Sandy Soil,Seedling Stage,6,42,46.0,1,2,0.1429,2.76
Potato,Sandy Soil,Seedling Stage,7,43,44.0,1,2,0.1628,3.08
Potato,Sandy Soil,Seedling Stage,8,44,42.0,1,2,0.1818,3.36
Potato,Sandy Soil,Seedling Stage,9,45,40.0,1,2,0.2,3.6
Potato,Sandy Soil,Seedling Stage,10,46,38.0,1,2,0.2174,3.8
Potato,Sandy Soil,Seedling Stage,11,25,80.0,1,2,0.44,8.8
Potato,Sandy Soil,Seedling Stage,12,26,77.0,1,2,0.4615,9.24
Potato,Sandy Soil,Seedling Stage,13,27,74.0,1,2,0.4815,9.62
Potato,Sandy Soil,Seedling Stage,14,28,71.0,1,2,0.5,9.94
Potato,Sandy Soil,Seedling Stage,15,29,68.0,1,2,0.5172,10.2
Potato,Sandy Soil,Seedling Stage,16,30,65.0,1,2,0.5333,10.4
Potato,Sandy Soil,Seedling Stage,17,31,62.0,1,2,0.5484,10.54
Potato,Sandy Soil,Seedling Stage,18,32,59.0,1,2,0.5625,10.62
Potato,Sandy Soil,Seedling Stage,19,33,56.0,1,2,0.5758,10.64
Potato,Sandy Soil,Seedling Stage,20,34,53.0,1,2,0.5882,10.6
Potato,Sandy Soil,Seedling Stage,21,35,50.0,1,2,0.6,10.5
Potato,Sandy Soil,Seedling Stage,22,36,47.0,1,2,0.6111,10.34
Potato,Sandy Soil,Seedling Stage,23,37,44.0,1,2,0.6216,10.12
Potato,Sandy Soil,Seedling Stage,24,38,41.0,1,2,0.6316,9.84
Potato,Sandy Soil,Seedling Stage,25,39,38.0,1,2,0.641,9.5
Potato,Sandy Soil,Seedling Stage,26,40,35.0,1,2,0.65,9.1
Potato,Sandy Soil,Seedling Stage,27,41,32.0,1,2,0.6585,8.64
Potato,Sandy Soil,Seedling Stage,28,42,29.0,1,2,0.6667,8.12
Potato,Sandy Soil,Seedling Stage,29,43,26.0,1,2,0.6744,7.54
Potato,Sandy Soil,Seedling Stage,30,44,23.0,1,2,0.6818,6.9
Potato,Sandy Soil,Seedling Stage,31,45,20.0,1,2,0.6889,6.2
Potato,Sandy Soil,Seedling Stage,32,46,17.0,1,2,0.6957,5.44
Potato,Sandy Soil,Seedling Stage,33,25,80.0,1,2,1.32,26.4
Potato,Sandy Soil,Seedling Stage,34,26,77.0,1,2,1.3077,26.18
Potato,Sandy Soil,Seedling Stage,35,27,74.0,1,2,1.2963,25.9
Potato,Sandy Soil,Seedling Stage,36,28,71.0,1,2,1.2857,25.56
Potato,Sandy Soil,Seedling Stage,37,29,68.0,1,2,1.2759,25.16
Potato,Sandy Soil,Seedling Stage,38,30,65.0,1,2,1.2667,24.7
Potato,Sandy Soil,Seedling Stage,39,31,62.0,1,2,1.2581,24.18
Potato,Sandy Soil,Seedling Stage,40,32,59.0,1,2,1.25,23.6
Potato,Sandy Soil,Seedling Stage,41,33,56.0,1,2,1.2424,22.96
Potato,Sandy Soil,Seedling Stage,42,34,53.0,1,2,1.2353,22.26
Potato,Sandy Soil,Seedling Stage,43,35,50.0,1,2,1.2286,21.5
Potato,Sandy Soil,Seedling Stage,44,36,47.0,1,2,1.2222,20.68
Potato,Sandy Soil,Seedling Stage,45,37,44.0,1,2,1.2162,19.8
Potato,Sandy Soil,Seedling Stage,46,38,41.0,1,2,1.2105,18.86
Potato,Sandy Soil,Seedling Stage,47,39,38.0,1,2,1.2051,17.86
Potato,Sandy Soil,Seedling Stage,48,40,35.0,1,2,1.2,16.8
Potato,Sandy Soil,Seedling Stage,49,41,32.0,1,2,1.1951,15.68
Potato,Sandy Soil,Seedling Stage,50,42,29.0,1,2,1.1905,14.5
Potato,Sandy Soil,Seedling Stage,51,43,26.0,1,2,1.186,13.26
Potato,Sandy Soil,Seedling Stage,52,44,23.0,1,2,1.1818,11.96
Potato,Sandy Soil,Seedling Stage,53,45,20.0,1,2,1.1778,10.6
Potato,Sandy Soil,Seedling Stage,54,46,17.0,1,2,1.1739,9.18
Potato,Sandy Soil,Seedling Stage,55,25,80.0,1,2,2.2,44.0
Potato,Sandy Soil,Seedling Stage,56,26,77.0,1,2,2.1538,43.12
Potato,Sandy Soil,Seedling Stage,57,27,74.0,1,2,2.1111,42.18
Potato,Sandy Soil,Seedling Stage,58,28,71.0,1,2,2.0714,41.18
Potato,Sandy Soil,Seedling Stage,59,29,68.0,1,2,2.0345,40.12
Potato,Sandy Soil,Seedling Stage,60,30,65.0,1,2,2.0,39.0
Potato,Sandy Soil,Seedling Stage,61,31,62.0,1,2,1.9677,37.82
Potato,Sandy Soil,Seedling Stage,62,32,59.0,1,2,1.9375,36.58
Potato,Sandy Soil,Seedling Stage,63,33,56.0,1,2,1.9091,35.28
Potato,Sandy Soil,Seedling Stage,64,34,53.0,1,2,1.8824,33.92
Potato,Sandy Soil,Seedling Stage,65,35,50.0,1,2,1.8571,32.5
Potato,Sandy Soil,Seedling Stage,66,36,47.0,1,2,1.8333,31.02
Potato,Sandy Soil,Seedling Stage,67,37,44.0,1,2,1.8108,29.48
Potato,Sandy Soil,Seedling Stage,68,38,41.0,1,2,1.7895,27.88
Potato,Sandy Soil,Seedling Stage,69,39,38.0,1,2,1.7692,26.22
Potato,Sandy Soil,Seedling Stage,81,29,69.2,0,2,2.7931,56.052
Potato,Sandy Soil,Seedling Stage,82,30,66.5,0,2,2.7333,54.53
Potato,Sandy Soil,Seedling Stage,83,31,63.8,0,2,2.6774,52.954
Potato,Sandy Soil,Seedling Stage,84,32,61.1,0,2,2.625,51.324
Potato,Sandy Soil,Seedling Stage,85,33,58.4,0,2,2.5758,49.64
Potato,Sandy Soil,Seedling Stage,86,34,55.7,0,2,2.5294,47.902
Potato,Sandy Soil,Seedling Stage,87,35,53.0,0,2,2.4857,46.11
Potato,Sandy Soil,Seedling Stage,88,36,50.3,0,2,2.4444,44.264
Potato,Sandy Soil,Seedling Stage,89,37,47.6,0,2,2.4054,42.364
Potato,Sandy Soil,Seedling Stage,90,38,44.9,0,2,2.3684,40.41
Potato,Sandy Soil,Seedling Stage,91,39,42.2,0,2,2.3333,38.402
Potato,Sandy Soil,Seedling Stage,92,40,39.5,0,2,2.3,36.34
Potato,Sandy Soil,Seedling Stage,93,41,36.8,0,2,2.2683,34.224
Potato,Sandy Soil,Seedling Stage,94,42,34.1,0,2,2.2381,32.054
Potato,Sandy Soil,Seedling Stage,95,43,31.4,0,2,2.2093,29.83
Potato,Sandy Soil,Seedling Stage,96,44,28.7,0,2,2.1818,27.552
Potato,Sandy Soil,Seedling Stage,97,45,26.0,0,2,2.1556,25.22
Potato,Sandy Soil,Seedling Stage,98,46,23.3,0,2,2.1304,22.834
Potato,Sandy Soil,Seedling Stage,99,25,80.0,0,2,3.96,79.2
Potato,Sandy Soil,Seedling Stage,100,26,77.0,0,2,3.8462,77.0
Potato,Sandy Soil,Vegetative Growth / Root or Tuber Development,1,27,74.0,1,3,0.037,0.74
Potato,Sandy Soil,Vegetative Growth / Root or Tuber Development,2,28,71.0,1,3,0.0714,1.42
Potato,Sandy Soil,Vegetative Growth / Root or Tuber Development,3,29,68.0,1,3,0.1034,2.04
Potato,Sandy Soil,Vegetative Growth / Root or Tuber Development,4,30,65.0,1,3,0.1333,2.6
Potato,Sandy Soil,Vegetative Growth / Root or Tuber Development,5,31,62.0,1,3,0.1613,3.1
Potato,Sandy Soil,Vegetative Growth / Root or Tuber Development,6,32,59.0,1,3,0.1875,3.54
Potato,Sandy Soil,Vegetative Growth / Root or Tuber Development,7,33,56.0,1,3,0.2121,3.92
Potato,Sandy Soil,Vegetative Growth / Root or Tuber Development,8,34,53.0,1,3,0.2353,4.24
Potato,Sandy Soil,Vegetative Growth / Root or Tuber Development,9,35,50.0,1,3,0.2571,4.5
Potato,Sandy Soil,Vegetative Growth / Root or Tuber Development,10,36,47.0,1,3,0.2778,4.7
Potato,Sandy Soil,Vegetative Growth / Root or Tuber Development,11,37,44.0,1,3,0.2973,4.84
Potato,Sandy Soil,Vegetative Growth / Root or Tuber Development,12,38,41.0,1,3,0.3158,4.92
Potato,Sandy Soil,Vegetative Growth / Root or Tuber Development,13,39,38.0,1,3,0.3333,4.94
Potato,Sandy Soil,Vegetative Growth / Root or Tuber Development,14,40,35.0,1,3,0.35,4.9
Potato,Sandy Soil,Vegetative Growth / Root or Tuber Development,15,41,32.0,1,3,0.3659,4.8
Potato,Sandy Soil,Vegetative Growth / Root or Tuber Development,16,42,29.0,1,3,0.381,4.64
Potato,Sandy Soil,Vegetative Growth / Root or Tuber Development,17,43,26.0,1,3,0.3953,4.42
Potato,Sandy Soil,Vegetative Growth / Root or Tuber Development,18,44,23.0,1,3,0.4091,4.14
Potato,Sandy Soil,Vegetative Growth / Root or Tuber Development,19,45,20.0,1,3,0.4222,3.8
Potato,Sandy Soil,Vegetative Growth / Root or Tuber Development,20,46,17.0,1,3,0.4348,3.4
Potato,Sandy Soil,Vegetative Growth / Root or Tuber Development,21,25,80.0,1,3,0.84,16.8
Potato,Sandy Soil,Vegetative Growth / Root or Tuber Development,22,26,77.5,1,3,0.8462,17.05
Potato,Sandy Soil,Vegetative Growth / Root or Tuber Development,23,27,75.0,1,3,0.8519,17.25
Potato,Sandy Soil,Vegetative Growth / Root or Tuber Development,24,28,72.5,1,3,0.8571,17.4
Potato,Sandy Soil,Vegetative Growth / Root or Tuber Development,25,29,70.0,1,3,0.8621,17.5
Potato,Sandy Soil,Vegetative Growth / Root or Tuber Development,26,30,67.5,1,3,0.8667,17.55
Potato,Sandy Soil,Vegetative Growth / Root or Tuber Development,27,31,65.0,1,3,0.871,17.55
Potato,Sandy Soil,Vegetative Growth / Root or Tuber Development,28,32,62.5,1,3,0.875,17.5
Potato,Sandy Soil,Vegetative Growth / Root or Tuber Development,29,33,60.0,1,3,0.8788,17.4
Potato,Sandy Soil,Vegetative Growth / Root or Tuber Development,30,34,57.5,1,3,0.8824,17.25
Potato,Sandy Soil,Vegetative Growth / Root or Tuber Development,31,35,55.0,1,3,0.8857,17.05
Potato,Sandy Soil,Vegetative Growth / Root or Tuber Development,32,36,52.5,1,3,0.8889,16.8
Potato,Sandy Soil,Vegetative Growth / Root or Tuber Development,33,37,50.0,1,3,0.8919,16.5
Potato,Sandy Soil,Vegetative Growth / Root or Tuber Development,34,38,47.5,1,3,0.8947,16.15
Potato,Sandy Soil,Vegetative Growth / Root or Tuber Development,35,39,45.0,1,3,0.8974,15.75
Potato,Sandy Soil,Vegetative Growth / Root or Tuber Development,36,40,42.5,1,3,0.9,15.3
Potato,Sandy Soil,Vegetative Growth / Root or Tuber Development,37,41,40.0,1,3,0.9024,14.8
Potato,Sandy Soil,Vegetative Growth / Root or Tuber Development,38,42,37.5,1,3,0.9048,14.25
Potato,Sandy Soil,Vegetative Growth / Root or Tuber Development,39,43,35.0,1,3,0.907,13.65
Potato,Sandy Soil,Vegetative Growth / Root or Tuber Development,40,44,32.5,1,3,0.9091,13.0
Potato,Sandy Soil,Vegetative Growth / Root or Tuber Development,41,45,30.0,1,3,0.9111,12.3
Potato,Sandy Soil,Vegetative Growth / Root or Tuber Development,42,46,27.5,1,3,0.913,11.55
Potato,Sandy Soil,Vegetative Growth / Root or Tuber Development,43,25,80.0,1,3,1.72,34.4
Potato,Sandy Soil,Vegetative Growth / Root or Tuber Development,44,26,77.3,1,3,1.6923,34.012
Potato,Sandy Soil,Vegetative Growth / Root or Tuber Development,45,27,74.6,1,3,1.6667,33.57
Potato,Sandy Soil,Vegetative Growth / Root or Tuber Development,46,28,71.9,1,3,1.6429,33.074
Potato,Sandy Soil,Vegetative Growth / Root or Tuber Development,47,29,69.2,1,3,1.6207,32.524
Potato,Sandy Soil,Vegetative Growth / Root or Tuber Development,48,30,66.5,1,3,1.6,31.92
Potato,Sandy Soil,Vegetative Growth / Root or Tuber Development,49,31,63.8,1,3,1.5806,31.262
Potato,Sandy Soil,Vegetative Growth / Root or Tuber Development,50,32,61.1,1,3,1.5625,30.55
Potato,Sandy Soil,Vegetative Growth / Root or Tuber Development,51,33,58.4,1,3,1.5455,29.784
Potato,Sandy Soil,Vegetative Growth / Root or Tuber Development,52,34,55.7,1,3,1.5294,28.964
Potato,Sandy Soil,Vegetative Growth / Root or Tuber Development,53,35,53.0,1,3,1.5143,28.09
Potato,Sandy Soil,Vegetative Growth / Root or Tuber Development,54,36,50.3,1,3,1.5,27.162
Potato,Sandy Soil,Vegetative Growth / Root or Tuber Development,55,37,47.6,1,3,1.4865,26.18
Potato,Sandy Soil,Vegetative Growth / Root or Tuber Development,56,38,44.9,1,3,1.4737,25.144
Potato,Sandy Soil,Vegetative Growth / Root or Tuber Development,57,39,42.2,1,3,1.4615,24.054
Potato,Sandy Soil,Vegetative Growth / Root or Tuber Development,58,40,39.5,1,3,1.45,22.91
Potato,Sandy Soil,Vegetative Growth / Root or Tuber Development,59,41,36.8,1,3,1.439,21.712
Potato,Sandy Soil,Vegetative Growth / Root or Tuber Development,60,42,34.1,1,3,1.4286,20.46
Potato,Sandy Soil,Vegetative Growth / Root or Tuber Development,61,43,31.4,1,3,1.4186,19.154
Potato,Sandy Soil,Vegetative Growth / Root or Tuber Development,62,44,28.7,1,3,1.4091,17.794
Potato,Sandy Soil,Vegetative Growth / Root or Tuber Development,63,45,26.0,1,3,1.4,16.38
Potato,Sandy Soil,Vegetative Growth / Root or Tuber Development,64,46,23.3,1,3,1.3913,14.912
Potato,Sandy Soil,Vegetative Growth / Root or Tuber Development,65,25,80.0,1,3,2.6,52.0
Potato,Sandy Soil,Vegetative Growth / Root or Tuber Development,66,26,77.0,1,3,2.5385,50.82
Potato,Sandy Soil,Vegetative Growth / Root or Tuber Development,67,27,74.0,1,3,2.4815,49.58
Potato,Sandy Soil,Vegetative Growth / Root or Tuber Development,68,28,71.0,1,3,2.4286,48.28
Potato,Sandy Soil,Vegetative Growth / Root or Tuber Development,69,29,68.0,1,3,2.3793,46.92
Potato,Sandy Soil,Vegetative Growth / Root or Tuber Development,81,41,32.0,0,3,1.9756,25.92
Potato,Sandy Soil,Vegetative Growth / Root or Tuber Development,82,42,29.0,0,3,1.9524,23.78
Potato,Sandy Soil,Vegetative Growth / Root or Tuber Development,83,43,26.0,0,3,1.9302,21.58
Potato,Sandy Soil,Vegetative Growth / Root or Tuber Development,84,44,23.0,0,3,1.9091,19.32
Potato,Sandy Soil,Vegetative Growth / Root or Tuber Development,85,45,20.0,0,3,1.8889,17.0
Potato,Sandy Soil,Vegetative Growth / Root or Tuber Development,86,46,17.0,0,3,1.8696,14.62
Potato,Sandy Soil,Vegetative Growth / Root or Tuber Development,87,25,80.0,0,3,3.48,69.6
Potato,Sandy Soil,Vegetative Growth / Root or Tuber Development,88,26,77.0,0,3,3.3846,67.76
Potato,Sandy Soil,Vegetative Growth / Root or Tuber Development,89,27,74.0,0,3,3.2963,65.86
Potato,Sandy Soil,Vegetative Growth / Root or Tuber Development,90,28,71.0,0,3,3.2143,63.9
Potato,Sandy Soil,Vegetative Growth / Root or Tuber Development,91,29,68.0,0,3,3.1379,61.88
Potato,Sandy Soil,Vegetative Growth / Root or Tuber Development,92,30,65.0,0,3,3.0667,59.8
Potato,Sandy Soil,Vegetative Growth / Root or Tuber Development,93,31,62.0,0,3,3.0,57.66
Potato,Sandy Soil,Vegetative Growth / Root or Tuber Development,94,32,59.0,0,3,2.9375,55.46
Potato,Sandy Soil,Vegetative Growth / Root or Tuber Development,95,33,56.0,0,3,2.8788,53.2
Potato,Sandy Soil,Vegetative Growth / Root or Tuber Development,96,34,53.0,0,3,2.8235,50.88
Potato,Sandy Soil,Vegetative Growth / Root or Tuber Development,97,35,50.0,0,3,2.7714,48.5
Potato,Sandy Soil,Vegetative Growth / Root or Tuber Development,98,36,47.0,0,3,2.7222,46.06
Potato,Sandy Soil,Vegetative Growth / Root or Tuber Development,99,37,44.0,0,3,2.6757,43.56
Potato,Sandy Soil,Vegetative Growth / Root or Tuber Development,100,38,41.0,0,3,2.6316,41.0
Potato,Sandy Soil,Flowering,1,39,38.0,1,4,0.0256,0.38
Potato,Sandy Soil,Flowering,2,40,35.0,1,4,0.05,0.7
Potato,Sandy Soil,Flowering,3,41,32.0,1,4,0.0732,0.96
Potato,Sandy Soil,Flowering,4,42,29.0,1,4,0.0952,1.16
Potato,Sandy Soil,Flowering,5,43,26.0,1,4,0.1163,1.3
Potato,Sandy Soil,Flowering,6,44,23.0,1,4,0.1364,1.38
Potato,Sandy Soil,Flowering,7,45,20.0,1,4,0.1556,1.4
Potato,Sandy Soil,Flowering,8,46,17.0,1,4,0.1739,1.36
Potato,Sandy Soil,Flowering,9,25,80.0,1,4,0.36,7.2
Potato,Sandy Soil,Flowering,10,26,77.0,1,4,0.3846,7.7
Potato,Sandy Soil,Flowering,11,27,74.0,1,4,0.4074,8.14
Potato,Sandy Soil,Flowering,12,28,71.0,1,4,0.4286,8.52
Potato,Sandy Soil,Flowering,13,29,68.0,1,4,0.4483,8.84
Potato,Sandy Soil,Flowering,14,30,65.0,1,4,0.4667,9.1
Potato,Sandy Soil,Flowering,15,31,62.0,1,4,0.4839,9.3
Potato,Sandy Soil,Flowering,16,32,59.0,1,4,0.5,9.44
Potato,Sandy Soil,Flowering,17,33,56.0,1,4,0.5152,9.52
Potato,Sandy Soil,Flowering,18,34,53.0,1,4,0.5294,9.54
Potato,Sandy Soil,Flowering,19,35,50.0,1,4,0.5429,9.5
Potato,Sandy Soil,Flowering,20,36,47.0,1,4,0.5556,9.4
Potato,Sandy Soil,Flowering,21,37,44.0,1,4,0.5676,9.24
Potato,Sandy Soil,Flowering,22,38,41.0,1,4,0.5789,9.02
Potato,Sandy Soil,Flowering,23,39,38.0,1,4,0.5897,8.74
Potato,Sandy Soil,Flowering,24,40,35.0,1,4,0.6,8.4
Potato,Sandy Soil,Flowering,25,41,32.0,1,4,0.6098,8.0
Potato,Sandy Soil,Flowering,26,42,29.0,1,4,0.619,7.54
Potato,Sandy Soil,Flowering,27,43,26.0,1,4,0.6279,7.02
Potato,Sandy Soil,Flowering,28,44,23.0,1,4,0.6364,6.44
Potato,Sandy Soil,Flowering,29,45,20.0,1,4,0.6444,5.8
Potato,Sandy Soil,Flowering,30,46,17.0,1,4,0.6522,5.1
Potato,Sandy Soil,Flowering,31,25,80.0,1,4,1.24,24.8
Potato,Sandy Soil,Flowering,32,26,77.0,1,4,1.2308,24.64
Potato,Sandy Soil,Flowering,33,27,74.0,1,4,1.2222,24.42
Potato,Sandy Soil,Flowering,34,28,71.0,1,4,1.2143,24.14
Potato,Sandy Soil,Flowering,35,29,68.0,1,4,1.2069,23.8
Potato,Sandy Soil,Flowering,36,30,65.0,1,4,1.2,23.4
Potato,Sandy Soil,Flowering,37,31,62.0,1,4,1.1935,22.94
Potato,Sandy Soil,Flowering,38,32,59.0,1,4,1.1875,22.42
Potato,Sandy Soil,Flowering,39,33,56.0,1,4,1.1818,21.84
Potato,Sandy Soil,Flowering,40,34,53.0,1,4,1.1765,21.2
Potato,Sandy Soil,Flowering,41,35,50.0,1,4,1.1714,20.5
Potato,Sandy Soil,Flowering,42,36,47.0,1,4,1.1667,19.74
Potato,Sandy Soil,Flowering,43,37,44.0,1,4,1.1622,18.92
Potato,Sandy Soil,Flowering,44,38,41.0,1,4,1.1579,18.04
Potato,Sandy Soil,Flowering,45,39,38.0,1,4,1.1538,17.1
Potato,Sandy Soil,Flowering,46,40,35.0,1,4,1.15,16.1
Potato,Sandy Soil,Flowering,47,41,32.0,1,4,1.1463,15.04
Potato,Sandy Soil,Flowering,48,42,29.0,1,4,1.1429,13.92
Potato,Sandy Soil,Flowering,49,43,26.0,1,4,1.1395,12.74
Potato,Sandy Soil,Flowering,50,44,23.0,1,4,1.1364,11.5
Potato,Sandy Soil,Flowering,51,45,20.0,1,4,1.1333,10.2
Potato,Sandy Soil,Flowering,52,46,17.0,1,4,1.1304,8.84
Potato,Sandy Soil,Flowering,53,25,80.0,1,4,2.12,42.4
Potato,Sandy Soil,Flowering,54,26,77.0,1,4,2.0769,41.58
Potato,Sandy Soil,Flowering,55,27,74.0,1,4,2.037,40.7
Potato,Sandy Soil,Flowering,56,28,71.0,1,4,2.0,39.76
Potato,Sandy Soil,Flowering,57,29,68.0,1,4,1.9655,38.76
Potato,Sandy Soil,Flowering,58,30,65.0,1,4,1.9333,37.7
Potato,Sandy Soil,Flowering,59,31,62.0,1,4,1.9032,36.58
Potato,Sandy Soil,Flowering,71,43,26.0,0,4,1.6512,18.46
Potato,Sandy Soil,Flowering,72,44,23.0,0,4,1.6364,16.56
Potato,Sandy Soil,Flowering,73,45,20.0,0,4,1.6222,14.6
Potato,Sandy Soil,Flowering,74,46,17.0,0,4,1.6087,12.58
Potato,Sandy Soil,Flowering,75,25,80.0,0,4,3.0,60.0
Potato,Sandy Soil,Flowering,76,26,77.0,0,4,2.9231,58.52
Potato,Sandy Soil,Flowering,77,27,74.0,0,4,2.8519,56.98
Potato,Sandy Soil,Flowering,78,28,71.0,0,4,2.7857,55.38
Potato,Sandy Soil,Flowering,79,29,68.0,0,4,2.7241,53.72
Potato,Sandy Soil,Flowering,80,30,65.0,0,4,2.6667,52.0
Potato,Sandy Soil,Flowering,81,31,62.0,0,4,2.6129,50.22
Potato,Sandy Soil,Flowering,82,32,59.0,0,4,2.5625,48.38
Potato,Sandy Soil,Flowering,83,33,56.0,0,4,2.5152,46.48
Potato,Sandy Soil,Flowering,84,34,53.0,0,4,2.4706,44.52
Potato,Sandy Soil,Flowering,85,35,50.0,0,4,2.4286,42.5
Potato,Sandy Soil,Flowering,86,36,47.0,0,4,2.3889,40.42
Potato,Sandy Soil,Flowering,87,37,44.0,0,4,2.3514,38.28
Potato,Sandy Soil,Flowering,88,38,41.0,0,4,2.3158,36.08
Potato,Sandy Soil,Flowering,89,39,38.0,0,4,2.2821,33.82
Potato,Sandy Soil,Flowering,90,40,35.0,0,4,2.25,31.5
Potato,Sandy Soil,Flowering,91,41,32.0,0,4,2.2195,29.12
Potato,Sandy Soil,Flowering,92,42,29.0,0,4,2.1905,26.68
Potato,Sandy Soil,Flowering,93,43,26.0,0,4,2.1628,24.18
Potato,Sandy Soil,Flowering,94,44,23.0,0,4,2.1364,21.62
Potato,Sandy Soil,Flowering,95,45,20.0,0,4,2.1111,19.0
Potato,Sandy Soil,Flowering,96,46,17.0,0,4,2.087,16.32
Potato,Sandy Soil,Flowering,97,25,81.0,0,4,3.88,78.57
Potato,Sandy Soil,Flowering,98,26,79.0,0,4,3.7692,77.42
Potato,Sandy Soil,Flowering,99,27,76.0,0,4,3.6667,75.24
Potato,Sandy Soil,Flowering,100,28,73.0,0,4,3.5714,73.0
Potato,Sandy Soil,Pollination,1,29,70.0,1,5,0.0345,0.7
Potato,Sandy Soil,Pollination,2,30,67.0,1,5,0.0667,1.34
Potato,Sandy Soil,Pollination,3,31,64.0,1,5,0.0968,1.92
Potato,Sandy Soil,Pollination,4,32,61.0,1,5,0.125,2.44
Potato,Sandy Soil,Pollination,5,33,58.0,1,5,0.1515,2.9
Potato,Sandy Soil,Pollination,6,34,55.0,1,5,0.1765,3.3
Potato,Sandy Soil,Pollination,7,35,52.0,1,5,0.2,3.64
Potato,Sandy Soil,Pollination,8,36,49.0,1,5,0.2222,3.92
Potato,Sandy Soil,Pollination,9,37,46.0,1,5,0.2432,4.14
Potato,Sandy Soil,Pollination,10,38,43.0,1,5,0.2632,4.3
Potato,Sandy Soil,Pollination,11,39,40.0,1,5,0.2821,4.4
Potato,Sandy Soil,Pollination,12,40,37.0,1,5,0.3,4.44
Potato,Sandy Soil,Pollination,13,41,34.0,1,5,0.3171,4.42
Potato,Sandy Soil,Pollination,14,42,31.0,1,5,0.3333,4.34
Potato,Sandy Soil,Pollination,15,43,28.0,1,5,0.3488,4.2
Potato,Sandy Soil,Pollination,16,44,25.0,1,5,0.3636,4.0
Potato,Sandy Soil,Pollination,17,45,22.0,1,5,0.3778,3.74
Potato,Sandy Soil,Pollination,18,46,19.0,1,5,0.3913,3.42
Potato,Sandy Soil,Pollination,19,25,80.0,1,5,0.76,15.2
Potato,Sandy Soil,Pollination,20,26,77.0,1,5,0.7692,15.4
Potato,Sandy Soil,Pollination,21,27,74.0,1,5,0.7778,15.54
Potato,Sandy Soil,Pollination,22,28,71.0,1,5,0.7857,15.62
Potato,Sandy Soil,Pollination,23,29,68.0,1,5,0.7931,15.64
Potato,Sandy Soil,Pollination,24,30,65.0,1,5,0.8,15.6
Potato,Sandy Soil,Pollination,25,31,62.0,1,5,0.8065,15.5
Potato,Sandy Soil,Pollination,26,32,59.0,1,5,0.8125,15.34
Potato,Sandy Soil,Pollination,27,33,56.0,1,5,0.8182,15.12
Potato,Sandy Soil,Pollination,28,34,53.0,1,5,0.8235,14.84
Potato,Sandy Soil,Pollination,29,35,50.0,1,5,0.8286,14.5
Potato,Sandy Soil,Pollination,30,36,47.0,1,5,0.8333,14.1
Potato,Sandy Soil,Pollination,31,37,44.0,1,5,0.8378,13.64
Potato,Sandy Soil,Pollination,32,38,41.0,1,5,0.8421,13.12
Potato,Sandy Soil,Pollination,33,39,38.0,1,5,0.8462,12.54
Potato,Sandy Soil,Pollination,34,40,35.0,1,5,0.85,11.9
Potato,Sandy Soil,Pollination,35,41,32.0,1,5,0.8537,11.2
Potato,Sandy Soil,Pollination,36,42,29.0,1,5,0.8571,10.44
Potato,Sandy Soil,Pollination,37,43,26.0,1,5,0.8605,9.62
Potato,Sandy Soil,Pollination,38,44,23.0,1,5,0.8636,8.74
Potato,Sandy Soil,Pollination,39,45,20.0,1,5,0.8667,7.8
Potato,Sandy Soil,Pollination,40,46,17.0,1,5,0.8696,6.8
Potato,Sandy Soil,Pollination,41,25,80.0,1,5,1.64,32.8
Potato,Sandy Soil,Pollination,42,26,77.0,1,5,1.6154,32.34
Potato,Sandy Soil,Pollination,43,27,74.0,1,5,1.5926,31.82
Potato,Sandy Soil,Pollination,44,28,71.0,1,5,1.5714,31.24
Potato,Sandy Soil,Pollination,45,29,68.0,1,5,1.5517,30.6
Potato,Sandy Soil,Pollination,46,30,65.0,1,5,1.5333,29.9
Potato,Sandy Soil,Pollination,47,31,62.0,1,5,1.5161,29.14
Potato,Sandy Soil,Pollination,48,32,59.0,1,5,1.5,28.32
Potato,Sandy Soil,Pollination,49,33,56.0,1,5,1.4848,27.44
Potato,Sandy Soil,Pollination,61,45,20.0,0,5,1.3556,12.2
Potato,Sandy Soil,Pollination,62,46,17.0,0,5,1.3478,10.54
Potato,Sandy Soil,Pollination,63,25,80.0,0,5,2.52,50.4
Potato,Sandy Soil,Pollination,64,26,77.0,0,5,2.4615,49.28
Potato,Sandy Soil,Pollination,65,27,74.0,0,5,2.4074,48.1
Potato,Sandy Soil,Pollination,66,28,71.0,0,5,2.3571,46.86
Potato,Sandy Soil,Pollination,67,29,68.0,0,5,2.3103,45.56
Potato,Sandy Soil,Pollination,68,30,65.0,0,5,2.2667,44.2
Potato,Sandy Soil,Pollination,69,31,62.0,0,5,2.2258,42.78
Potato,Sandy Soil,Pollination,70,32,59.0,0,5,2.1875,41.3
Potato,Sandy Soil,Pollination,71,33,56.0,0,5,2.1515,39.76
Potato,Sandy Soil,Pollination,72,34,53.0,0,5,2.1176,38.16
Potato,Sandy Soil,Pollination,73,35,50.0,0,5,2.0857,36.5
Potato,Sandy Soil,Pollination,74,36,47.0,0,5,2.0556,34.78
Potato,Sandy Soil,Pollination,75,37,44.0,0,5,2.027,33.0
Potato,Sandy Soil,Pollination,76,38,41.0,0,5,2.0,31.16
Potato,Sandy Soil,Pollination,77,39,38.0,0,5,1.9744,29.26
Potato,Sandy Soil,Pollination,78,40,35.0,0,5,1.95,27.3
Potato,Sandy Soil,Pollination,79,41,32.0,0,5,1.9268,25.28
Potato,Sandy Soil,Pollination,80,42,29.0,0,5,1.9048,23.2
Potato,Sandy Soil,Pollination,81,43,26.0,0,5,1.8837,21.06
Potato,Sandy Soil,Pollination,82,44,23.0,0,5,1.8636,18.86
Potato,Sandy Soil,Pollination,83,45,20.0,0,5,1.8444,16.6
Potato,Sandy Soil,Pollination,84,46,17.0,0,5,1.8261,14.28
Potato,Sandy Soil,Pollination,85,25,80.0,0,5,3.4,68.0
Potato,Sandy Soil,Pollination,86,26,77.0,0,5,3.3077,66.22
Potato,Sandy Soil,Pollination,87,27,74.0,0,5,3.2222,64.38
Potato,Sandy Soil,Pollination,88,28,71.0,0,5,3.1429,62.48
Potato,Sandy Soil,Pollination,89,29,68.0,0,5,3.069,60.52
Potato,Sandy Soil,Pollination,90,30,65.0,0,5,3.0,58.5
Potato,Sandy Soil,Pollination,91,31,62.0,0,5,2.9355,56.42
Potato,Sandy Soil,Pollination,92,32,59.0,0,5,2.875,54.28
Potato,Sandy Soil,Pollination,93,33,56.0,0,5,2.8182,52.08
Potato,Sandy Soil,Pollination,94,34,53.0,0,5,2.7647,49.82
Potato,Sandy Soil,Pollination,95,35,50.0,0,5,2.7143,47.5
Potato,Sandy Soil,Pollination,96,36,47.0,0,5,2.6667,45.12
Potato,Sandy Soil,Pollination,97,37,44.0,0,5,2.6216,42.68
Potato,Sandy Soil,Pollination,98,38,41.0,0,5,2.5789,40.18
Potato,Sandy Soil,Pollination,99,39,38.0,0,5,2.5385,37.62
Potato,Sandy Soil,Pollination,100,40,35.0,0,5,2.5,35.0
Potato,Loam Soil,Germination,1,41,32.0,1,1,0.0244,0.32
Potato,Loam Soil,Germination,2,42,29.0,1,1,0.0476,0.58
Potato,Loam Soil,Germination,3,43,26.0,1,1,0.0698,0.78
Potato,Loam Soil,Germination,4,44,23.0,1,1,0.0909,0.92
Potato,Loam Soil,Germination,5,45,20.0,1,1,0.1111,1.0
Potato,Loam Soil,Germination,6,46,17.0,1,1,0.1304,1.02
Potato,Loam Soil,Germination,7,25,80.0,1,1,0.28,5.6
Potato,Loam Soil,Germination,8,26,77.0,1,1,0.3077,6.16
Potato,Loam Soil,Germination,9,27,74.0,1,1,0.3333,6.66
Potato,Loam Soil,Germination,10,28,71.0,1,1,0.3571,7.1
Potato,Loam Soil,Germination,11,29,68.0,1,1,0.3793,7.48
Potato,Loam Soil,Germination,12,30,65.0,1,1,0.4,7.8
Potato,Loam Soil,Germination,13,31,62.0,1,1,0.4194,8.06
Potato,Loam Soil,Germination,14,32,59.0,1,1,0.4375,8.26
Potato,Loam Soil,Germination,15,33,56.0,1,1,0.4545,8.4
Potato,Loam Soil,Germination,16,34,53.0,1,1,0.4706,8.48
Potato,Loam Soil,Germination,17,35,50.0,1,1,0.4857,8.5
Potato,Loam Soil,Germination,18,36,47.0,1,1,0.5,8.46
Potato,Loam Soil,Germination,19,37,44.0,1,1,0.5135,8.36
Potato,Loam Soil,Germination,20,38,41.0,1,1,0.5263,8.2
Potato,Loam Soil,Germination,21,39,38.0,1,1,0.5385,7.98
Potato,Loam Soil,Germination,22,40,35.0,1,1,0.55,7.7
Potato,Loam Soil,Germination,23,41,32.0,1,1,0.561,7.36
Potato,Loam Soil,Germination,24,42,29.0,1,1,0.5714,6.96
Potato,Loam Soil,Germination,25,43,26.0,1,1,0.5814,6.5
Potato,Loam Soil,Germination,26,44,23.0,1,1,0.5909,5.98
Potato,Loam Soil,Germination,27,45,20.0,1,1,0.6,5.4
Potato,Loam Soil,Germination,28,46,17.0,1,1,0.6087,4.76
Potato,Loam Soil,Germination,29,25,80.0,1,1,1.16,23.2
Potato,Loam Soil,Germination,30,26,77.0,1,1,1.1538,23.1
Potato,Loam Soil,Germination,31,27,74.0,1,1,1.1481,22.94
Potato,Loam Soil,Germination,32,28,71.0,1,1,1.1429,22.72
Potato,Loam Soil,Germination,33,29,68.0,1,1,1.1379,22.44
Potato,Loam Soil,Germination,34,30,65.0,1,1,1.1333,22.1
Potato,Loam Soil,Germination,35,31,62.0,1,1,1.129,21.7
Potato,Loam Soil,Germination,36,32,59.0,1,1,1.125,21.24
Potato,Loam Soil,Germination,37,33,56.0,1,1,1.1212,20.72
Potato,Loam Soil,Germination,38,34,53.0,1,1,1.1176,20.14
Potato,Loam Soil,Germination,39,35,50.0,1,1,1.1143,19.5
Potato,Loam Soil,Germination,40,36,47.0,1,1,1.1111,18.8
Potato,Loam Soil,Germination,41,37,44.0,1,1,1.1081,18.04
Potato,Loam Soil,Germination,42,38,41.0,1,1,1.1053,17.22
Potato,Loam Soil,Germination,43,39,38.0,1,1,1.1026,16.34
Potato,Loam Soil,Germination,44,40,35.0,1,1,1.1,15.4
Potato,Loam Soil,Germination,45,41,32.0,1,1,1.0976,14.4
Potato,Loam Soil,Germination,46,42,29.0,1,1,1.0952,13.34
Potato,Loam Soil,Germination,47,43,26.0,1,1,1.093,12.22
Potato,Loam Soil,Germination,48,44,23.0,1,1,1.0909,11.04
Potato,Loam Soil,Germination,49,45,20.0,1,1,1.0889,9.8
Potato,Loam Soil,Germination,50,46,17.0,1,1,1.087,8.5
Potato,Loam Soil,Germination,51,25,80.0,1,1,2.04,40.8
Potato,Loam Soil,Germination,52,26,77.0,1,1,2.0,40.04
Potato,Loam Soil,Germination,53,27,74.0,1,1,1.963,39.22
Potato,Loam Soil,Germination,54,28,71.0,1,1,1.9286,38.34
Potato,Loam Soil,Germination,55,29,68.0,1,1,1.8966,37.4
Potato,Loam Soil,Germination,56,30,65.0,1,1,1.8667,36.4
Potato,Loam Soil,Germination,57,31,62.0,1,1,1.8387,35.34
Potato,Loam Soil,Germination,58,32,59.0,1,1,1.8125,34.22
Potato,Loam Soil,Germination,59,33,56.0,1,1,1.7879,33.04
Potato,Loam Soil,Germination,60,34,53.0,1,1,1.7647,31.8
Potato,Loam Soil,Germination,61,35,50.0,1,1,1.7429,30.5
Potato,Loam Soil,Germination,62,36,47.0,1,1,1.7222,29.14
Potato,Loam Soil,Germination,63,37,44.0,1,1,1.7027,27.72
Potato,Loam Soil,Germination,64,38,41.0,1,1,1.6842,26.24
Potato,Loam Soil,Germination,65,39,38.0,1,1,1.6667,24.7
Potato,Loam Soil,Germination,66,40,35.0,1,1,1.65,23.1
Potato,Loam Soil,Germination,67,41,32.0,1,1,1.6341,21.44
Potato,Loam Soil,Germination,68,42,29.0,1,1,1.619,19.72
Potato,Loam Soil,Germination,69,43,26.0,1,1,1.6047,17.94
Potato,Loam Soil,Germination,70,44,23.0,1,1,1.5909,16.1
Potato,Loam Soil,Germination,71,45,20.0,1,1,1.5778,14.2
Potato,Loam Soil,Germination,72,46,17.0,1,1,1.5652,12.24
Potato,Loam Soil,Germination,73,25,80.0,1,1,2.92,58.4
Potato,Loam Soil,Germination,74,26,77.0,1,1,2.8462,56.98
Potato,Loam Soil,Germination,75,27,74.0,1,1,2.7778,55.5
Potato,Loam Soil,Germination,76,28,71.0,1,1,2.7143,53.96
Potato,Loam Soil,Germination,77,29,68.0,1,1,2.6552,52.36
Potato,Loam Soil,Germination,78,30,65.0,1,1,2.6,50.7
Potato,Loam Soil,Germination,79,31,62.0,1,1,2.5484,48.98
Potato,Loam Soil,Germination,91,43,26.0,0,1,2.1163,23.66
Potato,Loam Soil,Germination,92,44,23.0,0,1,2.0909,21.16
Potato,Loam Soil,Germination,93,45,20.0,0,1,2.0667,18.6
Potato,Loam Soil,Germination,94,46,17.0,0,1,2.0435,15.98
Potato,Loam Soil,Germination,95,25,80.0,0,1,3.8,76.0
Potato,Loam Soil,Germination,96,26,77.0,0,1,3.6923,73.92
Potato,Loam Soil,Germination,97,27,74.0,0,1,3.5926,71.78
Potato,Loam Soil,Germination,98,28,71.0,0,1,3.5,69.58
Potato,Loam Soil,Germination,99,29,68.0,0,1,3.4138,67.32
Potato,Loam Soil,Germination,100,30,65.0,0,1,3.3333,65.0
Potato,Loam Soil,Seedling Stage,1,31,62.0,1,2,0.0323,0.62
Potato,Loam Soil,Seedling Stage,2,32,59.0,1,2,0.0625,1.18
Potato,Loam Soil,Seedling Stage,3,33,56.0,1,2,0.0909,1.68
Potato,Loam Soil,Seedling Stage,4,34,53.0,1,2,0.1176,2.12
Potato,Loam Soil,Seedling Stage,5,35,50.0,1,2,0.1429,2.5
Potato,Loam Soil,Seedling Stage,6,36,47.0,1,2,0.1667,2.82
Potato,Loam Soil,Seedling Stage,7,37,44.0,1,2,0.1892,3.08
Potato,Loam Soil,Seedling Stage,8,38,41.0,1,2,0.2105,3.28
Potato,Loam Soil,Seedling Stage,9,39,38.0,1,2,0.2308,3.42
Potato,Loam Soil,Seedling Stage,10,40,35.0,1,2,0.25,3.5
Potato,Loam Soil,Seedling Stage,11,41,32.0,1,2,0.2683,3.52
Potato,Loam Soil,Seedling Stage,12,42,29.0,1,2,0.2857,3.48
Potato,Loam Soil,Seedling Stage,13,43,26.0,1,2,0.3023,3.38
Potato,Loam Soil,Seedling Stage,14,44,23.0,1,2,0.3182,3.22
Potato,Loam Soil,Seedling Stage,15,45,20.0,1,2,0.3333,3.0
Potato,Loam Soil,Seedling Stage,16,46,17.0,1,2,0.3478,2.72
Potato,Loam Soil,Seedling Stage,17,25,80.0,1,2,0.68,13.6
Potato,Loam Soil,Seedling Stage,18,26,77.0,1,2,0.6923,13.86
Potato,Loam Soil,Seedling Stage,19,27,74.0,1,2,0.7037,14.06
Potato,Loam Soil,Seedling Stage,20,28,71.0,1,2,0.7143,14.2
Potato,Loam Soil,Seedling Stage,21,29,68.0,1,2,0.7241,14.28
Potato,Loam Soil,Seedling Stage,22,30,65.0,1,2,0.7333,14.3
Potato,Loam Soil,Seedling Stage,23,31,62.0,1,2,0.7419,14.26
Potato,Loam Soil,Seedling Stage,24,32,59.0,1,2,0.75,14.16
Potato,Loam Soil,Seedling Stage,25,33,56.0,1,2,0.7576,14.0
Potato,Loam Soil,Seedling Stage,26,34,53.0,1,2,0.7647,13.78
Potato,Loam Soil,Seedling Stage,27,35,50.0,1,2,0.7714,13.5
Potato,Loam Soil,Seedling Stage,28,36,47.0,1,2,0.7778,13.16
Potato,Loam Soil,Seedling Stage,29,37,44.0,1,2,0.7838,12.76
Potato,Loam Soil,Seedling Stage,30,38,41.0,1,2,0.7895,12.3
Potato,Loam Soil,Seedling Stage,31,39,38.0,1,2,0.7949,11.78
Potato,Loam Soil,Seedling Stage,32,40,35.0,1,2,0.8,11.2
Potato,Loam Soil,Seedling Stage,33,41,32.0,1,2,0.8049,10.56
Potato,Loam Soil,Seedling Stage,34,42,29.0,1,2,0.8095,9.86
Potato,Loam Soil,Seedling Stage,35,43,26.0,1,2,0.814,9.1
Potato,Loam Soil,Seedling Stage,36,44,23.0,1,2,0.8182,8.28
Potato,Loam Soil,Seedling Stage,37,45,20.0,1,2,0.8222,7.4
Potato,Loam Soil,Seedling Stage,38,46,17.0,1,2,0.8261,6.46
Potato,Loam Soil,Seedling Stage,39,25,80.0,1,2,1.56,31.2
Potato,Loam Soil,Seedling Stage,40,26,77.0,1,2,1.5385,30.8
Potato,Loam Soil,Seedling Stage,41,27,74.0,1,2,1.5185,30.34
Potato,Loam Soil,Seedling Stage,42,28,71.0,1,2,1.5,29.82
Potato,Loam Soil,Seedling Stage,43,29,68.0,1,2,1.4828,29.24
Potato,Loam Soil,Seedling Stage,44,30,65.0,1,2,1.4667,28.6
Potato,Loam Soil,Seedling Stage,45,31,62.0,1,2,1.4516,27.9
Potato,Loam Soil,Seedling Stage,46,32,59.0,1,2,1.4375,27.14
Potato,Loam Soil,Seedling Stage,47,33,56.0,1,2,1.4242,26.32
Potato,Loam Soil,Seedling Stage,48,34,53.0,1,2,1.4118,25.44
Potato,Loam Soil,Seedling Stage,49,35,50.0,1,2,1.4,24.5
Potato,Loam Soil,Seedling Stage,50,36,47.0,1,2,1.3889,23.5
Potato,Loam Soil,Seedling Stage,51,37,44.0,1,2,1.3784,22.44
Potato,Loam Soil,Seedling Stage,52,38,41.0,1,2,1.3684,21.32
Potato,Loam Soil,Seedling Stage,53,39,38.0,1,2,1.359,20.14
Potato,Loam Soil,Seedling Stage,54,40,35.0,1,2,1.35,18.9
Potato,Loam Soil,Seedling Stage,55,41,32.0,1,2,1.3415,17.6
Potato,Loam Soil,Seedling Stage,56,42,29.0,1,2,1.3333,16.24
Potato,Loam Soil,Seedling Stage,57,43,26.0,1,2,1.3256,14.82
Potato,Loam Soil,Seedling Stage,58,44,23.0,1,2,1.3182,13.34
Potato,Loam Soil,Seedling Stage,59,45,20.0,1,2,1.3111,11.8
Potato,Loam Soil,Seedling Stage,60,46,17.0,1,2,1.3043,10.2
Potato,Loam Soil,Seedling Stage,61,25,80.0,1,2,2.44,48.8
Potato,Loam Soil,Seedling Stage,62,26,77.0,1,2,2.3846,47.74
Potato,Loam Soil,Seedling Stage,63,27,74.0,1,2,2.3333,46.62
Potato,Loam Soil,Seedling Stage,64,28,71.0,1,2,2.2857,45.44
Potato,Loam Soil,Seedling Stage,65,29,68.0,1,2,2.2414,44.2
Potato,Loam Soil,Seedling Stage,66,30,65.0,1,2,2.2,42.9
Potato,Loam Soil,Seedling Stage,67,31,62.0,1,2,2.1613,41.54
Potato,Loam Soil,Seedling Stage,68,32,59.0,1,2,2.125,40.12
Potato,Loam Soil,Seedling Stage,69,33,56.0,1,2,2.0909,38.64
Potato,Loam Soil,Seedling Stage,81,45,20.0,0,2,1.8,16.2
Potato,Loam Soil,Seedling Stage,82,46,17.0,0,2,1.7826,13.94
Potato,Loam Soil,Seedling Stage,83,25,80.0,0,2,3.32,66.4
Potato,Loam Soil,Seedling Stage,84,26,77.0,0,2,3.2308,64.68
Potato,Loam Soil,Seedling Stage,85,27,74.0,0,2,3.1481,62.9
Potato,Loam Soil,Seedling Stage,86,28,71.0,0,2,3.0714,61.06
Potato,Loam Soil,Seedling Stage,87,29,68.0,0,2,3.0,59.16
Potato,Loam Soil,Seedling Stage,88,30,65.0,0,2,2.9333,57.2
Potato,Loam Soil,Seedling Stage,89,31,62.0,0,2,2.871,55.18
Potato,Loam Soil,Seedling Stage,90,32,59.0,0,2,2.8125,53.1
Potato,Loam Soil,Seedling Stage,91,33,56.0,0,2,2.7576,50.96
Potato,Loam Soil,Seedling Stage,92,34,53.0,0,2,2.7059,48.76
Potato,Loam Soil,Seedling Stage,93,35,50.0,0,2,2.6571,46.5
Potato,Loam Soil,Seedling Stage,94,36,47.0,0,2,2.6111,44.18
Potato,Loam Soil,Seedling Stage,95,37,44.0,0,2,2.5676,41.8
Potato,Loam Soil,Seedling Stage,96,38,41.0,0,2,2.5263,39.36
Potato,Loam Soil,Seedling Stage,97,39,38.0,0,2,2.4872,36.86
Potato,Loam Soil,Seedling Stage,98,40,35.0,0,2,2.45,34.3
Potato,Loam Soil,Seedling Stage,99,41,32.0,0,2,2.4146,31.68
Potato,Loam Soil,Seedling Stage,100,42,29.0,0,2,2.381,29.0
Potato,Loam Soil,Vegetative Growth / Root or Tuber Development,1,43,26.0,1,3,0.0233,0.26
Potato,Loam Soil,Vegetative Growth / Root or Tuber Development,2,44,23.0,1,3,0.0455,0.46
Potato,Loam Soil,Vegetative Growth / Root or Tuber Development,3,45,20.0,1,3,0.0667,0.6
Potato,Loam Soil,Vegetative Growth / Root or Tuber Development,4,46,17.0,1,3,0.087,0.68
Potato,Loam Soil,Vegetative Growth / Root or Tuber Development,5,25,80.0,1,3,0.2,4.0
Potato,Loam Soil,Vegetative Growth / Root or Tuber Development,6,26,77.0,1,3,0.2308,4.62
Potato,Loam Soil,Vegetative Growth / Root or Tuber Development,7,27,74.0,1,3,0.2593,5.18
Potato,Loam Soil,Vegetative Growth / Root or Tuber Development,8,28,71.0,1,3,0.2857,5.68
Potato,Loam Soil,Vegetative Growth / Root or Tuber Development,9,29,68.0,1,3,0.3103,6.12
Potato,Loam Soil,Vegetative Growth / Root or Tuber Development,10,30,65.0,1,3,0.3333,6.5
Potato,Loam Soil,Vegetative Growth / Root or Tuber Development,11,31,62.0,1,3,0.3548,6.82
Potato,Loam Soil,Vegetative Growth / Root or Tuber Development,12,32,59.0,1,3,0.375,7.08
Potato,Loam Soil,Vegetative Growth / Root or Tuber Development,13,33,56.0,1,3,0.3939,7.28
Potato,Loam Soil,Vegetative Growth / Root or Tuber Development,14,34,53.0,1,3,0.4118,7.42
Potato,Loam Soil,Vegetative Growth / Root or Tuber Development,15,35,50.0,1,3,0.4286,7.5
Potato,Loam Soil,Vegetative Growth / Root or Tuber Development,16,36,47.0,1,3,0.4444,7.52
Potato,Loam Soil,Vegetative Growth / Root or Tuber Development,17,37,44.0,1,3,0.4595,7.48
Potato,Loam Soil,Vegetative Growth / Root or Tuber Development,18,38,41.0,1,3,0.4737,7.38
Potato,Loam Soil,Vegetative Growth / Root or Tuber Development,19,39,38.0,1,3,0.4872,7.22
Potato,Loam Soil,Vegetative Growth / Root or Tuber Development,20,40,35.0,1,3,0.5,7.0
Potato,Loam Soil,Vegetative Growth / Root or Tuber Development,21,41,32.0,1,3,0.5122,6.72
Potato,Loam Soil,Vegetative Growth / Root or Tuber Development,22,42,29.0,1,3,0.5238,6.38
Potato,Loam Soil,Vegetative Growth / Root or Tuber Development,23,43,26.0,1,3,0.5349,5.98
Potato,Loam Soil,Vegetative Growth / Root or Tuber Development,24,44,23.0,1,3,0.5455,5.52
Potato,Loam Soil,Vegetative Growth / Root or Tuber Development,25,45,20.0,1,3,0.5556,5.0
Potato,Loam Soil,Vegetative Growth / Root or Tuber Development,26,46,17.0,1,3,0.5652,4.42
Potato,Loam Soil,Vegetative Growth / Root or Tuber Development,27,25,80.0,1,3,1.08,21.6
Potato,Loam Soil,Vegetative Growth / Root or Tuber Development,28,26,77.0,1,3,1.0769,21.56
Potato,Loam Soil,Vegetative Growth / Root or Tuber Development,29,27,74.0,1,3,1.0741,21.46
Potato,Loam Soil,Vegetative Growth / Root or Tuber Development,30,28,71.0,1,3,1.0714,21.3
Potato,Loam Soil,Vegetative Growth / Root or Tuber Development,31,29,68.0,1,3,1.069,21.08
Potato,Loam Soil,Vegetative Growth / Root or Tuber Development,32,30,65.0,1,3,1.0667,20.8
Potato,Loam Soil,Vegetative Growth / Root or Tuber Development,33,31,62.0,1,3,1.0645,20.46
Potato,Loam Soil,Vegetative Growth / Root or Tuber Development,34,32,59.0,1,3,1.0625,20.06
Potato,Loam Soil,Vegetative Growth / Root or Tuber Development,35,33,56.0,1,3,1.0606,19.6
Potato,Loam Soil,Vegetative Growth / Root or Tuber Development,36,34,53.0,1,3,1.0588,19.08
Potato,Loam Soil,Vegetative Growth / Root or Tuber Development,37,35,50.0,1,3,1.0571,18.5
Potato,Loam Soil,Vegetative Growth / Root or Tuber Development,38,36,47.0,1,3,1.0556,17.86
Potato,Loam Soil,Vegetative Growth / Root or Tuber Development,39,37,44.0,1,3,1.0541,17.16
Potato,Loam Soil,Vegetative Growth / Root or Tuber Development,40,38,41.0,1,3,1.0526,16.4
Potato,Loam Soil,Vegetative Growth / Root or Tuber Development,41,39,38.0,1,3,1.0513,15.58
Potato,Loam Soil,Vegetative Growth / Root or Tuber Development,42,40,35.0,1,3,1.05,14.7
Potato,Loam Soil,Vegetative Growth / Root or Tuber Development,43,41,32.0,1,3,1.0488,13.76
Potato,Loam Soil,Vegetative Growth / Root or Tuber Development,44,42,29.0,1,3,1.0476,12.76
Potato,Loam Soil,Vegetative Growth / Root or Tuber Development,45,43,26.0,1,3,1.0465,11.7
Potato,Loam Soil,Vegetative Growth / Root or Tuber Development,46,44,23.0,1,3,1.0455,10.58
Potato,Loam Soil,Vegetative Growth / Root or Tuber Development,47,45,20.0,1,3,1.0444,9.4
Potato,Loam Soil,Vegetative Growth / Root or Tuber Development,48,46,17.0,1,3,1.0435,8.16
Potato,Loam Soil,Vegetative Growth / Root or Tuber Development,49,25,80.0,1,3,1.96,39.2
Potato,Loam Soil,Vegetative Growth / Root or Tuber Development,50,26,77.0,1,3,1.9231,38.5
Potato,Loam Soil,Vegetative Growth / Root or Tuber Development,51,27,74.0,1,3,1.8889,37.74
Potato,Loam Soil,Vegetative Growth / Root or Tuber Development,52,28,71.0,1,3,1.8571,36.92
Potato,Loam Soil,Vegetative Growth / Root or Tuber Development,53,29,68.0,1,3,1.8276,36.04
Potato,Loam Soil,Vegetative Growth / Root or Tuber Development,54,30,65.0,1,3,1.8,35.1
Potato,Loam Soil,Vegetative Growth / Root or Tuber Development,55,31,62.0,1,3,1.7742,34.1
Potato,Loam Soil,Vegetative Growth / Root or Tuber Development,56,32,59.0,1,3,1.75,33.04
Potato,Loam Soil,Vegetative Growth / Root or Tuber Development,57,33,56.0,1,3,1.7273,31.92
Potato,Loam Soil,Vegetative Growth / Root or Tuber Development,58,34,53.0,1,3,1.7059,30.74
Potato,Loam Soil,Vegetative Growth / Root or Tuber Development,59,35,50.0,1,3,1.6857,29.5
Potato,Loam Soil,Vegetative Growth / Root or Tuber Development,60,36,47.0,1,3,1.6667,28.2
Potato,Loam Soil,Vegetative Growth / Root or Tuber Development,61,37,44.0,1,3,1.6486,26.84
Potato,Loam Soil,Vegetative Growth / Root or Tuber Development,62,38,41.0,1,3,1.6316,25.42
Potato,Loam Soil,Vegetative Growth / Root or Tuber Development,63,39,38.0,1,3,1.6154,23.94
Potato,Loam Soil,Vegetative Growth / Root or Tuber Development,64,40,35.0,1,3,1.6,22.4
Potato,Loam Soil,Vegetative Growth / Root or Tuber Development,65,41,32.0,1,3,1.5854,20.8
Potato,Loam Soil,Vegetative Growth / Root or Tuber Development,66,42,29.0,1,3,1.5714,19.14
Potato,Loam Soil,Vegetative Growth / Root or Tuber Development,67,43,26.0,1,3,1.5581,17.42
Potato,Loam Soil,Vegetative Growth / Root or Tuber Development,68,44,23.0,1,3,1.5455,15.64
Potato,Loam Soil,Vegetative Growth / Root or Tuber Development,69,45,20.0,1,3,1.5333,13.8
Potato,Loam Soil,Vegetative Growth / Root or Tuber Development,81,35,50.0,0,3,2.3143,40.5
Potato,Loam Soil,Vegetative Growth / Root or Tuber Development,82,36,47.0,0,3,2.2778,38.54
Potato,Loam Soil,Vegetative Growth / Root or Tuber Development,83,37,44.0,0,3,2.2432,36.52
Potato,Loam Soil,Vegetative Growth / Root or Tuber Development,84,38,41.0,0,3,2.2105,34.44
Potato,Loam Soil,Vegetative Growth / Root or Tuber Development,85,39,38.0,0,3,2.1795,32.3
Potato,Loam Soil,Vegetative Growth / Root or Tuber Development,86,40,35.0,0,3,2.15,30.1
Potato,Loam Soil,Vegetative Growth / Root or Tuber Development,87,41,32.0,0,3,2.122,27.84
Potato,Loam Soil,Vegetative Growth / Root or Tuber Development,88,42,29.0,0,3,2.0952,25.52
Potato,Loam Soil,Vegetative Growth / Root or Tuber Development,89,43,26.0,0,3,2.0698,23.14
Potato,Loam Soil,Vegetative Growth / Root or Tuber Development,90,44,23.0,0,3,2.0455,20.7
Potato,Loam Soil,Vegetative Growth / Root or Tuber Development,91,45,20.0,0,3,2.0222,18.2
Potato,Loam Soil,Vegetative Growth / Root or Tuber Development,92,46,17.0,0,3,2.0,15.64
Potato,Loam Soil,Vegetative Growth / Root or Tuber Development,93,25,80.0,0,3,3.72,74.4
Potato,Loam Soil,Vegetative Growth / Root or Tuber Development,94,26,77.0,0,3,3.6154,72.38
Potato,Loam Soil,Vegetative Growth / Root or Tuber Development,95,27,74.0,0,3,3.5185,70.3
Potato,Loam Soil,Vegetative Growth / Root or Tuber Development,96,28,71.0,0,3,3.4286,68.16
Potato,Loam Soil,Vegetative Growth / Root or Tuber Development,97,29,68.0,0,3,3.3448,65.96
Potato,Loam Soil,Vegetative Growth / Root or Tuber Development,98,30,65.0,0,3,3.2667,63.7
Potato,Loam Soil,Vegetative Growth / Root or Tuber Development,99,31,62.0,0,3,3.1935,61.38
Potato,Loam Soil,Vegetative Growth / Root or Tuber Development,100,32,59.0,0,3,3.125,59.0
Potato,Loam Soil,Flowering,1,33,56.0,1,4,0.0303,0.56
Potato,Loam Soil,Flowering,2,34,53.0,1,4,0.0588,1.06
Potato,Loam Soil,Flowering,3,35,50.0,1,4,0.0857,1.5
Potato,Loam Soil,Flowering,4,36,47.0,1,4,0.1111,1.88
Potato,Loam Soil,Flowering,5,37,44.0,1,4,0.1351,2.2
Potato,Loam Soil,Flowering,6,38,41.0,1,4,0.1579,2.46
Potato,Loam Soil,Flowering,7,39,38.0,1,4,0.1795,2.66
Potato,Loam Soil,Flowering,8,40,35.0,1,4,0.2,2.8
Potato,Loam Soil,Flowering,9,41,32.0,1,4,0.2195,2.88
Potato,Loam Soil,Flowering,10,42,29.0,1,4,0.2381,2.9
Potato,Loam Soil,Flowering,11,43,26.0,1,4,0.2558,2.86
Potato,Loam Soil,Flowering,12,44,23.0,1,4,0.2727,2.76
Potato,Loam Soil,Flowering,13,45,20.0,1,4,0.2889,2.6
Potato,Loam Soil,Flowering,14,46,17.0,1,4,0.3043,2.38
Potato,Loam Soil,Flowering,15,25,80.0,1,4,0.6,12.0
Potato,Loam Soil,Flowering,16,26,77.0,1,4,0.6154,12.32
Potato,Loam Soil,Flowering,17,27,74.0,1,4,0.6296,12.58
Potato,Loam Soil,Flowering,18,28,71.0,1,4,0.6429,12.78
Potato,Loam Soil,Flowering,19,29,68.0,1,4,0.6552,12.92
Potato,Loam Soil,Flowering,20,30,65.0,1,4,0.6667,13.0
Potato,Loam Soil,Flowering,21,31,62.0,1,4,0.6774,13.02
Potato,Loam Soil,Flowering,22,32,59.0,1,4,0.6875,12.98
Potato,Loam Soil,Flowering,23,33,56.0,1,4,0.697,12.88
Potato,Loam Soil,Flowering,24,34,53.0,1,4,0.7059,12.72
Potato,Loam Soil,Flowering,25,35,50.0,1,4,0.7143,12.5
Potato,Loam Soil,Flowering,26,36,47.0,1,4,0.7222,12.22
Potato,Loam Soil,Flowering,27,37,44.0,1,4,0.7297,11.88
Potato,Loam Soil,Flowering,28,38,41.0,1,4,0.7368,11.48
Potato,Loam Soil,Flowering,29,39,38.0,1,4,0.7436,11.02
Potato,Loam Soil,Flowering,30,40,35.0,1,4,0.75,10.5
Potato,Loam Soil,Flowering,31,41,32.0,1,4,0.7561,9.92
Potato,Loam Soil,Flowering,32,42,29.0,1,4,0.7619,9.28
Potato,Loam Soil,Flowering,33,43,26.0,1,4,0.7674,8.58
Potato,Loam Soil,Flowering,34,44,23.0,1,4,0.7727,7.82
Potato,Loam Soil,Flowering,35,45,20.0,1,4,0.7778,7.0
Potato,Loam Soil,Flowering,36,46,17.0,1,4,0.7826,6.12
Potato,Loam Soil,Flowering,37,25,80.0,1,4,1.48,29.6
Potato,Loam Soil,Flowering,38,26,77.0,1,4,1.4615,29.26
Potato,Loam Soil,Flowering,39,27,74.0,1,4,1.4444,28.86
Potato,Loam Soil,Flowering,40,28,71.0,1,4,1.4286,28.4
Potato,Loam Soil,Flowering,41,29,68.0,1,4,1.4138,27.88
Potato,Loam Soil,Flowering,42,30,65.0,1,4,1.4,27.3
Potato,Loam Soil,Flowering,43,31,62.0,1,4,1.3871,26.66
Potato,Loam Soil,Flowering,44,32,59.0,1,4,1.375,25.96
Potato,Loam Soil,Flowering,45,33,56.0,1,4,1.3636,25.2
Potato,Loam Soil,Flowering,46,34,53.0,1,4,1.3529,24.38
Potato,Loam Soil,Flowering,47,35,50.0,1,4,1.3429,23.5
Potato,Loam Soil,Flowering,48,36,47.0,1,4,1.3333,22.56
Potato,Loam Soil,Flowering,49,37,44.0,1,4,1.3243,21.56
Potato,Loam Soil,Flowering,50,38,41.0,1,4,1.3158,20.5
Potato,Loam Soil,Flowering,51,39,38.0,1,4,1.3077,19.38
Potato,Loam Soil,Flowering,52,40,35.0,1,4,1.3,18.2
Potato,Loam Soil,Flowering,53,41,32.0,1,4,1.2927,16.96
Potato,Loam Soil,Flowering,54,42,29.0,1,4,1.2857,15.66
Potato,Loam Soil,Flowering,55,43,26.0,1,4,1.2791,14.3
Potato,Loam Soil,Flowering,56,44,23.0,1,4,1.2727,12.88
Potato,Loam Soil,Flowering,57,45,20.0,1,4,1.2667,11.4
Potato,Loam Soil,Flowering,58,46,17.0,1,4,1.2609,9.86
Potato,Loam Soil,Flowering,59,25,80.0,1,4,2.36,47.2
Potato,Loam Soil,Flowering,71,37,44.0,0,4,1.9189,31.24
Potato,Loam Soil,Flowering,72,38,41.0,0,4,1.8947,29.52
Potato,Loam Soil,Flowering,73,39,38.0,0,4,1.8718,27.74
Potato,Loam Soil,Flowering,74,40,35.0,0,4,1.85,25.9
Potato,Loam Soil,Flowering,75,41,32.0,0,4,1.8293,24.0
Potato,Loam Soil,Flowering,76,42,29.0,0,4,1.8095,22.04
Potato,Loam Soil,Flowering,77,43,26.0,0,4,1.7907,20.02
Potato,Loam Soil,Flowering,78,44,23.0,0,4,1.7727,17.94
Potato,Loam Soil,Flowering,79,45,20.0,0,4,1.7556,15.8
Potato,Loam Soil,Flowering,80,46,17.0,0,4,1.7391,13.6
Potato,Loam Soil,Flowering,81,25,80.0,0,4,3.24,64.8
Potato,Loam Soil,Flowering,82,26,77.0,0,4,3.1538,63.14
Potato,Loam Soil,Flowering,83,27,74.0,0,4,3.0741,61.42
Potato,Loam Soil,Flowering,84,28,71.0,0,4,3.0,59.64
Potato,Loam Soil,Flowering,85,29,68.0,0,4,2.931,57.8
Potato,Loam Soil,Flowering,86,30,65.0,0,4,2.8667,55.9
Potato,Loam Soil,Flowering,87,31,62.0,0,4,2.8065,53.94
Potato,Loam Soil,Flowering,88,32,59.0,0,4,2.75,51.92
Potato,Loam Soil,Flowering,89,33,56.0,0,4,2.697,49.84
Potato,Loam Soil,Flowering,90,34,53.0,0,4,2.6471,47.7
Potato,Loam Soil,Flowering,91,35,50.0,0,4,2.6,45.5
Potato,Loam Soil,Flowering,92,36,47.0,0,4,2.5556,43.24
Potato,Loam Soil,Flowering,93,37,44.0,0,4,2.5135,40.92
Potato,Loam Soil,Flowering,94,38,41.0,0,4,2.4737,38.54
Potato,Loam Soil,Flowering,95,39,38.0,0,4,2.4359,36.1
Potato,Loam Soil,Flowering,96,40,35.0,0,4,2.4,33.6
Potato,Loam Soil,Flowering,97,41,32.0,0,4,2.3659,31.04
Potato,Loam Soil,Flowering,98,42,29.0,0,4,2.3333,28.42
Potato,Loam Soil,Flowering,99,43,26.0,0,4,2.3023,25.74
Potato,Loam Soil,Flowering,100,44,23.0,0,4,2.2727,23.0
Potato,Loam Soil,Pollination,1,45,20.0,1,5,0.0222,0.2
Potato,Loam Soil,Pollination,2,46,17.0,1,5,0.0435,0.34
Potato,Loam Soil,Pollination,3,25,80.0,1,5,0.12,2.4
Potato,Loam Soil,Pollination,4,26,77.0,1,5,0.1538,3.08
Potato,Loam Soil,Pollination,5,27,74.0,1,5,0.1852,3.7
Potato,Loam Soil,Pollination,6,28,71.0,1,5,0.2143,4.26
Potato,Loam Soil,Pollination,7,29,68.0,1,5,0.2414,4.76
Potato,Loam Soil,Pollination,8,30,65.0,1,5,0.2667,5.2
Potato,Loam Soil,Pollination,9,31,62.0,1,5,0.2903,5.58
Potato,Loam Soil,Pollination,10,32,59.0,1,5,0.3125,5.9
Potato,Loam Soil,Pollination,11,33,56.0,1,5,0.3333,6.16
Potato,Loam Soil,Pollination,12,34,53.0,1,5,0.3529,6.36
Potato,Loam Soil,Pollination,13,35,50.0,1,5,0.3714,6.5
Potato,Loam Soil,Pollination,14,36,47.0,1,5,0.3889,6.58
Potato,Loam Soil,Pollination,15,37,44.0,1,5,0.4054,6.6
Potato,Loam Soil,Pollination,16,38,41.0,1,5,0.4211,6.56
Potato,Loam Soil,Pollination,17,39,38.0,1,5,0.4359,6.46
Potato,Loam Soil,Pollination,18,40,35.0,1,5,0.45,6.3
Potato,Loam Soil,Pollination,19,41,32.0,1,5,0.4634,6.08
Potato,Loam Soil,Pollination,20,42,29.0,1,5,0.4762,5.8
Potato,Loam Soil,Pollination,21,43,26.0,1,5,0.4884,5.46
Potato,Loam Soil,Pollination,22,44,23.0,1,5,0.5,5.06
Potato,Loam Soil,Pollination,23,45,20.0,1,5,0.5111,4.6
Potato,Loam Soil,Pollination,24,46,17.0,1,5,0.5217,4.08
Potato,Loam Soil,Pollination,25,25,80.0,1,5,1.0,20.0
Potato,Loam Soil,Pollination,26,26,77.0,1,5,1.0,20.02
Potato,Loam Soil,Pollination,27,27,74.0,1,5,1.0,19.98
Potato,Loam Soil,Pollination,28,28,71.0,1,5,1.0,19.88
Potato,Loam Soil,Pollination,29,29,68.0,1,5,1.0,19.72
Potato,Loam Soil,Pollination,30,30,65.0,1,5,1.0,19.5
Potato,Loam Soil,Pollination,31,31,62.0,1,5,1.0,19.22
Potato,Loam Soil,Pollination,32,32,59.0,1,5,1.0,18.88
Potato,Loam Soil,Pollination,33,33,56.0,1,5,1.0,18.48
Potato,Loam Soil,Pollination,34,34,53.0,1,5,1.0,18.02
Potato,Loam Soil,Pollination,35,35,50.0,1,5,1.0,17.5
Potato,Loam Soil,Pollination,36,36,47.0,1,5,1.0,16.92
Potato,Loam Soil,Pollination,37,37,44.0,1,5,1.0,16.28
Potato,Loam Soil,Pollination,38,38,41.0,1,5,1.0,15.58
Potato,Loam Soil,Pollination,39,39,38.0,1,5,1.0,14.82
Potato,Loam Soil,Pollination,40,40,35.0,1,5,1.0,14.0
Potato,Loam Soil,Pollination,41,41,32.0,1,5,1.0,13.12
Potato,Loam Soil,Pollination,42,42,29.0,1,5,1.0,12.18
Potato,Loam Soil,Pollination,43,43,26.0,1,5,1.0,11.18
Potato,Loam Soil,Pollination,44,44,23.0,1,5,1.0,10.12
Potato,Loam Soil,Pollination,45,45,20.0,1,5,1.0,9.0
Potato,Loam Soil,Pollination,46,46,17.0,1,5,1.0,7.82
Potato,Loam Soil,Pollination,47,25,80.0,1,5,1.88,37.6
Potato,Loam Soil,Pollination,48,26,77.0,1,5,1.8462,36.96
Potato,Loam Soil,Pollination,49,27,74.0,1,5,1.8148,36.26
Potato,Loam Soil,Pollination,61,39,38.0,0,5,1.5641,23.18
Potato,Loam Soil,Pollination,62,40,35.0,0,5,1.55,21.7
Potato,Loam Soil,Pollination,63,41,32.0,0,5,1.5366,20.16
Potato,Loam Soil,Pollination,64,42,29.0,0,5,1.5238,18.56
Potato,Loam Soil,Pollination,65,43,26.0,0,5,1.5116,16.9
Potato,Loam Soil,Pollination,66,44,23.0,0,5,1.5,15.18
Potato,Loam Soil,Pollination,67,45,20.0,0,5,1.4889,13.4
Potato,Loam Soil,Pollination,68,46,17.0,0,5,1.4783,11.56
Potato,Loam Soil,Pollination,69,25,80.0,0,5,2.76,55.2
Potato,Loam Soil,Pollination,70,26,77.0,0,5,2.6923,53.9
Potato,Loam Soil,Pollination,71,27,74.0,0,5,2.6296,52.54
Potato,Loam Soil,Pollination,72,28,71.0,0,5,2.5714,51.12
Potato,Loam Soil,Pollination,73,29,68.0,0,5,2.5172,49.64
Potato,Loam Soil,Pollination,74,30,65.0,0,5,2.4667,48.1
Potato,Loam Soil,Pollination,75,31,62.0,0,5,2.4194,46.5
Potato,Loam Soil,Pollination,76,32,59.0,0,5,2.375,44.84
Potato,Loam Soil,Pollination,77,33,56.0,0,5,2.3333,43.12
Potato,Loam Soil,Pollination,78,34,53.0,0,5,2.2941,41.34
Potato,Loam Soil,Pollination,79,35,50.0,0,5,2.2571,39.5
Potato,Loam Soil,Pollination,80,36,47.0,0,5,2.2222,37.6
Potato,Loam Soil,Pollination,81,37,44.0,0,5,2.1892,35.64
Potato,Loam Soil,Pollination,82,38,41.0,0,5,2.1579,33.62
Potato,Loam Soil,Pollination,83,39,38.0,0,5,2.1282,31.54
Potato,Loam Soil,Pollination,84,40,35.0,0,5,2.1,29.4
Potato,Loam Soil,Pollination,85,41,32.0,0,5,2.0732,27.2
Potato,Loam Soil,Pollination,86,42,29.0,0,5,2.0476,24.94
Potato,Loam Soil,Pollination,87,43,26.0,0,5,2.0233,22.62
Potato,Loam Soil,Pollination,88,44,23.0,0,5,2.0,20.24
Potato,Loam Soil,Pollination,89,45,20.0,0,5,1.9778,17.8
Potato,Loam Soil,Pollination,90,46,17.0,0,5,1.9565,15.3
Potato,Loam Soil,Pollination,91,25,80.0,0,5,3.64,72.8
Potato,Loam Soil,Pollination,92,26,77.0,0,5,3.5385,70.84
Potato,Loam Soil,Pollination,93,27,74.0,0,5,3.4444,68.82
Potato,Loam Soil,Pollination,94,28,71.0,0,5,3.3571,66.74
Potato,Loam Soil,Pollination,95,29,68.0,0,5,3.2759,64.6
Potato,Loam Soil,Pollination,96,30,65.0,0,5,3.2,62.4
Potato,Loam Soil,Pollination,97,31,62.0,0,5,3.129,60.14
Potato,Loam Soil,Pollination,98,32,59.0,0,5,3.0625,57.82
Potato,Loam Soil,Pollination,99,33,56.0,0,5,3.0,55.44
Potato,Loam Soil,Pollination,100,34,53.0,0,5,2.9412,53.0
Potato,Clay Soil,Germination,1,35,50.0,1,1,0.0286,0.5
Potato,Clay Soil,Germination,2,36,47.0,1,1,0.0556,0.94
Potato,Clay Soil,Germination,3,37,44.0,1,1,0.0811,1.32
Potato,Clay Soil,Germination,4,38,41.0,1,1,0.1053,1.64
Potato,Clay Soil,Germination,5,39,38.0,1,1,0.1282,1.9
Potato,Clay Soil,Germination,6,40,35.0,1,1,0.15,2.1
Potato,Clay Soil,Germination,7,41,32.0,1,1,0.1707,2.24
Potato,Clay Soil,Germination,8,42,29.0,1,1,0.1905,2.32
Potato,Clay Soil,Germination,9,43,26.0,1,1,0.2093,2.34
Potato,Clay Soil,Germination,10,44,23.0,1,1,0.2273,2.3
Potato,Clay Soil,Germination,11,45,20.0,1,1,0.2444,2.2
Potato,Clay Soil,Germination,12,46,17.0,1,1,0.2609,2.04
Potato,Clay Soil,Germination,13,25,80.0,1,1,0.52,10.4
Potato,Clay Soil,Germination,14,26,77.0,1,1,0.5385,10.78
Potato,Clay Soil,Germination,15,27,74.0,1,1,0.5556,11.1
Potato,Clay Soil,Germination,16,28,71.0,1,1,0.5714,11.36
Potato,Clay Soil,Germination,17,29,68.0,1,1,0.5862,11.56
Potato,Clay Soil,Germination,18,30,65.0,1,1,0.6,11.7
Potato,Clay Soil,Germination,19,31,62.0,1,1,0.6129,11.78
Potato,Clay Soil,Germination,20,32,59.0,1,1,0.625,11.8
Potato,Clay Soil,Germination,21,33,56.0,1,1,0.6364,11.76
Potato,Clay Soil,Germination,22,34,53.0,1,1,0.6471,11.66
Potato,Clay Soil,Germination,23,35,50.0,1,1,0.6571,11.5
Potato,Clay Soil,Germination,24,36,47.0,1,1,0.6667,11.28
Potato,Clay Soil,Germination,25,37,44.0,1,1,0.6757,11.0
Potato,Clay Soil,Germination,26,38,41.0,1,1,0.6842,10.66
Potato,Clay Soil,Germination,27,39,38.0,1,1,0.6923,10.26
Potato,Clay Soil,Germination,28,40,35.0,1,1,0.7,9.8
Potato,Clay Soil,Germination,29,41,32.0,1,1,0.7073,9.28
Potato,Clay Soil,Germination,30,42,29.0,1,1,0.7143,8.7
Potato,Clay Soil,Germination,31,43,26.0,1,1,0.7209,8.06
Potato,Clay Soil,Germination,32,44,23.0,1,1,0.7273,7.36
Potato,Clay Soil,Germination,33,45,20.0,1,1,0.7333,6.6
Potato,Clay Soil,Germination,34,46,17.0,1,1,0.7391,5.78
Potato,Clay Soil,Germination,35,25,80.0,1,1,1.4,28.0
Potato,Clay Soil,Germination,36,26,77.0,1,1,1.3846,27.72
Potato,Clay Soil,Germination,37,27,74.0,1,1,1.3704,27.38
Potato,Clay Soil,Germination,38,28,71.0,1,1,1.3571,26.98
Potato,Clay Soil,Germination,39,29,68.0,1,1,1.3448,26.52
Potato,Clay Soil,Germination,40,30,65.0,1,1,1.3333,26.0
Potato,Clay Soil,Germination,41,31,62.0,1,1,1.3226,25.42
Potato,Clay Soil,Germination,42,32,59.0,1,1,1.3125,24.78
Potato,Clay Soil,Germination,43,33,56.0,1,1,1.303,24.08
Potato,Clay Soil,Germination,44,34,53.0,1,1,1.2941,23.32
Potato,Clay Soil,Germination,45,35,50.0,1,1,1.2857,22.5
Potato,Clay Soil,Germination,46,36,47.0,1,1,1.2778,21.62
Potato,Clay Soil,Germination,47,37,44.0,1,1,1.2703,20.68
Potato,Clay Soil,Germination,48,38,41.0,1,1,1.2632,19.68
Potato,Clay Soil,Germination,49,39,38.0,1,1,1.2564,18.62
Potato,Clay Soil,Germination,50,40,35.0,1,1,1.25,17.5
Potato,Clay Soil,Germination,51,41,32.0,1,1,1.2439,16.32
Potato,Clay Soil,Germination,52,42,29.0,1,1,1.2381,15.08
Potato,Clay Soil,Germination,53,43,26.0,1,1,1.2326,13.78
Potato,Clay Soil,Germination,54,44,23.0,1,1,1.2273,12.42
Potato,Clay Soil,Germination,55,45,20.0,1,1,1.2222,11.0
Potato,Clay Soil,Germination,56,46,17.0,1,1,1.2174,9.52
Potato,Clay Soil,Germination,57,25,80.0,1,1,2.28,45.6
Potato,Clay Soil,Germination,58,26,77.0,1,1,2.2308,44.66
Potato,Clay Soil,Germination,59,27,74.0,1,1,2.1852,43.66
Potato,Clay Soil,Germination,60,28,71.0,1,1,2.1429,42.6
Potato,Clay Soil,Germination,61,29,68.0,1,1,2.1034,41.48
Potato,Clay Soil,Germination,62,30,65.0,1,1,2.0667,40.3
Potato,Clay Soil,Germination,63,31,62.0,1,1,2.0323,39.06
Potato,Clay Soil,Germination,64,32,59.0,1,1,2.0,37.76
Potato,Clay Soil,Germination,65,33,56.0,1,1,1.9697,36.4
Potato,Clay Soil,Germination,66,34,53.0,1,1,1.9412,34.98
Potato,Clay Soil,Germination,67,35,50.0,1,1,1.9143,33.5
Potato,Clay Soil,Germination,68,36,47.0,1,1,1.8889,31.96
Potato,Clay Soil,Germination,69,37,44.0,1,1,1.8649,30.36
Potato,Clay Soil,Germination,81,27,74.0,0,1,3.0,59.94
Potato,Clay Soil,Germination,82,28,71.0,0,1,2.9286,58.22
Potato,Clay Soil,Germination,83,29,68.0,0,1,2.8621,56.44
Potato,Clay Soil,Germination,84,30,65.0,0,1,2.8,54.6
Potato,Clay Soil,Germination,85,31,62.0,0,1,2.7419,52.7
Potato,Clay Soil,Germination,86,32,59.0,0,1,2.6875,50.74
Potato,Clay Soil,Germination,87,33,56.0,0,1,2.6364,48.72
Potato,Clay Soil,Germination,88,34,53.0,0,1,2.5882,46.64
Potato,Clay Soil,Germination,89,35,50.0,0,1,2.5429,44.5
Potato,Clay Soil,Germination,90,36,47.0,0,1,2.5,42.3
Potato,Clay Soil,Germination,91,37,44.0,0,1,2.4595,40.04
Potato,Clay Soil,Germination,92,38,41.0,0,1,2.4211,37.72
Potato,Clay Soil,Germination,93,39,38.0,0,1,2.3846,35.34
Potato,Clay Soil,Germination,94,40,35.0,0,1,2.35,32.9
Potato,Clay Soil,Germination,95,41,32.0,0,1,2.3171,30.4
Potato,Clay Soil,Germination,96,42,29.0,0,1,2.2857,27.84
Potato,Clay Soil,Germination,97,43,26.0,0,1,2.2558,25.22
Potato,Clay Soil,Germination,98,44,23.0,0,1,2.2273,22.54
Potato,Clay Soil,Germination,99,45,20.0,0,1,2.2,19.8
Potato,Clay Soil,Germination,100,46,17.0,0,1,2.1739,17.0
Potato,Clay Soil,Seedling Stage,1,25,80.0,1,2,0.04,0.8
Potato,Clay Soil,Seedling Stage,2,26,77.0,1,2,0.0769,1.54
Potato,Clay Soil,Seedling Stage,3,27,74.0,1,2,0.1111,2.22
Potato,Clay Soil,Seedling Stage,4,28,71.0,1,2,0.1429,2.84
Potato,Clay Soil,Seedling Stage,5,29,68.0,1,2,0.1724,3.4
Potato,Clay Soil,Seedling Stage,6,30,65.0,1,2,0.2,3.9
Potato,Clay Soil,Seedling Stage,7,31,62.0,1,2,0.2258,4.34
Potato,Clay Soil,Seedling Stage,8,32,59.0,1,2,0.25,4.72
Potato,Clay Soil,Seedling Stage,9,33,56.0,1,2,0.2727,5.04
Potato,Clay Soil,Seedling Stage,10,34,53.0,1,2,0.2941,5.3
Potato,Clay Soil,Seedling Stage,11,35,50.0,1,2,0.3143,5.5
Potato,Clay Soil,Seedling Stage,12,36,47.0,1,2,0.3333,5.64
Potato,Clay Soil,Seedling Stage,13,37,44.0,1,2,0.3514,5.72
Potato,Clay Soil,Seedling Stage,14,38,41.0,1,2,0.3684,5.74
Potato,Clay Soil,Seedling Stage,15,39,38.0,1,2,0.3846,5.7
Potato,Clay Soil,Seedling Stage,16,40,35.0,1,2,0.4,5.6
Potato,Clay Soil,Seedling Stage,17,41,32.0,1,2,0.4146,5.44
Potato,Clay Soil,Seedling Stage,18,42,29.0,1,2,0.4286,5.22
Potato,Clay Soil,Seedling Stage,19,43,26.0,1,2,0.4419,4.94
Potato,Clay Soil,Seedling Stage,20,44,23.0,1,2,0.4545,4.6
Potato,Clay Soil,Seedling Stage,21,45,20.0,1,2,0.4667,4.2
Potato,Clay Soil,Seedling Stage,22,46,17.0,1,2,0.4783,3.74
Potato,Clay Soil,Seedling Stage,23,25,80.0,1,2,0.92,18.4
Potato,Clay Soil,Seedling Stage,24,26,77.0,1,2,0.9231,18.48
Potato,Clay Soil,Seedling Stage,25,27,74.0,1,2,0.9259,18.5
Potato,Clay Soil,Seedling Stage,26,28,71.0,1,2,0.9286,18.46
Potato,Clay Soil,Seedling Stage,27,29,68.0,1,2,0.931,18.36
Potato,Clay Soil,Seedling Stage,28,30,65.0,1,2,0.9333,18.2
Potato,Clay Soil,Seedling Stage,29,31,62.0,1,2,0.9355,17.98
Potato,Clay Soil,Seedling Stage,30,32,59.0,1,2,0.9375,17.7
Potato,Clay Soil,Seedling Stage,31,33,56.0,1,2,0.9394,17.36
Potato,Clay Soil,Seedling Stage,32,34,53.0,1,2,0.9412,16.96
Potato,Clay Soil,Seedling Stage,33,35,50.0,1,2,0.9429,16.5
Potato,Clay Soil,Seedling Stage,34,36,47.0,1,2,0.9444,15.98
Potato,Clay Soil,Seedling Stage,35,37,44.0,1,2,0.9459,15.4
Potato,Clay Soil,Seedling Stage,36,38,41.0,1,2,0.9474,14.76
Potato,Clay Soil,Seedling Stage,37,39,38.0,1,2,0.9487,14.06
Potato,Clay Soil,Seedling Stage,38,40,35.0,1,2,0.95,13.3
Potato,Clay Soil,Seedling Stage,39,41,32.0,1,2,0.9512,12.48
Potato,Clay Soil,Seedling Stage,40,42,29.0,1,2,0.9524,11.6
Potato,Clay Soil,Seedling Stage,41,43,26.0,1,2,0.9535,10.66
Potato,Clay Soil,Seedling Stage,42,44,23.0,1,2,0.9545,9.66
Potato,Clay Soil,Seedling Stage,43,45,20.0,1,2,0.9556,8.6
Potato,Clay Soil,Seedling Stage,44,46,17.0,1,2,0.9565,7.48
Potato,Clay Soil,Seedling Stage,45,25,80.0,1,2,1.8,36.0
Potato,Clay Soil,Seedling Stage,46,26,77.0,1,2,1.7692,35.42
Potato,Clay Soil,Seedling Stage,47,27,74.0,1,2,1.7407,34.78
Potato,Clay Soil,Seedling Stage,48,28,71.0,1,2,1.7143,34.08
Potato,Clay Soil,Seedling Stage,49,29,68.0,1,2,1.6897,33.32
Potato,Clay Soil,Seedling Stage,50,30,65.0,1,2,1.6667,32.5
Potato,Clay Soil,Seedling Stage,51,31,62.0,1,2,1.6452,31.62
Potato,Clay Soil,Seedling Stage,52,32,59.0,1,2,1.625,30.68
Potato,Clay Soil,Seedling Stage,53,33,56.0,1,2,1.6061,29.68
Potato,Clay Soil,Seedling Stage,54,34,53.0,1,2,1.5882,28.62
Potato,Clay Soil,Seedling Stage,55,35,50.0,1,2,1.5714,27.5
Potato,Clay Soil,Seedling Stage,56,36,47.0,1,2,1.5556,26.32
Potato,Clay Soil,Seedling Stage,57,37,44.0,1,2,1.5405,25.08
Potato,Clay Soil,Seedling Stage,58,38,41.0,1,2,1.5263,23.78
Potato,Clay Soil,Seedling Stage,59,39,38.0,1,2,1.5128,22.42
Potato,Clay Soil,Seedling Stage,71,29,68.0,0,2,2.4483,48.28
Potato,Clay Soil,Seedling Stage,72,30,65.0,0,2,2.4,46.8
Potato,Clay Soil,Seedling Stage,73,31,62.0,0,2,2.3548,45.26
Potato,Clay Soil,Seedling Stage,74,32,59.0,0,2,2.3125,43.66
Potato,Clay Soil,Seedling Stage,75,33,56.0,0,2,2.2727,42.0
Potato,Clay Soil,Seedling Stage,76,34,53.0,0,2,2.2353,40.28
Potato,Clay Soil,Seedling Stage,77,35,50.0,0,2,2.2,38.5
Potato,Clay Soil,Seedling Stage,78,36,47.0,0,2,2.1667,36.66
Potato,Clay Soil,Seedling Stage,79,37,44.0,0,2,2.1351,34.76
Potato,Clay Soil,Seedling Stage,80,38,41.0,0,2,2.1053,32.8
Potato,Clay Soil,Seedling Stage,81,39,38.0,0,2,2.0769,30.78
Potato,Clay Soil,Seedling Stage,82,40,35.0,0,2,2.05,28.7
Potato,Clay Soil,Seedling Stage,83,41,32.0,0,2,2.0244,26.56
Potato,Clay Soil,Seedling Stage,84,42,29.0,0,2,2.0,24.36
Potato,Clay Soil,Seedling Stage,85,43,26.0,0,2,1.9767,22.1
Potato,Clay Soil,Seedling Stage,86,44,23.0,0,2,1.9545,19.78
Potato,Clay Soil,Seedling Stage,87,45,20.0,0,2,1.9333,17.4
Potato,Clay Soil,Seedling Stage,88,46,17.0,0,2,1.913,14.96
Potato,Clay Soil,Seedling Stage,89,25,80.0,0,2,3.56,71.2
Potato,Clay Soil,Seedling Stage,90,26,77.0,0,2,3.4615,69.3
Potato,Clay Soil,Seedling Stage,91,27,74.0,0,2,3.3704,67.34
Potato,Clay Soil,Seedling Stage,92,28,71.0,0,2,3.2857,65.32
Potato,Clay Soil,Seedling Stage,93,29,68.0,0,2,3.2069,63.24
Potato,Clay Soil,Seedling Stage,94,30,65.0,0,2,3.1333,61.1
Potato,Clay Soil,Seedling Stage,95,31,62.0,0,2,3.0645,58.9
Potato,Clay Soil,Seedling Stage,96,32,59.0,0,2,3.0,56.64
Potato,Clay Soil,Seedling Stage,97,33,56.0,0,2,2.9394,54.32
Potato,Clay Soil,Seedling Stage,98,34,53.0,0,2,2.8824,51.94
Potato,Clay Soil,Seedling Stage,99,35,50.0,0,2,2.8286,49.5
Potato,Clay Soil,Seedling Stage,100,36,47.0,0,2,2.7778,47.0
Potato,Clay Soil,Vegetative Growth / Root or Tuber Development,1,37,44.0,1,3,0.027,0.44
Potato,Clay Soil,Vegetative Growth / Root or Tuber Development,2,38,41.0,1,3,0.0526,0.82
Potato,Clay Soil,Vegetative Growth / Root or Tuber Development,3,39,38.0,1,3,0.0769,1.14
Potato,Clay Soil,Vegetative Growth / Root or Tuber Development,4,40,35.0,1,3,0.1,1.4
Potato,Clay Soil,Vegetative Growth / Root or Tuber Development,5,41,32.0,1,3,0.122,1.6
Potato,Clay Soil,Vegetative Growth / Root or Tuber Development,6,42,29.0,1,3,0.1429,1.74
Potato,Clay Soil,Vegetative Growth / Root or Tuber Development,7,43,26.0,1,3,0.1628,1.82
Potato,Clay Soil,Vegetative Growth / Root or Tuber Development,8,44,23.0,1,3,0.1818,1.84
Potato,Clay Soil,Vegetative Growth / Root or Tuber Development,9,45,20.0,1,3,0.2,1.8
Potato,Clay Soil,Vegetative Growth / Root or Tuber Development,10,46,17.0,1,3,0.2174,1.7
Potato,Clay Soil,Vegetative Growth / Root or Tuber Development,11,25,80.0,1,3,0.44,8.8
Potato,Clay Soil,Vegetative Growth / Root or Tuber Development,12,26,77.0,1,3,0.4615,9.24
Potato,Clay Soil,Vegetative Growth / Root or Tuber Development,13,27,74.0,1,3,0.4815,9.62
Potato,Clay Soil,Vegetative Growth / Root or Tuber Development,14,28,71.0,1,3,0.5,9.94
Potato,Clay Soil,Vegetative Growth / Root or Tuber Development,15,29,68.0,1,3,0.5172,10.2
Potato,Clay Soil,Vegetative Growth / Root or Tuber Development,16,30,65.0,1,3,0.5333,10.4
Potato,Clay Soil,Vegetative Growth / Root or Tuber Development,17,31,62.0,1,3,0.5484,10.54
Potato,Clay Soil,Vegetative Growth / Root or Tuber Development,18,32,59.0,1,3,0.5625,10.62
Potato,Clay Soil,Vegetative Growth / Root or Tuber Development,19,33,56.0,1,3,0.5758,10.64
Potato,Clay Soil,Vegetative Growth / Root or Tuber Development,20,34,53.0,1,3,0.5882,10.6
Potato,Clay Soil,Vegetative Growth / Root or Tuber Development,21,35,50.0,1,3,0.6,10.5
Potato,Clay Soil,Vegetative Growth / Root or Tuber Development,22,36,47.0,1,3,0.6111,10.34
Potato,Clay Soil,Vegetative Growth / Root or Tuber Development,23,37,44.0,1,3,0.6216,10.12
Potato,Clay Soil,Vegetative Growth / Root or Tuber Development,24,38,41.0,1,3,0.6316,9.84
Potato,Clay Soil,Vegetative Growth / Root or Tuber Development,25,39,38.0,1,3,0.641,9.5
Potato,Clay Soil,Vegetative Growth / Root or Tuber Development,26,40,35.0,1,3,0.65,9.1
Potato,Clay Soil,Vegetative Growth / Root or Tuber Development,27,41,32.0,1,3,0.6585,8.64
Potato,Clay Soil,Vegetative Growth / Root or Tuber Development,28,42,29.0,1,3,0.6667,8.12
Potato,Clay Soil,Vegetative Growth / Root or Tuber Development,29,43,26.0,1,3,0.6744,7.54
Potato,Clay Soil,Vegetative Growth / Root or Tuber Development,30,44,23.0,1,3,0.6818,6.9
Potato,Clay Soil,Vegetative Growth / Root or Tuber Development,31,45,20.0,1,3,0.6889,6.2
Potato,Clay Soil,Vegetative Growth / Root or Tuber Development,32,46,17.0,1,3,0.6957,5.44
Potato,Clay Soil,Vegetative Growth / Root or Tuber Development,33,25,80.0,1,3,1.32,26.4
Potato,Clay Soil,Vegetative Growth / Root or Tuber Development,34,26,77.0,1,3,1.3077,26.18
Potato,Clay Soil,Vegetative Growth / Root or Tuber Development,35,27,74.0,1,3,1.2963,25.9
Potato,Clay Soil,Vegetative Growth / Root or Tuber Development,36,28,71.0,1,3,1.2857,25.56
Potato,Clay Soil,Vegetative Growth / Root or Tuber Development,37,29,68.0,1,3,1.2759,25.16
Potato,Clay Soil,Vegetative Growth / Root or Tuber Development,38,30,65.0,1,3,1.2667,24.7
Potato,Clay Soil,Vegetative Growth / Root or Tuber Development,39,31,62.0,1,3,1.2581,24.18
Potato,Clay Soil,Vegetative Growth / Root or Tuber Development,40,32,59.0,1,3,1.25,23.6
Potato,Clay Soil,Vegetative Growth / Root or Tuber Development,41,33,56.0,1,3,1.2424,22.96
Potato,Clay Soil,Vegetative Growth / Root or Tuber Development,42,34,53.0,1,3,1.2353,22.26
Potato,Clay Soil,Vegetative Growth / Root or Tuber Development,43,35,50.0,1,3,1.2286,21.5
Potato,Clay Soil,Vegetative Growth / Root or Tuber Development,44,36,47.0,1,3,1.2222,20.68
Potato,Clay Soil,Vegetative Growth / Root or Tuber Development,45,37,44.0,1,3,1.2162,19.8
Potato,Clay Soil,Vegetative Growth / Root or Tuber Development,46,38,41.0,1,3,1.2105,18.86
Potato,Clay Soil,Vegetative Growth / Root or Tuber Development,47,39,38.0,1,3,1.2051,17.86
Potato,Clay Soil,Vegetative Growth / Root or Tuber Development,48,40,35.0,1,3,1.2,16.8
Potato,Clay Soil,Vegetative Growth / Root or Tuber Development,49,41,32.0,1,3,1.1951,15.68
Potato,Clay Soil,Vegetative Growth / Root or Tuber Development,50,42,29.0,1,3,1.1905,14.5
Potato,Clay Soil,Vegetative Growth / Root or Tuber Development,51,43,26.0,1,3,1.186,13.26
Potato,Clay Soil,Vegetative Growth / Root or Tuber Development,52,44,23.0,1,3,1.1818,11.96
Potato,Clay Soil,Vegetative Growth / Root or Tuber Development,53,45,20.0,1,3,1.1778,10.6
Potato,Clay Soil,Vegetative Growth / Root or Tuber Development,54,46,17.0,1,3,1.1739,9.18
Potato,Clay Soil,Vegetative Growth / Root or Tuber Development,55,25,80.0,1,3,2.2,44.0
Potato,Clay Soil,Vegetative Growth / Root or Tuber Development,56,26,77.0,1,3,2.1538,43.12
Potato,Clay Soil,Vegetative Growth / Root or Tuber Development,57,27,74.0,1,3,2.1111,42.18
Potato,Clay Soil,Vegetative Growth / Root or Tuber Development,58,28,71.0,1,3,2.0714,41.18
Potato,Clay Soil,Vegetative Growth / Root or Tuber Development,59,29,68.0,1,3,2.0345,40.12
Potato,Clay Soil,Vegetative Growth / Root or Tuber Development,71,41,32.0,0,3,1.7317,22.72
Potato,Clay Soil,Vegetative Growth / Root or Tuber Development,72,42,29.0,0,3,1.7143,20.88
Potato,Clay Soil,Vegetative Growth / Root or Tuber Development,73,43,26.0,0,3,1.6977,18.98
Potato,Clay Soil,Vegetative Growth / Root or Tuber Development,74,44,23.0,0,3,1.6818,17.02
Potato,Clay Soil,Vegetative Growth / Root or Tuber Development,75,45,20.0,0,3,1.6667,15.0
Potato,Clay Soil,Vegetative Growth / Root or Tuber Development,76,46,17.0,0,3,1.6522,12.92
Potato,Clay Soil,Vegetative Growth / Root or Tuber Development,77,25,80.0,0,3,3.08,61.6
Potato,Clay Soil,Vegetative Growth / Root or Tuber Development,78,26,77.0,0,3,3.0,60.06
Potato,Clay Soil,Vegetative Growth / Root or Tuber Development,79,27,74.0,0,3,2.9259,58.46
Potato,Clay Soil,Vegetative Growth / Root or Tuber Development,80,28,71.0,0,3,2.8571,56.8
Potato,Clay Soil,Vegetative Growth / Root or Tuber Development,81,29,68.0,0,3,2.7931,55.08
Potato,Clay Soil,Vegetative Growth / Root or Tuber Development,82,30,65.0,0,3,2.7333,53.3
Potato,Clay Soil,Vegetative Growth / Root or Tuber Development,83,31,62.0,0,3,2.6774,51.46
Potato,Clay Soil,Vegetative Growth / Root or Tuber Development,84,32,59.0,0,3,2.625,49.56
Potato,Clay Soil,Vegetative Growth / Root or Tuber Development,85,33,56.0,0,3,2.5758,47.6
Potato,Clay Soil,Vegetative Growth / Root or Tuber Development,86,34,53.0,0,3,2.5294,45.58
Potato,Clay Soil,Vegetative Growth / Root or Tuber Development,87,35,50.0,0,3,2.4857,43.5
Potato,Clay Soil,Vegetative Growth / Root or Tuber Development,88,36,47.0,0,3,2.4444,41.36
Potato,Clay Soil,Vegetative Growth / Root or Tuber Development,89,37,44.0,0,3,2.4054,39.16
Potato,Clay Soil,Vegetative Growth / Root or Tuber Development,90,38,41.0,0,3,2.3684,36.9
Potato,Clay Soil,Vegetative Growth / Root or Tuber Development,91,39,38.0,0,3,2.3333,34.58
Potato,Clay Soil,Vegetative Growth / Root or Tuber Development,92,40,35.0,0,3,2.3,32.2
Potato,Clay Soil,Vegetative Growth / Root or Tuber Development,93,41,32.0,0,3,2.2683,29.76
Potato,Clay Soil,Vegetative Growth / Root or Tuber Development,94,42,29.0,0,3,2.2381,27.26
Potato,Clay Soil,Vegetative Growth / Root or Tuber Development,95,43,26.0,0,3,2.2093,24.7
Potato,Clay Soil,Vegetative Growth / Root or Tuber Development,96,44,23.0,0,3,2.1818,22.08
Potato,Clay Soil,Vegetative Growth / Root or Tuber Development,97,45,20.0,0,3,2.1556,19.4
Potato,Clay Soil,Vegetative Growth / Root or Tuber Development,98,46,17.0,0,3,2.1304,16.66
Potato,Clay Soil,Vegetative Growth / Root or Tuber Development,99,25,80.0,0,3,3.96,79.2
Potato,Clay Soil,Vegetative Growth / Root or Tuber Development,100,26,77.0,0,3,3.8462,77.0
Potato,Clay Soil,Flowering,1,27,74.0,1,4,0.037,0.74
Potato,Clay Soil,Flowering,2,28,71.0,1,4,0.0714,1.42
Potato,Clay Soil,Flowering,3,29,68.0,1,4,0.1034,2.04
Potato,Clay Soil,Flowering,4,30,65.0,1,4,0.1333,2.6
Potato,Clay Soil,Flowering,5,31,62.0,1,4,0.1613,3.1
Potato,Clay Soil,Flowering,6,32,59.0,1,4,0.1875,3.54
Potato,Clay Soil,Flowering,7,33,56.0,1,4,0.2121,3.92
Potato,Clay Soil,Flowering,8,34,53.0,1,4,0.2353,4.24
Potato,Clay Soil,Flowering,9,35,50.0,1,4,0.2571,4.5
Potato,Clay Soil,Flowering,10,36,47.0,1,4,0.2778,4.7
Potato,Clay Soil,Flowering,11,37,44.0,1,4,0.2973,4.84
Potato,Clay Soil,Flowering,12,38,41.0,1,4,0.3158,4.92
Potato,Clay Soil,Flowering,13,39,38.0,1,4,0.3333,4.94
Potato,Clay Soil,Flowering,14,40,35.0,1,4,0.35,4.9
Potato,Clay Soil,Flowering,15,41,32.0,1,4,0.3659,4.8
Potato,Clay Soil,Flowering,16,42,29.0,1,4,0.381,4.64
Potato,Clay Soil,Flowering,17,43,26.0,1,4,0.3953,4.42
Potato,Clay Soil,Flowering,18,44,23.0,1,4,0.4091,4.14
Potato,Clay Soil,Flowering,19,45,20.0,1,4,0.4222,3.8
Potato,Clay Soil,Flowering,20,46,17.0,1,4,0.4348,3.4
Potato,Clay Soil,Flowering,21,25,80.0,1,4,0.84,16.8
Potato,Clay Soil,Flowering,22,26,77.0,1,4,0.8462,16.94
Potato,Clay Soil,Flowering,23,27,74.0,1,4,0.8519,17.02
Potato,Clay Soil,Flowering,24,28,71.0,1,4,0.8571,17.04
Potato,Clay Soil,Flowering,25,29,68.0,1,4,0.8621,17.0
Potato,Clay Soil,Flowering,26,30,65.0,1,4,0.8667,16.9
Potato,Clay Soil,Flowering,27,31,62.0,1,4,0.871,16.74
Potato,Clay Soil,Flowering,28,32,59.0,1,4,0.875,16.52
Potato,Clay Soil,Flowering,29,33,56.0,1,4,0.8788,16.24
Potato,Clay Soil,Flowering,30,34,53.0,1,4,0.8824,15.9
Potato,Clay Soil,Flowering,31,35,50.0,1,4,0.8857,15.5
Potato,Clay Soil,Flowering,32,36,47.0,1,4,0.8889,15.04
Potato,Clay Soil,Flowering,33,37,44.0,1,4,0.8919,14.52
Potato,Clay Soil,Flowering,34,38,41.0,1,4,0.8947,13.94
Potato,Clay Soil,Flowering,35,39,38.0,1,4,0.8974,13.3
Potato,Clay Soil,Flowering,36,40,35.0,1,4,0.9,12.6
Potato,Clay Soil,Flowering,37,41,32.0,1,4,0.9024,11.84
Potato,Clay Soil,Flowering,38,42,29.0,1,4,0.9048,11.02
Potato,Clay Soil,Flowering,39,43,26.0,1,4,0.907,10.14
Potato,Clay Soil,Flowering,40,44,23.0,1,4,0.9091,9.2
Potato,Clay Soil,Flowering,41,45,20.0,1,4,0.9111,8.2
Potato,Clay Soil,Flowering,42,46,17.0,1,4,0.913,7.14
Potato,Clay Soil,Flowering,43,25,80.0,1,4,1.72,34.4
Potato,Clay Soil,Flowering,44,26,77.0,1,4,1.6923,33.88
Potato,Clay Soil,Flowering,45,27,74.0,1,4,1.6667,33.3
Potato,Clay Soil,Flowering,46,28,71.0,1,4,1.6429,32.66
Potato,Clay Soil,Flowering,47,29,68.0,1,4,1.6207,31.96
Potato,Clay Soil,Flowering,48,30,65.0,1,4,1.6,31.2
Potato,Clay Soil,Flowering,49,31,62.0,1,4,1.5806,30.38
Potato,Clay Soil,Flowering,61,43,26.0,0,4,1.4186,15.86
Potato,Clay Soil,Flowering,62,44,23.0,0,4,1.4091,14.26
Potato,Clay Soil,Flowering,63,45,20.0,0,4,1.4,12.6
Potato,Clay Soil,Flowering,64,46,17.0,0,4,1.3913,10.88
Potato,Clay Soil,Flowering,65,25,80.0,0,4,2.6,52.0
Potato,Clay Soil,Flowering,66,26,77.0,0,4,2.5385,50.82
Potato,Clay Soil,Flowering,67,27,74.0,0,4,2.4815,49.58
Potato,Clay Soil,Flowering,68,28,71.0,0,4,2.4286,48.28
Potato,Clay Soil,Flowering,69,29,68.0,0,4,2.3793,46.92
Potato,Clay Soil,Flowering,70,30,65.0,0,4,2.3333,45.5
Potato,Clay Soil,Flowering,71,31,62.0,0,4,2.2903,44.02
Potato,Clay Soil,Flowering,72,32,59.0,0,4,2.25,42.48
Potato,Clay Soil,Flowering,73,33,56.0,0,4,2.2121,40.88
Potato,Clay Soil,Flowering,74,34,53.0,0,4,2.1765,39.22
Potato,Clay Soil,Flowering,75,35,50.0,0,4,2.1429,37.5
Potato,Clay Soil,Flowering,76,36,47.0,0,4,2.1111,35.72
Potato,Clay Soil,Flowering,77,37,44.0,0,4,2.0811,33.88
Potato,Clay Soil,Flowering,78,38,41.0,0,4,2.0526,31.98
Potato,Clay Soil,Flowering,79,39,38.0,0,4,2.0256,30.02
Potato,Clay Soil,Flowering,80,40,35.0,0,4,2.0,28.0
Potato,Clay Soil,Flowering,81,41,32.0,0,4,1.9756,25.92
Potato,Clay Soil,Flowering,82,42,29.0,0,4,1.9524,23.78
Potato,Clay Soil,Flowering,83,43,26.0,0,4,1.9302,21.58
Potato,Clay Soil,Flowering,84,44,23.0,0,4,1.9091,19.32
Potato,Clay Soil,Flowering,85,45,20.0,0,4,1.8889,17.0
Potato,Clay Soil,Flowering,86,46,17.0,0,4,1.8696,14.62
Potato,Clay Soil,Flowering,87,25,80.0,0,4,3.48,69.6
Potato,Clay Soil,Flowering,88,26,77.0,0,4,3.3846,67.76
Potato,Clay Soil,Flowering,89,27,74.0,0,4,3.2963,65.86
Potato,Clay Soil,Flowering,90,28,71.0,0,4,3.2143,63.9
Potato,Clay Soil,Flowering,91,29,68.0,0,4,3.1379,61.88
Potato,Clay Soil,Flowering,92,30,65.0,0,4,3.0667,59.8
Potato,Clay Soil,Flowering,93,31,62.0,0,4,3.0,57.66
Potato,Clay Soil,Flowering,94,32,59.0,0,4,2.9375,55.46
Potato,Clay Soil,Flowering,95,33,56.0,0,4,2.8788,53.2
Potato,Clay Soil,Flowering,96,34,53.0,0,4,2.8235,50.88
Potato,Clay Soil,Flowering,97,35,50.0,0,4,2.7714,48.5
Potato,Clay Soil,Flowering,98,36,47.0,0,4,2.7222,46.06
Potato,Clay Soil,Flowering,99,37,44.0,0,4,2.6757,43.56
Potato,Clay Soil,Flowering,100,38,41.0,0,4,2.6316,41.0
Potato,Clay Soil,Pollination,1,39,38.0,1,5,0.0256,0.38
Potato,Clay Soil,Pollination,2,40,35.0,1,5,0.05,0.7
Potato,Clay Soil,Pollination,3,41,32.0,1,5,0.0732,0.96
Potato,Clay Soil,Pollination,4,42,29.0,1,5,0.0952,1.16
Potato,Clay Soil,Pollination,5,43,26.0,1,5,0.1163,1.3
Potato,Clay Soil,Pollination,6,44,23.0,1,5,0.1364,1.38
Potato,Clay Soil,Pollination,7,45,20.0,1,5,0.1556,1.4
Potato,Clay Soil,Pollination,8,46,17.0,1,5,0.1739,1.36
Potato,Clay Soil,Pollination,9,25,80.0,1,5,0.36,7.2
Potato,Clay Soil,Pollination,10,26,77.0,1,5,0.3846,7.7
Potato,Clay Soil,Pollination,11,27,74.0,1,5,0.4074,8.14
Potato,Clay Soil,Pollination,12,28,71.0,1,5,0.4286,8.52
Potato,Clay Soil,Pollination,13,29,68.0,1,5,0.4483,8.84
Potato,Clay Soil,Pollination,14,30,65.0,1,5,0.4667,9.1
Potato,Clay Soil,Pollination,15,31,62.0,1,5,0.4839,9.3
Potato,Clay Soil,Pollination,16,32,59.0,1,5,0.5,9.44
Potato,Clay Soil,Pollination,17,33,56.0,1,5,0.5152,9.52
Potato,Clay Soil,Pollination,18,34,53.0,1,5,0.5294,9.54
Potato,Clay Soil,Pollination,19,35,50.0,1,5,0.5429,9.5
Potato,Clay Soil,Pollination,20,36,47.0,1,5,0.5556,9.4
Potato,Clay Soil,Pollination,21,37,44.0,1,5,0.5676,9.24
Potato,Clay Soil,Pollination,22,38,41.0,1,5,0.5789,9.02
Potato,Clay Soil,Pollination,23,39,38.0,1,5,0.5897,8.74
Potato,Clay Soil,Pollination,24,40,35.0,1,5,0.6,8.4
Potato,Clay Soil,Pollination,25,41,32.0,1,5,0.6098,8.0
Potato,Clay Soil,Pollination,26,42,29.0,1,5,0.619,7.54
Potato,Clay Soil,Pollination,27,43,26.0,1,5,0.6279,7.02
Potato,Clay Soil,Pollination,28,44,23.0,1,5,0.6364,6.44
Potato,Clay Soil,Pollination,29,45,20.0,1,5,0.6444,5.8
Potato,Clay Soil,Pollination,30,46,17.0,1,5,0.6522,5.1
Potato,Clay Soil,Pollination,31,25,80.0,1,5,1.24,24.8
Potato,Clay Soil,Pollination,32,26,77.0,1,5,1.2308,24.64
Potato,Clay Soil,Pollination,33,27,74.0,1,5,1.2222,24.42
Potato,Clay Soil,Pollination,34,28,71.0,1,5,1.2143,24.14
Potato,Clay Soil,Pollination,35,29,68.0,1,5,1.2069,23.8
Potato,Clay Soil,Pollination,36,30,65.0,1,5,1.2,23.4
Potato,Clay Soil,Pollination,37,31,62.0,1,5,1.1935,22.94
Potato,Clay Soil,Pollination,38,32,59.0,1,5,1.1875,22.42
Potato,Clay Soil,Pollination,39,33,56.0,1,5,1.1818,21.84
Potato,Clay Soil,Pollination,51,45,20.0,0,5,1.1333,10.2
Potato,Clay Soil,Pollination,52,46,17.0,0,5,1.1304,8.84
Potato,Clay Soil,Pollination,53,25,80.0,0,5,2.12,42.4
Potato,Clay Soil,Pollination,54,26,77.0,0,5,2.0769,41.58
Potato,Clay Soil,Pollination,55,27,74.0,0,5,2.037,40.7
Potato,Clay Soil,Pollination,56,28,71.0,0,5,2.0,39.76
Potato,Clay Soil,Pollination,57,29,68.0,0,5,1.9655,38.76
Potato,Clay Soil,Pollination,58,30,65.0,0,5,1.9333,37.7
Potato,Clay Soil,Pollination,59,31,62.0,0,5,1.9032,36.58
Potato,Clay Soil,Pollination,60,32,59.0,0,5,1.875,35.4
Potato,Clay Soil,Pollination,61,33,56.0,0,5,1.8485,34.16
Potato,Clay Soil,Pollination,62,34,53.0,0,5,1.8235,32.86
Potato,Clay Soil,Pollination,63,35,50.0,0,5,1.8,31.5
Potato,Clay Soil,Pollination,64,36,47.0,0,5,1.7778,30.08
Potato,Clay Soil,Pollination,65,37,44.0,0,5,1.7568,28.6
Potato,Clay Soil,Pollination,66,38,41.0,0,5,1.7368,27.06
Potato,Clay Soil,Pollination,67,39,38.0,0,5,1.7179,25.46
Potato,Clay Soil,Pollination,68,40,35.0,0,5,1.7,23.8
Potato,Clay Soil,Pollination,69,41,32.0,0,5,1.6829,22.08
Potato,Clay Soil,Pollination,70,42,29.0,0,5,1.6667,20.3
Potato,Clay Soil,Pollination,71,43,26.0,0,5,1.6512,18.46
Potato,Clay Soil,Pollination,72,44,23.0,0,5,1.6364,16.56
Potato,Clay Soil,Pollination,73,45,20.0,0,5,1.6222,14.6
Potato,Clay Soil,Pollination,74,46,17.0,0,5,1.6087,12.58
Potato,Clay Soil,Pollination,75,25,80.0,0,5,3.0,60.0
Potato,Clay Soil,Pollination,76,26,77.0,0,5,2.9231,58.52
Potato,Clay Soil,Pollination,77,27,74.0,0,5,2.8519,56.98
Potato,Clay Soil,Pollination,78,28,71.0,0,5,2.7857,55.38
Potato,Clay Soil,Pollination,79,29,68.0,0,5,2.7241,53.72
Potato,Clay Soil,Pollination,80,30,65.0,0,5,2.6667,52.0
Potato,Clay Soil,Pollination,81,31,62.0,0,5,2.6129,50.22
Potato,Clay Soil,Pollination,82,32,59.0,0,5,2.5625,48.38
Potato,Clay Soil,Pollination,83,33,56.0,0,5,2.5152,46.48
Potato,Clay Soil,Pollination,84,34,53.0,0,5,2.4706,44.52
Potato,Clay Soil,Pollination,85,35,50.0,0,5,2.4286,42.5
Potato,Clay Soil,Pollination,86,36,47.0,0,5,2.3889,40.42
Potato,Clay Soil,Pollination,87,37,44.0,0,5,2.3514,38.28
Potato,Clay Soil,Pollination,88,38,41.0,0,5,2.3158,36.08
Potato,Clay Soil,Pollination,89,39,38.0,0,5,2.2821,33.82
Potato,Clay Soil,Pollination,90,40,35.0,0,5,2.25,31.5
Potato,Clay Soil,Pollination,91,41,32.0,0,5,2.2195,29.12
Potato,Clay Soil,Pollination,92,42,29.0,0,5,2.1905,26.68
Potato,Clay Soil,Pollination,93,43,26.0,0,5,2.1628,24.18
Potato,Clay Soil,Pollination,94,44,23.0,0,5,2.1364,21.62
Potato,Clay Soil,Pollination,95,45,20.0,0,5,2.1111,19.0
Potato,Clay Soil,Pollination,96,46,17.0,0,5,2.087,16.32
Potato,Clay Soil,Pollination,97,25,80.0,0,5,3.88,77.6
Potato,Clay Soil,Pollination,98,26,77.0,0,5,3.7692,75.46
Potato,Clay Soil,Pollination,99,27,74.0,0,5,3.6667,73.26
Potato,Clay Soil,Pollination,100,28,71.0,0,5,3.5714,71.0
Potato,Sandy Soil,Germination,1,18,86.0,0,1,0.0556,0.86
Potato,Sandy Soil,Germination,2,17,87.0,0,1,0.1176,1.74
Potato,Sandy Soil,Germination,3,16,88.0,0,1,0.1875,2.64
Potato,Sandy Soil,Germination,4,15,89.0,0,1,0.2667,3.56
Potato,Sandy Soil,Germination,5,14,90.0,0,1,0.3571,4.5
Potato,Sandy Soil,Germination,6,13,91.0,0,1,0.4615,5.46
Potato,Sandy Soil,Germination,7,24,80.0,0,1,0.2917,5.6
Potato,Sandy Soil,Germination,8,23,81.0,0,1,0.3478,6.48
Potato,Sandy Soil,Germination,9,22,82.0,0,1,0.4091,7.38
Potato,Sandy Soil,Germination,10,21,83.0,0,1,0.4762,8.3
Potato,Sandy Soil,Germination,11,20,84.0,0,1,0.55,9.24
Potato,Sandy Soil,Germination,12,19,85.0,0,1,0.6316,10.2
Potato,Sandy Soil,Germination,13,18,86.0,0,1,0.7222,11.18
Potato,Sandy Soil,Germination,14,17,87.0,0,1,0.8235,12.18
Potato,Sandy Soil,Germination,15,16,88.0,0,1,0.9375,13.2
Potato,Sandy Soil,Germination,16,15,89.0,0,1,1.0667,14.24
Potato,Sandy Soil,Germination,17,14,90.0,0,1,1.2143,15.3
Potato,Sandy Soil,Germination,18,13,91.0,0,1,1.3846,16.38
Potato,Sandy Soil,Germination,19,24,80.0,0,1,0.7917,15.2
Potato,Sandy Soil,Germination,20,23,81.0,0,1,0.8696,16.2
Potato,Sandy Soil,Germination,21,22,82.0,0,1,0.9545,17.22
Potato,Sandy Soil,Germination,22,21,83.0,0,1,1.0476,18.26
Potato,Sandy Soil,Germination,23,20,84.0,0,1,1.15,19.32
Potato,Sandy Soil,Germination,24,19,85.0,0,1,1.2632,20.4
Potato,Sandy Soil,Germination,25,18,86.0,0,1,1.3889,21.5
Potato,Sandy Soil,Germination,26,17,87.0,0,1,1.5294,22.62
Potato,Sandy Soil,Germination,27,16,88.0,0,1,1.6875,23.76
Potato,Sandy Soil,Germination,28,15,89.0,0,1,1.8667,24.92
Potato,Sandy Soil,Germination,29,14,90.0,0,1,2.0714,26.1
Potato,Sandy Soil,Germination,30,13,91.0,0,1,2.3077,27.3
Potato,Sandy Soil,Germination,31,24,80.0,0,1,1.2917,24.8
Potato,Sandy Soil,Germination,32,23,81.0,0,1,1.3913,25.92
Potato,Sandy Soil,Germination,33,22,82.0,0,1,1.5,27.06
Potato,Sandy Soil,Germination,34,21,83.0,0,1,1.619,28.22
Potato,Sandy Soil,Germination,35,20,84.0,0,1,1.75,29.4
Potato,Sandy Soil,Germination,36,19,85.0,0,1,1.8947,30.6
Potato,Sandy Soil,Germination,37,18,86.0,0,1,2.0556,31.82
Potato,Sandy Soil,Germination,38,17,87.0,0,1,2.2353,33.06
Potato,Sandy Soil,Germination,39,16,88.0,0,1,2.4375,34.32
Potato,Sandy Soil,Germination,40,15,89.0,0,1,2.6667,35.6
Potato,Sandy Soil,Germination,41,14,90.0,0,1,2.9286,36.9
Potato,Sandy Soil,Germination,42,24,80.0,0,1,1.75,33.6
Potato,Sandy Soil,Germination,43,23,81.0,0,1,1.8696,34.83
Potato,Sandy Soil,Germination,44,22,82.0,0,1,2.0,36.08
Potato,Sandy Soil,Germination,45,21,83.0,0,1,2.1429,37.35
Potato,Sandy Soil,Germination,46,20,84.0,0,1,2.3,38.64
Potato,Sandy Soil,Germination,47,19,85.0,0,1,2.4737,39.95
Potato,Sandy Soil,Germination,48,18,86.0,0,1,2.6667,41.28
Potato,Sandy Soil,Germination,49,17,87.0,0,1,2.8824,42.63
Potato,Sandy Soil,Germination,50,16,88.0,0,1,3.125,44.0
Potato,Sandy Soil,Germination,51,15,89.0,0,1,3.4,45.39
Potato,Sandy Soil,Germination,52,14,90.0,0,1,3.7143,46.8
Potato,Sandy Soil,Germination,53,13,91.0,0,1,4.0769,48.23
Potato,Sandy Soil,Germination,54,24,80.0,0,1,2.25,43.2
Potato,Sandy Soil,Germination,55,23,81.0,0,1,2.3913,44.55
Potato,Sandy Soil,Germination,56,22,82.0,0,1,2.5455,45.92
Potato,Sandy Soil,Germination,57,21,83.0,0,1,2.7143,47.31
Potato,Sandy Soil,Germination,58,20,84.0,0,1,2.9,48.72
Potato,Sandy Soil,Germination,59,19,85.0,0,1,3.1053,50.15
Potato,Sandy Soil,Germination,60,18,86.0,0,1,3.3333,51.6
Potato,Sandy Soil,Germination,61,17,87.0,0,1,3.5882,53.07
Potato,Sandy Soil,Germination,62,16,88.0,0,1,3.875,54.56
Potato,Sandy Soil,Germination,63,15,89.0,0,1,4.2,56.07
Potato,Sandy Soil,Germination,64,14,90.0,0,1,4.5714,57.6
Potato,Sandy Soil,Germination,65,13,91.0,0,1,5.0,59.15
Potato,Sandy Soil,Germination,66,24,80.0,0,1,2.75,52.8
Potato,Sandy Soil,Germination,67,23,81.0,0,1,2.913,54.27
Potato,Sandy Soil,Germination,68,22,82.0,0,1,3.0909,55.76
Potato,Sandy Soil,Germination,69,21,83.0,0,1,3.2857,57.27
Potato,Sandy Soil,Germination,70,24,80.0,0,1,2.9167,56.0
Potato,Sandy Soil,Germination,71,23,81.0,0,1,3.087,57.51
Potato,Sandy Soil,Germination,72,22,82.0,0,1,3.2727,59.04
Potato,Sandy Soil,Germination,73,21,83.0,0,1,3.4762,60.59
Potato,Sandy Soil,Germination,74,20,84.0,0,1,3.7,62.16
Potato,Sandy Soil,Germination,75,19,85.0,0,1,3.9474,63.75
Potato,Sandy Soil,Germination,76,18,86.0,0,1,4.2222,65.36
Potato,Sandy Soil,Germination,77,17,87.0,0,1,4.5294,66.99
Potato,Sandy Soil,Germination,78,16,88.0,0,1,4.875,68.64
Potato,Sandy Soil,Germination,79,15,89.0,0,1,5.2667,70.31
Potato,Sandy Soil,Seedling Stage,1,18,86.0,0,2,0.0556,0.86
Potato,Sandy Soil,Seedling Stage,2,17,87.0,0,2,0.1176,1.74
Potato,Sandy Soil,Seedling Stage,3,16,88.0,0,2,0.1875,2.64
Potato,Sandy Soil,Seedling Stage,4,15,89.0,0,2,0.2667,3.56
Potato,Sandy Soil,Seedling Stage,5,14,90.0,0,2,0.3571,4.5
Potato,Sandy Soil,Seedling Stage,6,13,91.0,0,2,0.4615,5.46
Potato,Sandy Soil,Seedling Stage,7,24,80.0,0,2,0.2917,5.6
Potato,Sandy Soil,Seedling Stage,8,23,81.0,0,2,0.3478,6.48
Potato,Sandy Soil,Seedling Stage,9,22,82.0,0,2,0.4091,7.38
Potato,Sandy Soil,Seedling Stage,10,21,83.0,0,2,0.4762,8.3
Potato,Sandy Soil,Seedling Stage,11,20,84.0,0,2,0.55,9.24
Potato,Sandy Soil,Seedling Stage,12,19,85.0,0,2,0.6316,10.2
Potato,Sandy Soil,Seedling Stage,13,18,86.0,0,2,0.7222,11.18
Potato,Sandy Soil,Seedling Stage,14,17,87.0,0,2,0.8235,12.18
Potato,Sandy Soil,Seedling Stage,15,16,88.0,0,2,0.9375,13.2
Potato,Sandy Soil,Seedling Stage,16,15,89.0,0,2,1.0667,14.24
Potato,Sandy Soil,Seedling Stage,17,14,90.0,0,2,1.2143,15.3
Potato,Sandy Soil,Seedling Stage,18,13,91.0,0,2,1.3846,16.38
Potato,Sandy Soil,Seedling Stage,19,24,80.0,0,2,0.7917,15.2
Potato,Sandy Soil,Seedling Stage,20,23,81.0,0,2,0.8696,16.2
Potato,Sandy Soil,Seedling Stage,21,22,82.0,0,2,0.9545,17.22
Potato,Sandy Soil,Seedling Stage,22,21,83.0,0,2,1.0476,18.26
Potato,Sandy Soil,Seedling Stage,23,20,84.0,0,2,1.15,19.32
Potato,Sandy Soil,Seedling Stage,24,19,85.0,0,2,1.2632,20.4
Potato,Sandy Soil,Seedling Stage,25,18,86.0,0,2,1.3889,21.5
Potato,Sandy Soil,Seedling Stage,26,17,87.0,0,2,1.5294,22.62
Potato,Sandy Soil,Seedling Stage,27,16,88.0,0,2,1.6875,23.76
Potato,Sandy Soil,Seedling Stage,28,15,89.0,0,2,1.8667,24.92
Potato,Sandy Soil,Seedling Stage,29,14,90.0,0,2,2.0714,26.1
Potato,Sandy Soil,Seedling Stage,30,13,91.0,0,2,2.3077,27.3
Potato,Sandy Soil,Seedling Stage,31,24,80.0,0,2,1.2917,24.8
Potato,Sandy Soil,Seedling Stage,32,23,81.0,0,2,1.3913,25.92
Potato,Sandy Soil,Seedling Stage,33,22,82.0,0,2,1.5,27.06
Potato,Sandy Soil,Seedling Stage,34,21,83.0,0,2,1.619,28.22
Potato,Sandy Soil,Seedling Stage,35,20,84.0,0,2,1.75,29.4
Potato,Sandy Soil,Seedling Stage,36,19,85.0,0,2,1.8947,30.6
Potato,Sandy Soil,Seedling Stage,37,18,86.0,0,2,2.0556,31.82
Potato,Sandy Soil,Seedling Stage,38,17,87.0,0,2,2.2353,33.06
Potato,Sandy Soil,Seedling Stage,39,16,88.0,0,2,2.4375,34.32
Potato,Sandy Soil,Seedling Stage,40,15,89.0,0,2,2.6667,35.6
Potato,Sandy Soil,Seedling Stage,41,14,90.0,0,2,2.9286,36.9
Potato,Sandy Soil,Seedling Stage,42,24,80.0,0,2,1.75,33.6
Potato,Sandy Soil,Seedling Stage,43,23,81.0,0,2,1.8696,34.83
Potato,Sandy Soil,Seedling Stage,44,22,82.0,0,2,2.0,36.08
Potato,Sandy Soil,Seedling Stage,45,21,83.0,0,2,2.1429,37.35
Potato,Sandy Soil,Seedling Stage,46,20,84.0,0,2,2.3,38.64
Potato,Sandy Soil,Seedling Stage,47,19,85.0,0,2,2.4737,39.95
Potato,Sandy Soil,Seedling Stage,48,18,86.0,0,2,2.6667,41.28
Potato,Sandy Soil,Seedling Stage,49,17,87.0,0,2,2.8824,42.63
Potato,Sandy Soil,Seedling Stage,50,16,88.0,0,2,3.125,44.0
Potato,Sandy Soil,Seedling Stage,51,15,89.0,0,2,3.4,45.39
Potato,Sandy Soil,Seedling Stage,52,14,90.0,0,2,3.7143,46.8
Potato,Sandy Soil,Seedling Stage,53,13,91.0,0,2,4.0769,48.23
Potato,Sandy Soil,Seedling Stage,54,24,80.0,0,2,2.25,43.2
Potato,Sandy Soil,Seedling Stage,55,23,81.0,0,2,2.3913,44.55
Potato,Sandy Soil,Seedling Stage,56,22,82.0,0,2,2.5455,45.92
Potato,Sandy Soil,Seedling Stage,57,21,83.0,0,2,2.7143,47.31
Potato,Sandy Soil,Seedling Stage,58,20,84.0,0,2,2.9,48.72
Potato,Sandy Soil,Seedling Stage,59,19,85.0,0,2,3.1053,50.15
Potato,Sandy Soil,Seedling Stage,60,18,86.0,0,2,3.3333,51.6
Potato,Sandy Soil,Seedling Stage,61,17,87.0,0,2,3.5882,53.07
Potato,Sandy Soil,Seedling Stage,62,16,88.0,0,2,3.875,54.56
Potato,Sandy Soil,Seedling Stage,63,15,89.0,0,2,4.2,56.07
Potato,Sandy Soil,Seedling Stage,64,14,90.0,0,2,4.5714,57.6
Potato,Sandy Soil,Seedling Stage,65,13,91.0,0,2,5.0,59.15
Potato,Sandy Soil,Seedling Stage,66,24,80.0,0,2,2.75,52.8
Potato,Sandy Soil,Seedling Stage,67,23,81.0,0,2,2.913,54.27
Potato,Sandy Soil,Seedling Stage,68,22,82.0,0,2,3.0909,55.76
Potato,Sandy Soil,Seedling Stage,69,21,83.0,0,2,3.2857,57.27
Potato,Sandy Soil,Vegetative Growth / Root or Tuber Development,1,18,86.0,0,3,0.0556,0.86
Potato,Sandy Soil,Vegetative Growth / Root or Tuber Development,2,17,87.0,0,3,0.1176,1.74
Potato,Sandy Soil,Vegetative Growth / Root or Tuber Development,3,16,88.0,0,3,0.1875,2.64
Potato,Sandy Soil,Vegetative Growth / Root or Tuber Development,4,15,89.0,0,3,0.2667,3.56
Potato,Sandy Soil,Vegetative Growth / Root or Tuber Development,5,14,90.0,0,3,0.3571,4.5
Potato,Sandy Soil,Vegetative Growth / Root or Tuber Development,6,13,91.0,0,3,0.4615,5.46
Potato,Sandy Soil,Vegetative Growth / Root or Tuber Development,7,24,80.0,0,3,0.2917,5.6
Potato,Sandy Soil,Vegetative Growth / Root or Tuber Development,8,23,81.0,0,3,0.3478,6.48
Potato,Sandy Soil,Vegetative Growth / Root or Tuber Development,9,22,82.0,0,3,0.4091,7.38
Potato,Sandy Soil,Vegetative Growth / Root or Tuber Development,10,21,83.0,0,3,0.4762,8.3
Potato,Sandy Soil,Vegetative Growth / Root or Tuber Development,11,20,84.0,0,3,0.55,9.24
Potato,Sandy Soil,Vegetative Growth / Root or Tuber Development,12,19,85.0,0,3,0.6316,10.2
Potato,Sandy Soil,Vegetative Growth / Root or Tuber Development,13,18,86.0,0,3,0.7222,11.18
Potato,Sandy Soil,Vegetative Growth / Root or Tuber Development,14,17,87.0,0,3,0.8235,12.18
Potato,Sandy Soil,Vegetative Growth / Root or Tuber Development,15,16,88.0,0,3,0.9375,13.2
Potato,Sandy Soil,Vegetative Growth / Root or Tuber Development,16,15,89.0,0,3,1.0667,14.24
Potato,Sandy Soil,Vegetative Growth / Root or Tuber Development,17,14,90.0,0,3,1.2143,15.3
Potato,Sandy Soil,Vegetative Growth / Root or Tuber Development,18,13,91.0,0,3,1.3846,16.38
Potato,Sandy Soil,Vegetative Growth / Root or Tuber Development,19,24,80.0,0,3,0.7917,15.2
Potato,Sandy Soil,Vegetative Growth / Root or Tuber Development,20,23,81.0,0,3,0.8696,16.2
Potato,Sandy Soil,Vegetative Growth / Root or Tuber Development,21,22,82.0,0,3,0.9545,17.22
Potato,Sandy Soil,Vegetative Growth / Root or Tuber Development,22,21,83.0,0,3,1.0476,18.26
Potato,Sandy Soil,Vegetative Growth / Root or Tuber Development,23,20,84.0,0,3,1.15,19.32
Potato,Sandy Soil,Vegetative Growth / Root or Tuber Development,24,19,85.0,0,3,1.2632,20.4
Potato,Sandy Soil,Vegetative Growth / Root or Tuber Development,25,18,86.0,0,3,1.3889,21.5
Potato,Sandy Soil,Vegetative Growth / Root or Tuber Development,26,17,87.0,0,3,1.5294,22.62
Potato,Sandy Soil,Vegetative Growth / Root or Tuber Development,27,16,88.0,0,3,1.6875,23.76
Potato,Sandy Soil,Vegetative Growth / Root or Tuber Development,28,15,89.0,0,3,1.8667,24.92
Potato,Sandy Soil,Vegetative Growth / Root or Tuber Development,29,14,90.0,0,3,2.0714,26.1
Potato,Sandy Soil,Vegetative Growth / Root or Tuber Development,30,13,91.0,0,3,2.3077,27.3
Potato,Sandy Soil,Vegetative Growth / Root or Tuber Development,31,24,80.0,0,3,1.2917,24.8
Potato,Sandy Soil,Vegetative Growth / Root or Tuber Development,32,23,81.0,0,3,1.3913,25.92
Potato,Sandy Soil,Vegetative Growth / Root or Tuber Development,33,22,82.0,0,3,1.5,27.06
Potato,Sandy Soil,Vegetative Growth / Root or Tuber Development,34,21,83.0,0,3,1.619,28.22
Potato,Sandy Soil,Vegetative Growth / Root or Tuber Development,35,20,84.0,0,3,1.75,29.4
Potato,Sandy Soil,Vegetative Growth / Root or Tuber Development,36,19,85.0,0,3,1.8947,30.6
Potato,Sandy Soil,Vegetative Growth / Root or Tuber Development,37,18,86.0,0,3,2.0556,31.82
Potato,Sandy Soil,Vegetative Growth / Root or Tuber Development,38,17,87.0,0,3,2.2353,33.06
Potato,Sandy Soil,Vegetative Growth / Root or Tuber Development,39,16,88.0,0,3,2.4375,34.32
Potato,Sandy Soil,Vegetative Growth / Root or Tuber Development,40,15,89.0,0,3,2.6667,35.6
Potato,Sandy Soil,Vegetative Growth / Root or Tuber Development,41,14,90.0,0,3,2.9286,36.9
Potato,Sandy Soil,Vegetative Growth / Root or Tuber Development,42,24,80.0,0,3,1.75,33.6
Potato,Sandy Soil,Vegetative Growth / Root or Tuber Development,43,23,81.0,0,3,1.8696,34.83
Potato,Sandy Soil,Vegetative Growth / Root or Tuber Development,44,22,82.0,0,3,2.0,36.08
Potato,Sandy Soil,Vegetative Growth / Root or Tuber Development,45,21,83.0,0,3,2.1429,37.35
Potato,Sandy Soil,Vegetative Growth / Root or Tuber Development,46,20,84.0,0,3,2.3,38.64
Potato,Sandy Soil,Vegetative Growth / Root or Tuber Development,47,19,85.0,0,3,2.4737,39.95
Potato,Sandy Soil,Vegetative Growth / Root or Tuber Development,48,18,86.0,0,3,2.6667,41.28
Potato,Sandy Soil,Vegetative Growth / Root or Tuber Development,49,17,87.0,0,3,2.8824,42.63
Potato,Sandy Soil,Vegetative Growth / Root or Tuber Development,50,16,88.0,0,3,3.125,44.0
Potato,Sandy Soil,Vegetative Growth / Root or Tuber Development,51,15,89.0,0,3,3.4,45.39
Potato,Sandy Soil,Vegetative Growth / Root or Tuber Development,52,14,90.0,0,3,3.7143,46.8
Potato,Sandy Soil,Vegetative Growth / Root or Tuber Development,53,13,91.0,0,3,4.0769,48.23
Potato,Sandy Soil,Vegetative Growth / Root or Tuber Development,54,24,80.0,0,3,2.25,43.2
Potato,Sandy Soil,Vegetative Growth / Root or Tuber Development,55,23,81.0,0,3,2.3913,44.55
Potato,Sandy Soil,Vegetative Growth / Root or Tuber Development,56,22,82.0,0,3,2.5455,45.92
Potato,Sandy Soil,Vegetative Growth / Root or Tuber Development,57,21,83.0,0,3,2.7143,47.31
Potato,Sandy Soil,Vegetative Growth / Root or Tuber Development,58,20,84.0,0,3,2.9,48.72
Potato,Sandy Soil,Vegetative Growth / Root or Tuber Development,59,19,85.0,0,3,3.1053,50.15
Potato,Sandy Soil,Vegetative Growth / Root or Tuber Development,60,18,86.0,0,3,3.3333,51.6
Potato,Sandy Soil,Vegetative Growth / Root or Tuber Development,61,17,87.0,0,3,3.5882,53.07
Potato,Sandy Soil,Vegetative Growth / Root or Tuber Development,62,16,88.0,0,3,3.875,54.56
Potato,Sandy Soil,Vegetative Growth / Root or Tuber Development,63,15,89.0,0,3,4.2,56.07
Potato,Sandy Soil,Vegetative Growth / Root or Tuber Development,64,14,90.0,0,3,4.5714,57.6
Potato,Sandy Soil,Vegetative Growth / Root or Tuber Development,65,13,91.0,0,3,5.0,59.15
Potato,Sandy Soil,Vegetative Growth / Root or Tuber Development,66,24,80.0,0,3,2.75,52.8
Potato,Sandy Soil,Vegetative Growth / Root or Tuber Development,67,23,81.0,0,3,2.913,54.27
Potato,Sandy Soil,Vegetative Growth / Root or Tuber Development,68,22,82.0,0,3,3.0909,55.76
Potato,Sandy Soil,Vegetative Growth / Root or Tuber Development,69,21,83.0,0,3,3.2857,57.27
Potato,Sandy Soil,Flowering,1,18,86.0,0,4,0.0556,0.86
Potato,Sandy Soil,Flowering,2,17,87.0,0,4,0.1176,1.74
Potato,Sandy Soil,Flowering,3,16,88.0,0,4,0.1875,2.64
Potato,Sandy Soil,Flowering,4,15,89.0,0,4,0.2667,3.56
Potato,Sandy Soil,Flowering,5,14,90.0,0,4,0.3571,4.5
Potato,Sandy Soil,Flowering,6,13,91.0,0,4,0.4615,5.46
Potato,Sandy Soil,Flowering,7,24,80.0,0,4,0.2917,5.6
Potato,Sandy Soil,Flowering,8,23,81.0,0,4,0.3478,6.48
Potato,Sandy Soil,Flowering,9,22,82.0,0,4,0.4091,7.38
Potato,Sandy Soil,Flowering,10,21,83.0,0,4,0.4762,8.3
Potato,Sandy Soil,Flowering,11,20,84.0,0,4,0.55,9.24
Potato,Sandy Soil,Flowering,12,19,85.0,0,4,0.6316,10.2
Potato,Sandy Soil,Flowering,13,18,86.0,0,4,0.7222,11.18
Potato,Sandy Soil,Flowering,14,17,87.0,0,4,0.8235,12.18
Potato,Sandy Soil,Flowering,15,16,88.0,0,4,0.9375,13.2
Potato,Sandy Soil,Flowering,16,15,89.0,0,4,1.0667,14.24
Potato,Sandy Soil,Flowering,17,14,90.0,0,4,1.2143,15.3
Potato,Sandy Soil,Flowering,18,13,91.0,0,4,1.3846,16.38
Potato,Sandy Soil,Flowering,19,24,80.0,0,4,0.7917,15.2
Potato,Sandy Soil,Flowering,20,23,81.0,0,4,0.8696,16.2
Potato,Sandy Soil,Flowering,21,22,82.0,0,4,0.9545,17.22
Potato,Sandy Soil,Flowering,22,21,83.0,0,4,1.0476,18.26
Potato,Sandy Soil,Flowering,23,20,84.0,0,4,1.15,19.32
Potato,Sandy Soil,Flowering,24,19,85.0,0,4,1.2632,20.4
Potato,Sandy Soil,Flowering,25,18,86.0,0,4,1.3889,21.5
Potato,Sandy Soil,Flowering,26,17,87.0,0,4,1.5294,22.62
Potato,Sandy Soil,Flowering,27,16,88.0,0,4,1.6875,23.76
Potato,Sandy Soil,Flowering,28,15,89.0,0,4,1.8667,24.92
Potato,Sandy Soil,Flowering,29,14,90.0,0,4,2.0714,26.1
Potato,Sandy Soil,Flowering,30,13,91.0,0,4,2.3077,27.3
Potato,Sandy Soil,Flowering,31,24,80.0,0,4,1.2917,24.8
Potato,Sandy Soil,Flowering,32,23,81.0,0,4,1.3913,25.92
Potato,Sandy Soil,Flowering,33,22,82.0,0,4,1.5,27.06
Potato,Sandy Soil,Flowering,34,21,83.0,0,4,1.619,28.22
Potato,Sandy Soil,Flowering,35,20,84.0,0,4,1.75,29.4
Potato,Sandy Soil,Flowering,36,19,85.0,0,4,1.8947,30.6
Potato,Sandy Soil,Flowering,37,18,86.0,0,4,2.0556,31.82
Potato,Sandy Soil,Flowering,38,17,87.0,0,4,2.2353,33.06
Potato,Sandy Soil,Flowering,39,16,88.0,0,4,2.4375,34.32
Potato,Sandy Soil,Flowering,40,15,89.0,0,4,2.6667,35.6
Potato,Sandy Soil,Flowering,41,14,90.0,0,4,2.9286,36.9
Potato,Sandy Soil,Flowering,42,24,80.0,0,4,1.75,33.6
Potato,Sandy Soil,Flowering,43,23,81.0,0,4,1.8696,34.83
Potato,Sandy Soil,Flowering,44,22,82.0,0,4,2.0,36.08
Potato,Sandy Soil,Flowering,45,21,83.0,0,4,2.1429,37.35
Potato,Sandy Soil,Flowering,46,20,84.0,0,4,2.3,38.64
Potato,Sandy Soil,Flowering,47,19,85.0,0,4,2.4737,39.95
Potato,Sandy Soil,Flowering,48,18,86.0,0,4,2.6667,41.28
Potato,Sandy Soil,Flowering,49,17,87.0,0,4,2.8824,42.63
Potato,Sandy Soil,Flowering,50,16,88.0,0,4,3.125,44.0
Potato,Sandy Soil,Flowering,51,15,89.0,0,4,3.4,45.39
Potato,Sandy Soil,Flowering,52,14,90.0,0,4,3.7143,46.8
Potato,Sandy Soil,Flowering,53,13,91.0,0,4,4.0769,48.23
Potato,Sandy Soil,Flowering,54,24,80.0,0,4,2.25,43.2
Potato,Sandy Soil,Flowering,55,23,81.0,0,4,2.3913,44.55
Potato,Sandy Soil,Flowering,56,22,82.0,0,4,2.5455,45.92
Potato,Sandy Soil,Flowering,57,21,83.0,0,4,2.7143,47.31
Potato,Sandy Soil,Flowering,58,20,84.0,0,4,2.9,48.72
Potato,Sandy Soil,Flowering,59,19,85.0,0,4,3.1053,50.15
Potato,Sandy Soil,Flowering,60,18,86.0,0,4,3.3333,51.6
Potato,Sandy Soil,Flowering,61,17,87.0,0,4,3.5882,53.07
Potato,Sandy Soil,Flowering,62,16,88.0,0,4,3.875,54.56
Potato,Sandy Soil,Flowering,63,15,89.0,0,4,4.2,56.07
Potato,Sandy Soil,Flowering,64,14,90.0,0,4,4.5714,57.6
Potato,Sandy Soil,Flowering,65,13,91.0,0,4,5.0,59.15
Potato,Sandy Soil,Flowering,66,24,80.0,0,4,2.75,52.8
Potato,Sandy Soil,Flowering,67,23,81.0,0,4,2.913,54.27
Potato,Sandy Soil,Flowering,68,22,82.0,0,4,3.0909,55.76
Potato,Sandy Soil,Flowering,69,21,83.0,0,4,3.2857,57.27
Potato,Sandy Soil,Pollination,1,18,86.0,0,5,0.0556,0.86
Potato,Sandy Soil,Pollination,2,17,87.0,0,5,0.1176,1.74
Potato,Sandy Soil,Pollination,3,16,88.0,0,5,0.1875,2.64
Potato,Sandy Soil,Pollination,4,15,89.0,0,5,0.2667,3.56
Potato,Sandy Soil,Pollination,5,14,90.0,0,5,0.3571,4.5
Potato,Sandy Soil,Pollination,6,13,91.0,0,5,0.4615,5.46
Potato,Sandy Soil,Pollination,7,24,80.0,0,5,0.2917,5.6
Potato,Sandy Soil,Pollination,8,23,81.0,0,5,0.3478,6.48
Potato,Sandy Soil,Pollination,9,22,82.0,0,5,0.4091,7.38
Potato,Sandy Soil,Pollination,10,21,83.0,0,5,0.4762,8.3
Potato,Sandy Soil,Pollination,11,20,84.0,0,5,0.55,9.24
Potato,Sandy Soil,Pollination,12,19,85.0,0,5,0.6316,10.2
Potato,Sandy Soil,Pollination,13,18,86.0,0,5,0.7222,11.18
Potato,Sandy Soil,Pollination,14,17,87.0,0,5,0.8235,12.18
Potato,Sandy Soil,Pollination,15,16,88.0,0,5,0.9375,13.2
Potato,Sandy Soil,Pollination,16,15,89.0,0,5,1.0667,14.24
Potato,Sandy Soil,Pollination,17,14,90.0,0,5,1.2143,15.3
Potato,Sandy Soil,Pollination,18,13,91.0,0,5,1.3846,16.38
Potato,Sandy Soil,Pollination,19,24,80.0,0,5,0.7917,15.2
Potato,Sandy Soil,Pollination,20,23,81.0,0,5,0.8696,16.2
Potato,Sandy Soil,Pollination,21,22,82.0,0,5,0.9545,17.22
Potato,Sandy Soil,Pollination,22,21,83.0,0,5,1.0476,18.26
Potato,Sandy Soil,Pollination,23,20,84.0,0,5,1.15,19.32
Potato,Sandy Soil,Pollination,24,19,85.0,0,5,1.2632,20.4
Potato,Sandy Soil,Pollination,25,18,86.0,0,5,1.3889,21.5
Potato,Sandy Soil,Pollination,26,17,87.0,0,5,1.5294,22.62
Potato,Sandy Soil,Pollination,27,16,88.0,0,5,1.6875,23.76
Potato,Sandy Soil,Pollination,28,15,89.0,0,5,1.8667,24.92
Potato,Sandy Soil,Pollination,29,14,90.0,0,5,2.0714,26.1
Potato,Sandy Soil,Pollination,30,13,91.0,0,5,2.3077,27.3
Potato,Sandy Soil,Pollination,31,24,80.0,0,5,1.2917,24.8
Potato,Sandy Soil,Pollination,32,23,81.0,0,5,1.3913,25.92
Potato,Sandy Soil,Pollination,33,22,82.0,0,5,1.5,27.06
Potato,Sandy Soil,Pollination,34,21,83.0,0,5,1.619,28.22
Potato,Sandy Soil,Pollination,35,20,84.0,0,5,1.75,29.4
Potato,Sandy Soil,Pollination,36,19,85.0,0,5,1.8947,30.6
Potato,Sandy Soil,Pollination,37,18,86.0,0,5,2.0556,31.82
Potato,Sandy Soil,Pollination,38,17,87.0,0,5,2.2353,33.06
Potato,Sandy Soil,Pollination,39,16,88.0,0,5,2.4375,34.32
Potato,Sandy Soil,Pollination,40,15,89.0,0,5,2.6667,35.6
Potato,Sandy Soil,Pollination,41,14,90.0,0,5,2.9286,36.9
Potato,Sandy Soil,Pollination,42,24,80.0,0,5,1.75,33.6
Potato,Sandy Soil,Pollination,43,23,81.0,0,5,1.8696,34.83
Potato,Sandy Soil,Pollination,44,22,82.0,0,5,2.0,36.08
Potato,Sandy Soil,Pollination,45,21,83.0,0,5,2.1429,37.35
Potato,Sandy Soil,Pollination,46,20,84.0,0,5,2.3,38.64
Potato,Sandy Soil,Pollination,47,19,85.0,0,5,2.4737,39.95
Potato,Sandy Soil,Pollination,48,18,86.0,0,5,2.6667,41.28
Potato,Sandy Soil,Pollination,49,17,87.0,0,5,2.8824,42.63
Potato,Loam Soil,Germination,1,18,86.0,0,1,0.0556,0.86
Potato,Loam Soil,Germination,2,17,87.0,0,1,0.1176,1.74
Potato,Loam Soil,Germination,3,16,88.0,0,1,0.1875,2.64
Potato,Loam Soil,Germination,4,15,89.0,0,1,0.2667,3.56
Potato,Loam Soil,Germination,5,14,90.0,0,1,0.3571,4.5
Potato,Loam Soil,Germination,6,13,91.0,0,1,0.4615,5.46
Potato,Loam Soil,Germination,7,24,80.0,0,1,0.2917,5.6
Potato,Loam Soil,Germination,8,23,81.0,0,1,0.3478,6.48
Potato,Loam Soil,Germination,9,22,82.0,0,1,0.4091,7.38
Potato,Loam Soil,Germination,10,21,83.0,0,1,0.4762,8.3
Potato,Loam Soil,Germination,11,20,84.0,0,1,0.55,9.24
Potato,Loam Soil,Germination,12,19,85.0,0,1,0.6316,10.2
Potato,Loam Soil,Germination,13,18,86.0,0,1,0.7222,11.18
Potato,Loam Soil,Germination,14,17,87.0,0,1,0.8235,12.18
Potato,Loam Soil,Germination,15,16,88.0,0,1,0.9375,13.2
Potato,Loam Soil,Germination,16,15,89.0,0,1,1.0667,14.24
Potato,Loam Soil,Germination,17,14,90.0,0,1,1.2143,15.3
Potato,Loam Soil,Germination,18,13,91.0,0,1,1.3846,16.38
Potato,Loam Soil,Germination,19,24,80.0,0,1,0.7917,15.2
Potato,Loam Soil,Germination,20,23,81.0,0,1,0.8696,16.2
Potato,Loam Soil,Germination,21,22,82.0,0,1,0.9545,17.22
Potato,Loam Soil,Germination,22,21,83.0,0,1,1.0476,18.26
Potato,Loam Soil,Germination,23,20,84.0,0,1,1.15,19.32
Potato,Loam Soil,Germination,24,19,85.0,0,1,1.2632,20.4
Potato,Loam Soil,Germination,25,18,86.0,0,1,1.3889,21.5
Potato,Loam Soil,Germination,26,17,87.0,0,1,1.5294,22.62
Potato,Loam Soil,Germination,27,16,88.0,0,1,1.6875,23.76
Potato,Loam Soil,Germination,28,15,89.0,0,1,1.8667,24.92
Potato,Loam Soil,Germination,29,14,90.0,0,1,2.0714,26.1
Potato,Loam Soil,Germination,30,13,91.0,0,1,2.3077,27.3
Potato,Loam Soil,Germination,31,24,80.0,0,1,1.2917,24.8
Potato,Loam Soil,Germination,32,23,81.0,0,1,1.3913,25.92
Potato,Loam Soil,Germination,33,22,82.0,0,1,1.5,27.06
Potato,Loam Soil,Germination,34,21,83.0,0,1,1.619,28.22
Potato,Loam Soil,Germination,35,20,84.0,0,1,1.75,29.4
Potato,Loam Soil,Germination,36,19,85.0,0,1,1.8947,30.6
Potato,Loam Soil,Germination,37,18,86.0,0,1,2.0556,31.82
Potato,Loam Soil,Germination,38,17,87.0,0,1,2.2353,33.06
Potato,Loam Soil,Germination,39,16,88.0,0,1,2.4375,34.32
Potato,Loam Soil,Germination,40,15,89.0,0,1,2.6667,35.6
Potato,Loam Soil,Germination,41,14,90.0,0,1,2.9286,36.9
Potato,Loam Soil,Germination,42,24,80.0,0,1,1.75,33.6
Potato,Loam Soil,Germination,43,23,81.0,0,1,1.8696,34.83
Potato,Loam Soil,Germination,44,22,82.0,0,1,2.0,36.08
Potato,Loam Soil,Germination,45,21,83.0,0,1,2.1429,37.35
Potato,Loam Soil,Germination,46,20,84.0,0,1,2.3,38.64
Potato,Loam Soil,Germination,47,19,85.0,0,1,2.4737,39.95
Potato,Loam Soil,Germination,48,18,86.0,0,1,2.6667,41.28
Potato,Loam Soil,Germination,49,17,87.0,0,1,2.8824,42.63
Potato,Loam Soil,Germination,50,16,88.0,0,1,3.125,44.0
Potato,Loam Soil,Germination,51,15,89.0,0,1,3.4,45.39
Potato,Loam Soil,Germination,52,14,90.0,0,1,3.7143,46.8
Potato,Loam Soil,Germination,53,13,91.0,0,1,4.0769,48.23
Potato,Loam Soil,Germination,54,24,80.0,0,1,2.25,43.2
Potato,Loam Soil,Germination,55,23,81.0,0,1,2.3913,44.55
Potato,Loam Soil,Germination,56,22,82.0,0,1,2.5455,45.92
Potato,Loam Soil,Germination,57,21,83.0,0,1,2.7143,47.31
Potato,Loam Soil,Germination,58,20,84.0,0,1,2.9,48.72
Potato,Loam Soil,Germination,59,19,85.0,0,1,3.1053,50.15
Potato,Loam Soil,Germination,60,18,86.0,0,1,3.3333,51.6
Potato,Loam Soil,Germination,61,17,87.0,0,1,3.5882,53.07
Potato,Loam Soil,Germination,62,16,88.0,0,1,3.875,54.56
Potato,Loam Soil,Germination,63,15,89.0,0,1,4.2,56.07
Potato,Loam Soil,Germination,64,14,90.0,0,1,4.5714,57.6
Potato,Loam Soil,Germination,65,13,91.0,0,1,5.0,59.15
Potato,Loam Soil,Germination,66,24,80.0,0,1,2.75,52.8
Potato,Loam Soil,Germination,67,23,81.0,0,1,2.913,54.27
Potato,Loam Soil,Germination,68,22,82.0,0,1,3.0909,55.76
Potato,Loam Soil,Germination,69,21,83.0,0,1,3.2857,57.27
Potato,Loam Soil,Germination,70,24,80.0,0,1,2.9167,56.0
Potato,Loam Soil,Germination,71,23,81.0,0,1,3.087,57.51
Potato,Loam Soil,Germination,72,22,82.0,0,1,3.2727,59.04
Potato,Loam Soil,Germination,73,21,83.0,0,1,3.4762,60.59
Potato,Loam Soil,Germination,74,20,84.0,0,1,3.7,62.16
Potato,Loam Soil,Germination,75,19,85.0,0,1,3.9474,63.75
Potato,Loam Soil,Germination,76,18,86.0,0,1,4.2222,65.36
Potato,Loam Soil,Germination,77,17,87.0,0,1,4.5294,66.99
Potato,Loam Soil,Germination,78,16,88.0,0,1,4.875,68.64
Potato,Loam Soil,Germination,79,15,89.0,0,1,5.2667,70.31
Potato,Loam Soil,Seedling Stage,1,18,86.0,0,2,0.0556,0.86
Potato,Loam Soil,Seedling Stage,2,17,87.0,0,2,0.1176,1.74
Potato,Loam Soil,Seedling Stage,3,16,88.0,0,2,0.1875,2.64
Potato,Loam Soil,Seedling Stage,4,15,89.0,0,2,0.2667,3.56
Potato,Loam Soil,Seedling Stage,5,14,90.0,0,2,0.3571,4.5
Potato,Loam Soil,Seedling Stage,6,13,91.0,0,2,0.4615,5.46
Potato,Loam Soil,Seedling Stage,7,24,80.0,0,2,0.2917,5.6
Potato,Loam Soil,Seedling Stage,8,23,81.0,0,2,0.3478,6.48
Potato,Loam Soil,Seedling Stage,9,22,82.0,0,2,0.4091,7.38
Potato,Loam Soil,Seedling Stage,10,21,83.0,0,2,0.4762,8.3
Potato,Loam Soil,Seedling Stage,11,20,84.0,0,2,0.55,9.24
Potato,Loam Soil,Seedling Stage,12,19,85.0,0,2,0.6316,10.2
Potato,Loam Soil,Seedling Stage,13,18,86.0,0,2,0.7222,11.18
Potato,Loam Soil,Seedling Stage,14,17,87.0,0,2,0.8235,12.18
Potato,Loam Soil,Seedling Stage,15,16,88.0,0,2,0.9375,13.2
Potato,Loam Soil,Seedling Stage,16,15,89.0,0,2,1.0667,14.24
Potato,Loam Soil,Seedling Stage,17,14,90.0,0,2,1.2143,15.3
Potato,Loam Soil,Seedling Stage,18,13,91.0,0,2,1.3846,16.38
Potato,Loam Soil,Seedling Stage,19,24,80.0,0,2,0.7917,15.2
Potato,Loam Soil,Seedling Stage,20,23,81.0,0,2,0.8696,16.2
Potato,Loam Soil,Seedling Stage,21,22,82.0,0,2,0.9545,17.22
Potato,Loam Soil,Seedling Stage,22,21,83.0,0,2,1.0476,18.26
Potato,Loam Soil,Seedling Stage,23,20,84.0,0,2,1.15,19.32
Potato,Loam Soil,Seedling Stage,24,19,85.0,0,2,1.2632,20.4
Potato,Loam Soil,Seedling Stage,25,18,86.0,0,2,1.3889,21.5
Potato,Loam Soil,Seedling Stage,26,17,87.0,0,2,1.5294,22.62
Potato,Loam Soil,Seedling Stage,27,16,88.0,0,2,1.6875,23.76
Potato,Loam Soil,Seedling Stage,28,15,89.0,0,2,1.8667,24.92
Potato,Loam Soil,Seedling Stage,29,14,90.0,0,2,2.0714,26.1
Potato,Loam Soil,Seedling Stage,30,13,91.0,0,2,2.3077,27.3
Potato,Loam Soil,Seedling Stage,31,24,80.0,0,2,1.2917,24.8
Potato,Loam Soil,Seedling Stage,32,23,81.0,0,2,1.3913,25.92
Potato,Loam Soil,Seedling Stage,33,22,82.0,0,2,1.5,27.06
Potato,Loam Soil,Seedling Stage,34,21,83.0,0,2,1.619,28.22
Potato,Loam Soil,Seedling Stage,35,20,84.0,0,2,1.75,29.4
Potato,Loam Soil,Seedling Stage,36,19,85.0,0,2,1.8947,30.6
Potato,Loam Soil,Seedling Stage,37,18,86.0,0,2,2.0556,31.82
Potato,Loam Soil,Seedling Stage,38,17,87.0,0,2,2.2353,33.06
Potato,Loam Soil,Seedling Stage,39,16,88.0,0,2,2.4375,34.32
Potato,Loam Soil,Seedling Stage,40,15,89.0,0,2,2.6667,35.6
Potato,Loam Soil,Seedling Stage,41,14,90.0,0,2,2.9286,36.9
Potato,Loam Soil,Seedling Stage,42,24,80.0,0,2,1.75,33.6
Potato,Loam Soil,Seedling Stage,43,23,81.0,0,2,1.8696,34.83
Potato,Loam Soil,Seedling Stage,44,22,82.0,0,2,2.0,36.08
Potato,Loam Soil,Seedling Stage,45,21,83.0,0,2,2.1429,37.35
Potato,Loam Soil,Seedling Stage,46,20,84.0,0,2,2.3,38.64
Potato,Loam Soil,Seedling Stage,47,19,85.0,0,2,2.4737,39.95
Potato,Loam Soil,Seedling Stage,48,18,86.0,0,2,2.6667,41.28
Potato,Loam Soil,Seedling Stage,49,17,87.0,0,2,2.8824,42.63
Potato,Loam Soil,Seedling Stage,50,16,88.0,0,2,3.125,44.0
Potato,Loam Soil,Seedling Stage,51,15,89.0,0,2,3.4,45.39
Potato,Loam Soil,Seedling Stage,52,14,90.0,0,2,3.7143,46.8
Potato,Loam Soil,Seedling Stage,53,13,91.0,0,2,4.0769,48.23
Potato,Loam Soil,Seedling Stage,54,24,80.0,0,2,2.25,43.2
Potato,Loam Soil,Seedling Stage,55,23,81.0,0,2,2.3913,44.55
Potato,Loam Soil,Seedling Stage,56,22,82.0,0,2,2.5455,45.92
Potato,Loam Soil,Seedling Stage,57,21,83.0,0,2,2.7143,47.31
Potato,Loam Soil,Seedling Stage,58,20,84.0,0,2,2.9,48.72
Potato,Loam Soil,Seedling Stage,59,19,85.0,0,2,3.1053,50.15
Potato,Loam Soil,Seedling Stage,60,18,86.0,0,2,3.3333,51.6
Potato,Loam Soil,Seedling Stage,61,17,87.0,0,2,3.5882,53.07
Potato,Loam Soil,Seedling Stage,62,16,88.0,0,2,3.875,54.56
Potato,Loam Soil,Seedling Stage,63,15,89.0,0,2,4.2,56.07
Potato,Loam Soil,Seedling Stage,64,14,90.0,0,2,4.5714,57.6
Potato,Loam Soil,Seedling Stage,65,13,91.0,0,2,5.0,59.15
Potato,Loam Soil,Seedling Stage,66,24,80.0,0,2,2.75,52.8
Potato,Loam Soil,Seedling Stage,67,23,81.0,0,2,2.913,54.27
Potato,Loam Soil,Seedling Stage,68,22,82.0,0,2,3.0909,55.76
Potato,Loam Soil,Seedling Stage,69,21,83.0,0,2,3.2857,57.27
Potato,Loam Soil,Vegetative Growth / Root or Tuber Development,1,18,86.0,0,3,0.0556,0.86
Potato,Loam Soil,Vegetative Growth / Root or Tuber Development,2,17,87.0,0,3,0.1176,1.74
Potato,Loam Soil,Vegetative Growth / Root or Tuber Development,3,16,88.0,0,3,0.1875,2.64
Potato,Loam Soil,Vegetative Growth / Root or Tuber Development,4,15,89.0,0,3,0.2667,3.56
Potato,Loam Soil,Vegetative Growth / Root or Tuber Development,5,14,90.0,0,3,0.3571,4.5
Potato,Loam Soil,Vegetative Growth / Root or Tuber Development,6,13,91.0,0,3,0.4615,5.46
Potato,Loam Soil,Vegetative Growth / Root or Tuber Development,7,24,80.0,0,3,0.2917,5.6
Potato,Loam Soil,Vegetative Growth / Root or Tuber Development,8,23,81.0,0,3,0.3478,6.48
Potato,Loam Soil,Vegetative Growth / Root or Tuber Development,9,22,82.0,0,3,0.4091,7.38
Potato,Loam Soil,Vegetative Growth / Root or Tuber Development,10,21,83.0,0,3,0.4762,8.3
Potato,Loam Soil,Vegetative Growth / Root or Tuber Development,11,20,84.0,0,3,0.55,9.24
Potato,Loam Soil,Vegetative Growth / Root or Tuber Development,12,19,85.0,0,3,0.6316,10.2
Potato,Loam Soil,Vegetative Growth / Root or Tuber Development,13,18,86.0,0,3,0.7222,11.18
Potato,Loam Soil,Vegetative Growth / Root or Tuber Development,14,17,87.0,0,3,0.8235,12.18
Potato,Loam Soil,Vegetative Growth / Root or Tuber Development,15,16,88.0,0,3,0.9375,13.2
Potato,Loam Soil,Vegetative Growth / Root or Tuber Development,16,15,89.0,0,3,1.0667,14.24
Potato,Loam Soil,Vegetative Growth / Root or Tuber Development,17,14,90.0,0,3,1.2143,15.3
Potato,Loam Soil,Vegetative Growth / Root or Tuber Development,18,13,91.0,0,3,1.3846,16.38
Potato,Loam Soil,Vegetative Growth / Root or Tuber Development,19,24,80.0,0,3,0.7917,15.2
Potato,Loam Soil,Vegetative Growth / Root or Tuber Development,20,23,81.0,0,3,0.8696,16.2
Potato,Loam Soil,Vegetative Growth / Root or Tuber Development,21,22,82.0,0,3,0.9545,17.22
Potato,Loam Soil,Vegetative Growth / Root or Tuber Development,22,21,83.0,0,3,1.0476,18.26
Potato,Loam Soil,Vegetative Growth / Root or Tuber Development,23,20,84.0,0,3,1.15,19.32
Potato,Loam Soil,Vegetative Growth / Root or Tuber Development,24,19,85.0,0,3,1.2632,20.4
Potato,Loam Soil,Vegetative Growth / Root or Tuber Development,25,18,86.0,0,3,1.3889,21.5
Potato,Loam Soil,Vegetative Growth / Root or Tuber Development,26,17,87.0,0,3,1.5294,22.62
Potato,Loam Soil,Vegetative Growth / Root or Tuber Development,27,16,88.0,0,3,1.6875,23.76
Potato,Loam Soil,Vegetative Growth / Root or Tuber Development,28,15,89.0,0,3,1.8667,24.92
Potato,Loam Soil,Vegetative Growth / Root or Tuber Development,29,14,90.0,0,3,2.0714,26.1
Potato,Loam Soil,Vegetative Growth / Root or Tuber Development,30,13,91.0,0,3,2.3077,27.3
Potato,Loam Soil,Vegetative Growth / Root or Tuber Development,31,24,80.0,0,3,1.2917,24.8
Potato,Loam Soil,Vegetative Growth / Root or Tuber Development,32,23,81.0,0,3,1.3913,25.92
Potato,Loam Soil,Vegetative Growth / Root or Tuber Development,33,22,82.0,0,3,1.5,27.06
Potato,Loam Soil,Vegetative Growth / Root or Tuber Development,34,21,83.0,0,3,1.619,28.22
Potato,Loam Soil,Vegetative Growth / Root or Tuber Development,35,20,84.0,0,3,1.75,29.4
Potato,Loam Soil,Vegetative Growth / Root or Tuber Development,36,19,85.0,0,3,1.8947,30.6
Potato,Loam Soil,Vegetative Growth / Root or Tuber Development,37,18,86.0,0,3,2.0556,31.82
Potato,Loam Soil,Vegetative Growth / Root or Tuber Development,38,17,87.0,0,3,2.2353,33.06
Potato,Loam Soil,Vegetative Growth / Root or Tuber Development,39,16,88.0,0,3,2.4375,34.32
Potato,Loam Soil,Vegetative Growth / Root or Tuber Development,40,15,89.0,0,3,2.6667,35.6
Potato,Loam Soil,Vegetative Growth / Root or Tuber Development,41,14,90.0,0,3,2.9286,36.9
Potato,Loam Soil,Vegetative Growth / Root or Tuber Development,42,24,80.0,0,3,1.75,33.6
Potato,Loam Soil,Vegetative Growth / Root or Tuber Development,43,23,81.0,0,3,1.8696,34.83
Potato,Loam Soil,Vegetative Growth / Root or Tuber Development,44,22,82.0,0,3,2.0,36.08
Potato,Loam Soil,Vegetative Growth / Root or Tuber Development,45,21,83.0,0,3,2.1429,37.35
Potato,Loam Soil,Vegetative Growth / Root or Tuber Development,46,20,84.0,0,3,2.3,38.64
Potato,Loam Soil,Vegetative Growth / Root or Tuber Development,47,19,85.0,0,3,2.4737,39.95
Potato,Loam Soil,Vegetative Growth / Root or Tuber Development,48,18,86.0,0,3,2.6667,41.28
Potato,Loam Soil,Vegetative Growth / Root or Tuber Development,49,17,87.0,0,3,2.8824,42.63
Potato,Loam Soil,Vegetative Growth / Root or Tuber Development,50,16,88.0,0,3,3.125,44.0
Potato,Loam Soil,Vegetative Growth / Root or Tuber Development,51,15,89.0,0,3,3.4,45.39
Potato,Loam Soil,Vegetative Growth / Root or Tuber Development,52,14,90.0,0,3,3.7143,46.8
Potato,Loam Soil,Vegetative Growth / Root or Tuber Development,53,13,91.0,0,3,4.0769,48.23
Potato,Loam Soil,Vegetative Growth / Root or Tuber Development,54,24,80.0,0,3,2.25,43.2
Potato,Loam Soil,Vegetative Growth / Root or Tuber Development,55,23,81.0,0,3,2.3913,44.55
Potato,Loam Soil,Vegetative Growth / Root or Tuber Development,56,22,82.0,0,3,2.5455,45.92
Potato,Loam Soil,Vegetative Growth / Root or Tuber Development,57,21,83.0,0,3,2.7143,47.31
Potato,Loam Soil,Vegetative Growth / Root or Tuber Development,58,20,84.0,0,3,2.9,48.72
Potato,Loam Soil,Vegetative Growth / Root or Tuber Development,59,19,85.0,0,3,3.1053,50.15
Potato,Loam Soil,Vegetative Growth / Root or Tuber Development,60,18,86.0,0,3,3.3333,51.6
Potato,Loam Soil,Vegetative Growth / Root or Tuber Development,61,17,87.0,0,3,3.5882,53.07
Potato,Loam Soil,Vegetative Growth / Root or Tuber Development,62,16,88.0,0,3,3.875,54.56
Potato,Loam Soil,Vegetative Growth / Root or Tuber Development,63,15,89.0,0,3,4.2,56.07
Potato,Loam Soil,Vegetative Growth / Root or Tuber Development,64,14,90.0,0,3,4.5714,57.6
Potato,Loam Soil,Vegetative Growth / Root or Tuber Development,65,13,91.0,0,3,5.0,59.15
Potato,Loam Soil,Vegetative Growth / Root or Tuber Development,66,24,80.0,0,3,2.75,52.8
Potato,Loam Soil,Vegetative Growth / Root or Tuber Development,67,23,81.0,0,3,2.913,54.27
Potato,Loam Soil,Vegetative Growth / Root or Tuber Development,68,22,82.0,0,3,3.0909,55.76
Potato,Loam Soil,Vegetative Growth / Root or Tuber Development,69,21,83.0,0,3,3.2857,57.27
Potato,Loam Soil,Flowering,1,18,86.0,0,4,0.0556,0.86
Potato,Loam Soil,Flowering,2,17,87.0,0,4,0.1176,1.74
Potato,Loam Soil,Flowering,3,16,88.0,0,4,0.1875,2.64
Potato,Loam Soil,Flowering,4,15,89.0,0,4,0.2667,3.56
Potato,Loam Soil,Flowering,5,14,90.0,0,4,0.3571,4.5
Potato,Loam Soil,Flowering,6,13,91.0,0,4,0.4615,5.46
Potato,Loam Soil,Flowering,7,24,80.0,0,4,0.2917,5.6
Potato,Loam Soil,Flowering,8,23,81.0,0,4,0.3478,6.48
Potato,Loam Soil,Flowering,9,22,82.0,0,4,0.4091,7.38
Potato,Loam Soil,Flowering,10,21,83.0,0,4,0.4762,8.3
Potato,Loam Soil,Flowering,11,20,84.0,0,4,0.55,9.24
Potato,Loam Soil,Flowering,12,19,85.0,0,4,0.6316,10.2
Potato,Loam Soil,Flowering,13,18,86.0,0,4,0.7222,11.18
Potato,Loam Soil,Flowering,14,17,87.0,0,4,0.8235,12.18
Potato,Loam Soil,Flowering,15,16,88.0,0,4,0.9375,13.2
Potato,Loam Soil,Flowering,16,15,89.0,0,4,1.0667,14.24
Potato,Loam Soil,Flowering,17,14,90.0,0,4,1.2143,15.3
Potato,Loam Soil,Flowering,18,13,91.0,0,4,1.3846,16.38
Potato,Loam Soil,Flowering,19,24,80.0,0,4,0.7917,15.2
Potato,Loam Soil,Flowering,20,23,81.0,0,4,0.8696,16.2
Potato,Loam Soil,Flowering,21,22,82.0,0,4,0.9545,17.22
Potato,Loam Soil,Flowering,22,21,83.0,0,4,1.0476,18.26
Potato,Loam Soil,Flowering,23,20,84.0,0,4,1.15,19.32
Potato,Loam Soil,Flowering,24,19,85.0,0,4,1.2632,20.4
Potato,Loam Soil,Flowering,25,18,86.0,0,4,1.3889,21.5
Potato,Loam Soil,Flowering,26,17,87.0,0,4,1.5294,22.62
Potato,Loam Soil,Flowering,27,16,88.0,0,4,1.6875,23.76
Potato,Loam Soil,Flowering,28,15,89.0,0,4,1.8667,24.92
Potato,Loam Soil,Flowering,29,14,90.0,0,4,2.0714,26.1
Potato,Loam Soil,Flowering,30,13,91.0,0,4,2.3077,27.3
Potato,Loam Soil,Flowering,31,24,80.0,0,4,1.2917,24.8
Potato,Loam Soil,Flowering,32,23,81.0,0,4,1.3913,25.92
Potato,Loam Soil,Flowering,33,22,82.0,0,4,1.5,27.06
Potato,Loam Soil,Flowering,34,21,83.0,0,4,1.619,28.22
Potato,Loam Soil,Flowering,35,20,84.0,0,4,1.75,29.4
Potato,Loam Soil,Flowering,36,19,85.0,0,4,1.8947,30.6
Potato,Loam Soil,Flowering,37,18,86.0,0,4,2.0556,31.82
Potato,Loam Soil,Flowering,38,17,87.0,0,4,2.2353,33.06
Potato,Loam Soil,Flowering,39,16,88.0,0,4,2.4375,34.32
Potato,Loam Soil,Flowering,40,15,89.0,0,4,2.6667,35.6
Potato,Loam Soil,Flowering,41,14,90.0,0,4,2.9286,36.9
Potato,Loam Soil,Flowering,42,24,80.0,0,4,1.75,33.6
Potato,Loam Soil,Flowering,43,23,81.0,0,4,1.8696,34.83
Potato,Loam Soil,Flowering,44,22,82.0,0,4,2.0,36.08
Potato,Loam Soil,Flowering,45,21,83.0,0,4,2.1429,37.35
Potato,Loam Soil,Flowering,46,20,84.0,0,4,2.3,38.64
Potato,Loam Soil,Flowering,47,19,85.0,0,4,2.4737,39.95
Potato,Loam Soil,Flowering,48,18,86.0,0,4,2.6667,41.28
Potato,Loam Soil,Flowering,49,17,87.0,0,4,2.8824,42.63
Potato,Loam Soil,Flowering,50,16,88.0,0,4,3.125,44.0
Potato,Loam Soil,Flowering,51,15,89.0,0,4,3.4,45.39
Potato,Loam Soil,Flowering,52,14,90.0,0,4,3.7143,46.8
Potato,Loam Soil,Flowering,53,13,91.0,0,4,4.0769,48.23
Potato,Loam Soil,Flowering,54,24,80.0,0,4,2.25,43.2
Potato,Loam Soil,Flowering,55,23,81.0,0,4,2.3913,44.55
Potato,Loam Soil,Flowering,56,22,82.0,0,4,2.5455,45.92
Potato,Loam Soil,Flowering,57,21,83.0,0,4,2.7143,47.31
Potato,Loam Soil,Flowering,58,20,84.0,0,4,2.9,48.72
Potato,Loam Soil,Flowering,59,19,85.0,0,4,3.1053,50.15
Potato,Loam Soil,Flowering,60,18,86.0,0,4,3.3333,51.6
Potato,Loam Soil,Flowering,61,17,87.0,0,4,3.5882,53.07
Potato,Loam Soil,Flowering,62,16,88.0,0,4,3.875,54.56
Potato,Loam Soil,Flowering,63,15,89.0,0,4,4.2,56.07
Potato,Loam Soil,Flowering,64,14,90.0,0,4,4.5714,57.6
Potato,Loam Soil,Flowering,65,13,91.0,0,4,5.0,59.15
Potato,Loam Soil,Flowering,66,24,80.0,0,4,2.75,52.8
Potato,Loam Soil,Flowering,67,23,81.0,0,4,2.913,54.27
Potato,Loam Soil,Flowering,68,22,82.0,0,4,3.0909,55.76
Potato,Loam Soil,Flowering,69,21,83.0,0,4,3.2857,57.27
Potato,Loam Soil,Pollination,1,18,86.0,0,5,0.0556,0.86
Potato,Loam Soil,Pollination,2,17,87.0,0,5,0.1176,1.74
Potato,Loam Soil,Pollination,3,16,88.0,0,5,0.1875,2.64
Potato,Loam Soil,Pollination,4,15,89.0,0,5,0.2667,3.56
Potato,Loam Soil,Pollination,5,14,90.0,0,5,0.3571,4.5
Potato,Loam Soil,Pollination,6,13,91.0,0,5,0.4615,5.46
Potato,Loam Soil,Pollination,7,24,80.0,0,5,0.2917,5.6
Potato,Loam Soil,Pollination,8,23,81.0,0,5,0.3478,6.48
Potato,Loam Soil,Pollination,9,22,82.0,0,5,0.4091,7.38
Potato,Loam Soil,Pollination,10,21,83.0,0,5,0.4762,8.3
Potato,Loam Soil,Pollination,11,20,84.0,0,5,0.55,9.24
Potato,Loam Soil,Pollination,12,19,85.0,0,5,0.6316,10.2
Potato,Loam Soil,Pollination,13,18,86.0,0,5,0.7222,11.18
Potato,Loam Soil,Pollination,14,17,87.0,0,5,0.8235,12.18
Potato,Loam Soil,Pollination,15,16,88.0,0,5,0.9375,13.2
Potato,Loam Soil,Pollination,16,15,89.0,0,5,1.0667,14.24
Potato,Loam Soil,Pollination,17,14,90.0,0,5,1.2143,15.3
Potato,Loam Soil,Pollination,18,13,91.0,0,5,1.3846,16.38
Potato,Loam Soil,Pollination,19,24,80.0,0,5,0.7917,15.2
Potato,Loam Soil,Pollination,20,23,81.0,0,5,0.8696,16.2
Potato,Loam Soil,Pollination,21,22,82.0,0,5,0.9545,17.22
Potato,Loam Soil,Pollination,22,21,83.0,0,5,1.0476,18.26
Potato,Loam Soil,Pollination,23,20,84.0,0,5,1.15,19.32
Potato,Loam Soil,Pollination,24,19,85.0,0,5,1.2632,20.4
Potato,Loam Soil,Pollination,25,18,86.0,0,5,1.3889,21.5
Potato,Loam Soil,Pollination,26,17,87.0,0,5,1.5294,22.62
Potato,Loam Soil,Pollination,27,16,88.0,0,5,1.6875,23.76
Potato,Loam Soil,Pollination,28,15,89.0,0,5,1.8667,24.92
Potato,Loam Soil,Pollination,29,14,90.0,0,5,2.0714,26.1
Potato,Loam Soil,Pollination,30,13,91.0,0,5,2.3077,27.3
Potato,Loam Soil,Pollination,31,24,80.0,0,5,1.2917,24.8
Potato,Loam Soil,Pollination,32,23,81.0,0,5,1.3913,25.92
Potato,Loam Soil,Pollination,33,22,82.0,0,5,1.5,27.06
Potato,Loam Soil,Pollination,34,21,83.0,0,5,1.619,28.22
Potato,Loam Soil,Pollination,35,20,84.0,0,5,1.75,29.4
Potato,Loam Soil,Pollination,36,19,85.0,0,5,1.8947,30.6
Potato,Loam Soil,Pollination,37,18,86.0,0,5,2.0556,31.82
Potato,Loam Soil,Pollination,38,17,87.0,0,5,2.2353,33.06
Potato,Loam Soil,Pollination,39,16,88.0,0,5,2.4375,34.32
Potato,Loam Soil,Pollination,40,15,89.0,0,5,2.6667,35.6
Potato,Loam Soil,Pollination,41,14,90.0,0,5,2.9286,36.9
Potato,Loam Soil,Pollination,42,24,80.0,0,5,1.75,33.6
Potato,Loam Soil,Pollination,43,23,81.0,0,5,1.8696,34.83
Potato,Loam Soil,Pollination,44,22,82.0,0,5,2.0,36.08
Potato,Loam Soil,Pollination,45,21,83.0,0,5,2.1429,37.35
Potato,Loam Soil,Pollination,46,20,84.0,0,5,2.3,38.64
Potato,Loam Soil,Pollination,47,19,85.0,0,5,2.4737,39.95
Potato,Loam Soil,Pollination,48,18,86.0,0,5,2.6667,41.28
Potato,Loam Soil,Pollination,49,17,87.0,0,5,2.8824,42.63
Potato,Clay Soil,Germination,1,18,86.0,0,1,0.0556,0.86
Potato,Clay Soil,Germination,2,17,87.0,0,1,0.1176,1.74
Potato,Clay Soil,Germination,3,16,88.0,0,1,0.1875,2.64
Potato,Clay Soil,Germination,4,15,89.0,0,1,0.2667,3.56
Potato,Clay Soil,Germination,5,14,90.0,0,1,0.3571,4.5
Potato,Clay Soil,Germination,6,13,91.0,0,1,0.4615,5.46
Potato,Clay Soil,Germination,7,24,80.0,0,1,0.2917,5.6
Potato,Clay Soil,Germination,8,23,81.0,0,1,0.3478,6.48
Potato,Clay Soil,Germination,9,22,82.0,0,1,0.4091,7.38
Potato,Clay Soil,Germination,10,21,83.0,0,1,0.4762,8.3
Potato,Clay Soil,Germination,11,20,84.0,0,1,0.55,9.24
Potato,Clay Soil,Germination,12,19,85.0,0,1,0.6316,10.2
Potato,Clay Soil,Germination,13,18,86.0,0,1,0.7222,11.18
Potato,Clay Soil,Germination,14,17,87.0,0,1,0.8235,12.18
Potato,Clay Soil,Germination,15,16,88.0,0,1,0.9375,13.2
Potato,Clay Soil,Germination,16,15,89.0,0,1,1.0667,14.24
Potato,Clay Soil,Germination,17,14,90.0,0,1,1.2143,15.3
Potato,Clay Soil,Germination,18,13,91.0,0,1,1.3846,16.38
Potato,Clay Soil,Germination,19,24,80.0,0,1,0.7917,15.2
Potato,Clay Soil,Germination,20,23,81.0,0,1,0.8696,16.2
Potato,Clay Soil,Germination,21,22,82.0,0,1,0.9545,17.22
Potato,Clay Soil,Germination,22,21,83.0,0,1,1.0476,18.26
Potato,Clay Soil,Germination,23,20,84.0,0,1,1.15,19.32
Potato,Clay Soil,Germination,24,19,85.0,0,1,1.2632,20.4
Potato,Clay Soil,Germination,25,18,86.0,0,1,1.3889,21.5
Potato,Clay Soil,Germination,26,17,87.0,0,1,1.5294,22.62
Potato,Clay Soil,Germination,27,16,88.0,0,1,1.6875,23.76
Potato,Clay Soil,Germination,28,15,89.0,0,1,1.8667,24.92
Potato,Clay Soil,Germination,29,14,90.0,0,1,2.0714,26.1
Potato,Clay Soil,Germination,30,13,91.0,0,1,2.3077,27.3
Potato,Clay Soil,Germination,31,24,80.0,0,1,1.2917,24.8
Potato,Clay Soil,Germination,32,23,81.0,0,1,1.3913,25.92
Potato,Clay Soil,Germination,33,22,82.0,0,1,1.5,27.06
Potato,Clay Soil,Germination,34,21,83.0,0,1,1.619,28.22
Potato,Clay Soil,Germination,35,20,84.0,0,1,1.75,29.4
Potato,Clay Soil,Germination,36,19,85.0,0,1,1.8947,30.6
Potato,Clay Soil,Germination,37,18,86.0,0,1,2.0556,31.82
Potato,Clay Soil,Germination,38,17,87.0,0,1,2.2353,33.06
Potato,Clay Soil,Germination,39,16,88.0,0,1,2.4375,34.32
Potato,Clay Soil,Germination,40,15,89.0,0,1,2.6667,35.6
Potato,Clay Soil,Germination,41,14,90.0,0,1,2.9286,36.9
Potato,Clay Soil,Germination,42,24,80.0,0,1,1.75,33.6
Potato,Clay Soil,Germination,43,23,81.0,0,1,1.8696,34.83
Potato,Clay Soil,Germination,44,22,82.0,0,1,2.0,36.08
Potato,Clay Soil,Germination,45,21,83.0,0,1,2.1429,37.35
Potato,Clay Soil,Germination,46,20,84.0,0,1,2.3,38.64
Potato,Clay Soil,Germination,47,19,85.0,0,1,2.4737,39.95
Potato,Clay Soil,Germination,48,18,86.0,0,1,2.6667,41.28
Potato,Clay Soil,Germination,49,17,87.0,0,1,2.8824,42.63
Potato,Clay Soil,Germination,50,16,88.0,0,1,3.125,44.0
Potato,Clay Soil,Germination,51,15,89.0,0,1,3.4,45.39
Potato,Clay Soil,Germination,52,14,90.0,0,1,3.7143,46.8
Potato,Clay Soil,Germination,53,13,91.0,0,1,4.0769,48.23
Potato,Clay Soil,Germination,54,24,80.0,0,1,2.25,43.2
Potato,Clay Soil,Germination,55,23,81.0,0,1,2.3913,44.55
Potato,Clay Soil,Germination,56,22,82.0,0,1,2.5455,45.92
Potato,Clay Soil,Germination,57,21,83.0,0,1,2.7143,47.31
Potato,Clay Soil,Germination,58,20,84.0,0,1,2.9,48.72
Potato,Clay Soil,Germination,59,19,85.0,0,1,3.1053,50.15
Potato,Clay Soil,Germination,60,18,86.0,0,1,3.3333,51.6
Potato,Clay Soil,Germination,61,17,87.0,0,1,3.5882,53.07
Potato,Clay Soil,Germination,62,16,88.0,0,1,3.875,54.56
Potato,Clay Soil,Germination,63,15,89.0,0,1,4.2,56.07
Potato,Clay Soil,Germination,64,14,90.0,0,1,4.5714,57.6
Potato,Clay Soil,Germination,65,13,91.0,0,1,5.0,59.15
Potato,Clay Soil,Germination,66,24,80.0,0,1,2.75,52.8
Potato,Clay Soil,Germination,67,23,81.0,0,1,2.913,54.27
Potato,Clay Soil,Germination,68,22,82.0,0,1,3.0909,55.76
Potato,Clay Soil,Germination,69,21,83.0,0,1,3.2857,57.27
Potato,Clay Soil,Seedling Stage,1,18,86.0,0,2,0.0556,0.86
Potato,Clay Soil,Seedling Stage,2,17,87.0,0,2,0.1176,1.74
Potato,Clay Soil,Seedling Stage,3,16,88.0,0,2,0.1875,2.64
Potato,Clay Soil,Seedling Stage,4,15,89.0,0,2,0.2667,3.56
Potato,Clay Soil,Seedling Stage,5,14,90.0,0,2,0.3571,4.5
Potato,Clay Soil,Seedling Stage,6,13,91.0,0,2,0.4615,5.46
Potato,Clay Soil,Seedling Stage,7,24,80.0,0,2,0.2917,5.6
Potato,Clay Soil,Seedling Stage,8,23,81.0,0,2,0.3478,6.48
Potato,Clay Soil,Seedling Stage,9,22,82.0,0,2,0.4091,7.38
Potato,Clay Soil,Seedling Stage,10,21,83.0,0,2,0.4762,8.3
Potato,Clay Soil,Seedling Stage,11,20,84.0,0,2,0.55,9.24
Potato,Clay Soil,Seedling Stage,12,19,85.0,0,2,0.6316,10.2
Potato,Clay Soil,Seedling Stage,13,18,86.0,0,2,0.7222,11.18
Potato,Clay Soil,Seedling Stage,14,17,87.0,0,2,0.8235,12.18
Potato,Clay Soil,Seedling Stage,15,16,88.0,0,2,0.9375,13.2
Potato,Clay Soil,Seedling Stage,16,15,89.0,0,2,1.0667,14.24
Potato,Clay Soil,Seedling Stage,17,14,90.0,0,2,1.2143,15.3
Potato,Clay Soil,Seedling Stage,18,13,91.0,0,2,1.3846,16.38
Potato,Clay Soil,Seedling Stage,19,24,80.0,0,2,0.7917,15.2
Potato,Clay Soil,Seedling Stage,20,23,81.0,0,2,0.8696,16.2
Potato,Clay Soil,Seedling Stage,21,22,82.0,0,2,0.9545,17.22
Potato,Clay Soil,Seedling Stage,22,21,83.0,0,2,1.0476,18.26
Potato,Clay Soil,Seedling Stage,23,20,84.0,0,2,1.15,19.32
Potato,Clay Soil,Seedling Stage,24,19,85.0,0,2,1.2632,20.4
Potato,Clay Soil,Seedling Stage,25,18,86.0,0,2,1.3889,21.5
Potato,Clay Soil,Seedling Stage,26,17,87.0,0,2,1.5294,22.62
Potato,Clay Soil,Seedling Stage,27,16,88.0,0,2,1.6875,23.76
Potato,Clay Soil,Seedling Stage,28,15,89.0,0,2,1.8667,24.92
Potato,Clay Soil,Seedling Stage,29,14,90.0,0,2,2.0714,26.1
Potato,Clay Soil,Seedling Stage,30,13,91.0,0,2,2.3077,27.3
Potato,Clay Soil,Seedling Stage,31,24,80.0,0,2,1.2917,24.8
Potato,Clay Soil,Seedling Stage,32,23,81.0,0,2,1.3913,25.92
Potato,Clay Soil,Seedling Stage,33,22,82.0,0,2,1.5,27.06
Potato,Clay Soil,Seedling Stage,34,21,83.0,0,2,1.619,28.22
Potato,Clay Soil,Seedling Stage,35,20,84.0,0,2,1.75,29.4
Potato,Clay Soil,Seedling Stage,36,19,85.0,0,2,1.8947,30.6
Potato,Clay Soil,Seedling Stage,37,18,86.0,0,2,2.0556,31.82
Potato,Clay Soil,Seedling Stage,38,17,87.0,0,2,2.2353,33.06
Potato,Clay Soil,Seedling Stage,39,16,88.0,0,2,2.4375,34.32
Potato,Clay Soil,Seedling Stage,40,15,89.0,0,2,2.6667,35.6
Potato,Clay Soil,Seedling Stage,41,14,90.0,0,2,2.9286,36.9
Potato,Clay Soil,Seedling Stage,42,24,80.0,0,2,1.75,33.6
Potato,Clay Soil,Seedling Stage,43,23,81.0,0,2,1.8696,34.83
Potato,Clay Soil,Seedling Stage,44,22,82.0,0,2,2.0,36.08
Potato,Clay Soil,Seedling Stage,45,21,83.0,0,2,2.1429,37.35
Potato,Clay Soil,Seedling Stage,46,20,84.0,0,2,2.3,38.64
Potato,Clay Soil,Seedling Stage,47,19,85.0,0,2,2.4737,39.95
Potato,Clay Soil,Seedling Stage,48,18,86.0,0,2,2.6667,41.28
Potato,Clay Soil,Seedling Stage,49,17,87.0,0,2,2.8824,42.63
Potato,Clay Soil,Seedling Stage,50,16,88.0,0,2,3.125,44.0
Potato,Clay Soil,Seedling Stage,51,15,89.0,0,2,3.4,45.39
Potato,Clay Soil,Seedling Stage,52,14,90.0,0,2,3.7143,46.8
Potato,Clay Soil,Seedling Stage,53,13,91.0,0,2,4.0769,48.23
Potato,Clay Soil,Seedling Stage,54,24,80.0,0,2,2.25,43.2
Potato,Clay Soil,Seedling Stage,55,23,81.0,0,2,2.3913,44.55
Potato,Clay Soil,Seedling Stage,56,22,82.0,0,2,2.5455,45.92
Potato,Clay Soil,Seedling Stage,57,21,83.0,0,2,2.7143,47.31
Potato,Clay Soil,Seedling Stage,58,20,84.0,0,2,2.9,48.72
Potato,Clay Soil,Seedling Stage,59,19,85.0,0,2,3.1053,50.15
Potato,Clay Soil,Vegetative Growth / Root or Tuber Development,1,18,86.0,0,3,0.0556,0.86
Potato,Clay Soil,Vegetative Growth / Root or Tuber Development,2,17,87.0,0,3,0.1176,1.74
Potato,Clay Soil,Vegetative Growth / Root or Tuber Development,3,16,88.0,0,3,0.1875,2.64
Potato,Clay Soil,Vegetative Growth / Root or Tuber Development,4,15,89.0,0,3,0.2667,3.56
Potato,Clay Soil,Vegetative Growth / Root or Tuber Development,5,14,90.0,0,3,0.3571,4.5
Potato,Clay Soil,Vegetative Growth / Root or Tuber Development,6,13,91.0,0,3,0.4615,5.46
Potato,Clay Soil,Vegetative Growth / Root or Tuber Development,7,24,80.0,0,3,0.2917,5.6
Potato,Clay Soil,Vegetative Growth / Root or Tuber Development,8,23,81.0,0,3,0.3478,6.48
Potato,Clay Soil,Vegetative Growth / Root or Tuber Development,9,22,82.0,0,3,0.4091,7.38
Potato,Clay Soil,Vegetative Growth / Root or Tuber Development,10,21,83.0,0,3,0.4762,8.3
Potato,Clay Soil,Vegetative Growth / Root or Tuber Development,11,20,84.0,0,3,0.55,9.24
Potato,Clay Soil,Vegetative Growth / Root or Tuber Development,12,19,85.0,0,3,0.6316,10.2
Potato,Clay Soil,Vegetative Growth / Root or Tuber Development,13,18,86.0,0,3,0.7222,11.18
Potato,Clay Soil,Vegetative Growth / Root or Tuber Development,14,17,87.0,0,3,0.8235,12.18
Potato,Clay Soil,Vegetative Growth / Root or Tuber Development,15,16,88.0,0,3,0.9375,13.2
Potato,Clay Soil,Vegetative Growth / Root or Tuber Development,16,15,89.0,0,3,1.0667,14.24
Potato,Clay Soil,Vegetative Growth / Root or Tuber Development,17,14,90.0,0,3,1.2143,15.3
Potato,Clay Soil,Vegetative Growth / Root or Tuber Development,18,13,91.0,0,3,1.3846,16.38
Potato,Clay Soil,Vegetative Growth / Root or Tuber Development,19,24,80.0,0,3,0.7917,15.2
Potato,Clay Soil,Vegetative Growth / Root or Tuber Development,20,23,81.0,0,3,0.8696,16.2
Potato,Clay Soil,Vegetative Growth / Root or Tuber Development,21,22,82.0,0,3,0.9545,17.22
Potato,Clay Soil,Vegetative Growth / Root or Tuber Development,22,21,83.0,0,3,1.0476,18.26
Potato,Clay Soil,Vegetative Growth / Root or Tuber Development,23,20,84.0,0,3,1.15,19.32
Potato,Clay Soil,Vegetative Growth / Root or Tuber Development,24,19,85.0,0,3,1.2632,20.4
Potato,Clay Soil,Vegetative Growth / Root or Tuber Development,25,18,86.0,0,3,1.3889,21.5
Potato,Clay Soil,Vegetative Growth / Root or Tuber Development,26,17,87.0,0,3,1.5294,22.62
Potato,Clay Soil,Vegetative Growth / Root or Tuber Development,27,16,88.0,0,3,1.6875,23.76
Potato,Clay Soil,Vegetative Growth / Root or Tuber Development,28,15,89.0,0,3,1.8667,24.92
Potato,Clay Soil,Vegetative Growth / Root or Tuber Development,29,14,90.0,0,3,2.0714,26.1
Potato,Clay Soil,Vegetative Growth / Root or Tuber Development,30,13,91.0,0,3,2.3077,27.3
Potato,Clay Soil,Vegetative Growth / Root or Tuber Development,31,24,80.0,0,3,1.2917,24.8
Potato,Clay Soil,Vegetative Growth / Root or Tuber Development,32,23,81.0,0,3,1.3913,25.92
Potato,Clay Soil,Vegetative Growth / Root or Tuber Development,33,22,82.0,0,3,1.5,27.06
Potato,Clay Soil,Vegetative Growth / Root or Tuber Development,34,21,83.0,0,3,1.619,28.22
Potato,Clay Soil,Vegetative Growth / Root or Tuber Development,35,20,84.0,0,3,1.75,29.4
Potato,Clay Soil,Vegetative Growth / Root or Tuber Development,36,19,85.0,0,3,1.8947,30.6
Potato,Clay Soil,Vegetative Growth / Root or Tuber Development,37,18,86.0,0,3,2.0556,31.82
Potato,Clay Soil,Vegetative Growth / Root or Tuber Development,38,17,87.0,0,3,2.2353,33.06
Potato,Clay Soil,Vegetative Growth / Root or Tuber Development,39,16,88.0,0,3,2.4375,34.32
Potato,Clay Soil,Vegetative Growth / Root or Tuber Development,40,15,89.0,0,3,2.6667,35.6
Potato,Clay Soil,Vegetative Growth / Root or Tuber Development,41,14,90.0,0,3,2.9286,36.9
Potato,Clay Soil,Vegetative Growth / Root or Tuber Development,42,24,80.0,0,3,1.75,33.6
Potato,Clay Soil,Vegetative Growth / Root or Tuber Development,43,23,81.0,0,3,1.8696,34.83
Potato,Clay Soil,Vegetative Growth / Root or Tuber Development,44,22,82.0,0,3,2.0,36.08
Potato,Clay Soil,Vegetative Growth / Root or Tuber Development,45,21,83.0,0,3,2.1429,37.35
Potato,Clay Soil,Vegetative Growth / Root or Tuber Development,46,20,84.0,0,3,2.3,38.64
Potato,Clay Soil,Vegetative Growth / Root or Tuber Development,47,19,85.0,0,3,2.4737,39.95
Potato,Clay Soil,Vegetative Growth / Root or Tuber Development,48,18,86.0,0,3,2.6667,41.28
Potato,Clay Soil,Vegetative Growth / Root or Tuber Development,49,17,87.0,0,3,2.8824,42.63
Potato,Clay Soil,Vegetative Growth / Root or Tuber Development,50,16,88.0,0,3,3.125,44.0
Potato,Clay Soil,Vegetative Growth / Root or Tuber Development,51,15,89.0,0,3,3.4,45.39
Potato,Clay Soil,Vegetative Growth / Root or Tuber Development,52,14,90.0,0,3,3.7143,46.8
Potato,Clay Soil,Vegetative Growth / Root or Tuber Development,53,13,91.0,0,3,4.0769,48.23
Potato,Clay Soil,Vegetative Growth / Root or Tuber Development,54,24,80.0,0,3,2.25,43.2
Potato,Clay Soil,Vegetative Growth / Root or Tuber Development,55,23,81.0,0,3,2.3913,44.55
Potato,Clay Soil,Vegetative Growth / Root or Tuber Development,56,22,82.0,0,3,2.5455,45.92
Potato,Clay Soil,Vegetative Growth / Root or Tuber Development,57,21,83.0,0,3,2.7143,47.31
Potato,Clay Soil,Vegetative Growth / Root or Tuber Development,58,20,84.0,0,3,2.9,48.72
Potato,Clay Soil,Vegetative Growth / Root or Tuber Development,59,19,85.0,0,3,3.1053,50.15
Potato,Clay Soil,Flowering,1,18,86.0,0,4,0.0556,0.86
Potato,Clay Soil,Flowering,2,17,87.0,0,4,0.1176,1.74
Potato,Clay Soil,Flowering,3,16,88.0,0,4,0.1875,2.64
Potato,Clay Soil,Flowering,4,15,89.0,0,4,0.2667,3.56
Potato,Clay Soil,Flowering,5,14,90.0,0,4,0.3571,4.5
Potato,Clay Soil,Flowering,6,13,91.0,0,4,0.4615,5.46
Potato,Clay Soil,Flowering,7,24,80.0,0,4,0.2917,5.6
Potato,Clay Soil,Flowering,8,23,81.0,0,4,0.3478,6.48
Potato,Clay Soil,Flowering,9,22,82.0,0,4,0.4091,7.38
Potato,Clay Soil,Flowering,10,21,83.0,0,4,0.4762,8.3
Potato,Clay Soil,Flowering,11,20,84.0,0,4,0.55,9.24
Potato,Clay Soil,Flowering,12,19,85.0,0,4,0.6316,10.2
Potato,Clay Soil,Flowering,13,18,86.0,0,4,0.7222,11.18
Potato,Clay Soil,Flowering,14,17,87.0,0,4,0.8235,12.18
Potato,Clay Soil,Flowering,15,16,88.0,0,4,0.9375,13.2
Potato,Clay Soil,Flowering,16,15,89.0,0,4,1.0667,14.24
Potato,Clay Soil,Flowering,17,14,90.0,0,4,1.2143,15.3
Potato,Clay Soil,Flowering,18,13,91.0,0,4,1.3846,16.38
Potato,Clay Soil,Flowering,19,24,80.0,0,4,0.7917,15.2
Potato,Clay Soil,Flowering,20,23,81.0,0,4,0.8696,16.2
Potato,Clay Soil,Flowering,21,22,82.0,0,4,0.9545,17.22
Potato,Clay Soil,Flowering,22,21,83.0,0,4,1.0476,18.26
Potato,Clay Soil,Flowering,23,20,84.0,0,4,1.15,19.32
Potato,Clay Soil,Flowering,24,19,85.0,0,4,1.2632,20.4
Potato,Clay Soil,Flowering,25,18,86.0,0,4,1.3889,21.5
Potato,Clay Soil,Flowering,26,17,87.0,0,4,1.5294,22.62
Potato,Clay Soil,Flowering,27,16,88.0,0,4,1.6875,23.76
Potato,Clay Soil,Flowering,28,15,89.0,0,4,1.8667,24.92
Potato,Clay Soil,Flowering,29,14,90.0,0,4,2.0714,26.1
Potato,Clay Soil,Flowering,30,13,91.0,0,4,2.3077,27.3
Potato,Clay Soil,Flowering,31,24,80.0,0,4,1.2917,24.8
Potato,Clay Soil,Flowering,32,23,81.0,0,4,1.3913,25.92
Potato,Clay Soil,Flowering,33,22,82.0,0,4,1.5,27.06
Potato,Clay Soil,Flowering,34,21,83.0,0,4,1.619,28.22
Potato,Clay Soil,Flowering,35,20,84.0,0,4,1.75,29.4
Potato,Clay Soil,Flowering,36,19,85.0,0,4,1.8947,30.6
Potato,Clay Soil,Flowering,37,18,86.0,0,4,2.0556,31.82
Potato,Clay Soil,Flowering,38,17,87.0,0,4,2.2353,33.06
Potato,Clay Soil,Flowering,39,16,88.0,0,4,2.4375,34.32
Potato,Clay Soil,Flowering,40,15,89.0,0,4,2.6667,35.6
Potato,Clay Soil,Flowering,41,14,90.0,0,4,2.9286,36.9
Potato,Clay Soil,Flowering,42,24,80.0,0,4,1.75,33.6
Potato,Clay Soil,Flowering,43,23,81.0,0,4,1.8696,34.83
Potato,Clay Soil,Flowering,44,22,82.0,0,4,2.0,36.08
Potato,Clay Soil,Flowering,45,21,83.0,0,4,2.1429,37.35
Potato,Clay Soil,Flowering,46,20,84.0,0,4,2.3,38.64
Potato,Clay Soil,Flowering,47,19,85.0,0,4,2.4737,39.95
Potato,Clay Soil,Flowering,48,18,86.0,0,4,2.6667,41.28
Potato,Clay Soil,Flowering,49,17,87.0,0,4,2.8824,42.63
Potato,Clay Soil,Pollination,1,18,86.0,0,5,0.0556,0.86
Potato,Clay Soil,Pollination,2,17,87.0,0,5,0.1176,1.74
Potato,Clay Soil,Pollination,3,16,88.0,0,5,0.1875,2.64
Potato,Clay Soil,Pollination,4,15,89.0,0,5,0.2667,3.56
Potato,Clay Soil,Pollination,5,14,90.0,0,5,0.3571,4.5
Potato,Clay Soil,Pollination,6,13,91.0,0,5,0.4615,5.46
Potato,Clay Soil,Pollination,7,24,80.0,0,5,0.2917,5.6
Potato,Clay Soil,Pollination,8,23,81.0,0,5,0.3478,6.48
Potato,Clay Soil,Pollination,9,22,82.0,0,5,0.4091,7.38
Potato,Clay Soil,Pollination,10,21,83.0,0,5,0.4762,8.3
Potato,Clay Soil,Pollination,11,20,84.0,0,5,0.55,9.24
Potato,Clay Soil,Pollination,12,19,85.0,0,5,0.6316,10.2
Potato,Clay Soil,Pollination,13,18,86.0,0,5,0.7222,11.18
Potato,Clay Soil,Pollination,14,17,87.0,0,5,0.8235,12.18
Potato,Clay Soil,Pollination,15,16,88.0,0,5,0.9375,13.2
Potato,Clay Soil,Pollination,16,15,89.0,0,5,1.0667,14.24
Potato,Clay Soil,Pollination,17,14,90.0,0,5,1.2143,15.3
Potato,Clay Soil,Pollination,18,13,91.0,0,5,1.3846,16.38
Potato,Clay Soil,Pollination,19,24,80.0,0,5,0.7917,15.2
Potato,Clay Soil,Pollination,20,23,81.0,0,5,0.8696,16.2
Potato,Clay Soil,Pollination,21,22,82.0,0,5,0.9545,17.22
Potato,Clay Soil,Pollination,22,21,83.0,0,5,1.0476,18.26
Potato,Clay Soil,Pollination,23,20,84.0,0,5,1.15,19.32
Potato,Clay Soil,Pollination,24,19,85.0,0,5,1.2632,20.4
Potato,Clay Soil,Pollination,25,18,86.0,0,5,1.3889,21.5
Potato,Clay Soil,Pollination,26,17,87.0,0,5,1.5294,22.62
Potato,Clay Soil,Pollination,27,16,88.0,0,5,1.6875,23.76
Potato,Clay Soil,Pollination,28,15,89.0,0,5,1.8667,24.92
Potato,Clay Soil,Pollination,29,14,90.0,0,5,2.0714,26.1
Potato,Clay Soil,Pollination,30,13,91.0,0,5,2.3077,27.3
Potato,Clay Soil,Pollination,31,24,80.0,0,5,1.2917,24.8
Potato,Clay Soil,Pollination,32,23,81.0,0,5,1.3913,25.92
Potato,Clay Soil,Pollination,33,22,82.0,0,5,1.5,27.06
Potato,Clay Soil,Pollination,34,21,83.0,0,5,1.619,28.22
Potato,Clay Soil,Pollination,35,20,84.0,0,5,1.75,29.4
Potato,Clay Soil,Pollination,36,19,85.0,0,5,1.8947,30.6
Potato,Clay Soil,Pollination,37,18,86.0,0,5,2.0556,31.82
Potato,Clay Soil,Pollination,38,17,87.0,0,5,2.2353,33.06
Potato,Clay Soil,Pollination,39,16,88.0,0,5,2.4375,34.32
Carrot,Loam Soil,Germination,1,25,80.0,1,1,0.04,0.8
Carrot,Loam Soil,Germination,2,26,77.0,1,1,0.0769,1.54
Carrot,Loam Soil,Germination,3,27,74.0,1,1,0.1111,2.22
Carrot,Loam Soil,Germination,4,28,71.0,1,1,0.1429,2.84
Carrot,Loam Soil,Germination,5,29,68.0,1,1,0.1724,3.4
Carrot,Loam Soil,Germination,6,30,65.0,1,1,0.2,3.9
Carrot,Loam Soil,Germination,7,31,62.0,1,1,0.2258,4.34
Carrot,Loam Soil,Germination,8,32,59.0,1,1,0.25,4.72
Carrot,Loam Soil,Germination,9,33,56.0,1,1,0.2727,5.04
Carrot,Loam Soil,Germination,10,34,53.0,1,1,0.2941,5.3
Carrot,Loam Soil,Germination,11,35,50.0,1,1,0.3143,5.5
Carrot,Loam Soil,Germination,12,36,47.0,1,1,0.3333,5.64
Carrot,Loam Soil,Germination,13,37,44.0,1,1,0.3514,5.72
Carrot,Loam Soil,Germination,14,38,41.0,1,1,0.3684,5.74
Carrot,Loam Soil,Germination,15,39,38.0,1,1,0.3846,5.7
Carrot,Loam Soil,Germination,16,40,35.0,1,1,0.4,5.6
Carrot,Loam Soil,Germination,17,41,32.0,1,1,0.4146,5.44
Carrot,Loam Soil,Germination,18,42,29.0,1,1,0.4286,5.22
Carrot,Loam Soil,Germination,19,43,26.0,1,1,0.4419,4.94
Carrot,Loam Soil,Germination,20,44,23.0,1,1,0.4545,4.6
Carrot,Loam Soil,Germination,21,45,20.0,1,1,0.4667,4.2
Carrot,Loam Soil,Germination,22,46,17.0,1,1,0.4783,3.74
Carrot,Loam Soil,Germination,23,25,78.0,1,1,0.92,17.94
Carrot,Loam Soil,Germination,24,26,75.0,1,1,0.9231,18.0
Carrot,Loam Soil,Germination,25,27,72.0,1,1,0.9259,18.0
Carrot,Loam Soil,Germination,26,28,69.0,1,1,0.9286,17.94
Carrot,Loam Soil,Germination,27,29,66.0,1,1,0.931,17.82
Carrot,Loam Soil,Germination,28,30,63.0,1,1,0.9333,17.64
Carrot,Loam Soil,Germination,29,31,60.0,1,1,0.9355,17.4
Carrot,Loam Soil,Germination,30,32,57.0,1,1,0.9375,17.1
Carrot,Loam Soil,Germination,31,33,54.0,1,1,0.9394,16.74
Carrot,Loam Soil,Germination,32,34,51.0,1,1,0.9412,16.32
Carrot,Loam Soil,Germination,33,35,48.0,1,1,0.9429,15.84
Carrot,Loam Soil,Germination,34,36,45.0,1,1,0.9444,15.3
Carrot,Loam Soil,Germination,35,37,42.0,1,1,0.9459,14.7
Carrot,Loam Soil,Germination,36,38,39.0,1,1,0.9474,14.04
Carrot,Loam Soil,Germination,37,39,36.0,1,1,0.9487,13.32
Carrot,Loam Soil,Germination,38,40,33.0,1,1,0.95,12.54
Carrot,Loam Soil,Germination,39,41,30.0,1,1,0.9512,11.7
Carrot,Loam Soil,Germination,40,42,27.0,1,1,0.9524,10.8
Carrot,Loam Soil,Germination,41,43,24.0,1,1,0.9535,9.84
Carrot,Loam Soil,Germination,42,44,21.0,1,1,0.9545,8.82
Carrot,Loam Soil,Germination,43,45,18.0,1,1,0.9556,7.74
Carrot,Loam Soil,Germination,44,46,15.0,1,1,0.9565,6.6
Carrot,Loam Soil,Germination,45,25,76.0,1,1,1.8,34.2
Carrot,Loam Soil,Germination,46,26,73.0,1,1,1.7692,33.58
Carrot,Loam Soil,Germination,47,27,70.0,1,1,1.7407,32.9
Carrot,Loam Soil,Germination,48,28,67.0,1,1,1.7143,32.16
Carrot,Loam Soil,Germination,49,29,64.0,1,1,1.6897,31.36
Carrot,Loam Soil,Germination,50,30,61.0,1,1,1.6667,30.5
Carrot,Loam Soil,Germination,51,31,58.0,1,1,1.6452,29.58
Carrot,Loam Soil,Germination,52,32,55.0,1,1,1.625,28.6
Carrot,Loam Soil,Germination,53,33,52.0,1,1,1.6061,27.56
Carrot,Loam Soil,Germination,54,34,49.0,1,1,1.5882,26.46
Carrot,Loam Soil,Germination,55,35,46.0,1,1,1.5714,25.3
Carrot,Loam Soil,Germination,56,36,43.0,1,1,1.5556,24.08
Carrot,Loam Soil,Germination,57,37,40.0,1,1,1.5405,22.8
Carrot,Loam Soil,Germination,58,38,37.0,1,1,1.5263,21.46
Carrot,Loam Soil,Germination,59,39,34.0,1,1,1.5128,20.06
Carrot,Loam Soil,Germination,60,40,31.0,1,1,1.5,18.6
Carrot,Loam Soil,Germination,61,25,80.0,1,1,2.44,48.8
Carrot,Loam Soil,Germination,62,26,77.0,1,1,2.3846,47.74
Carrot,Loam Soil,Germination,63,27,74.0,1,1,2.3333,46.62
Carrot,Loam Soil,Germination,64,28,71.0,1,1,2.2857,45.44
Carrot,Loam Soil,Germination,65,29,68.0,1,1,2.2414,44.2
Carrot,Loam Soil,Germination,66,30,65.0,1,1,2.2,42.9
Carrot,Loam Soil,Germination,67,31,62.0,1,1,2.1613,41.54
Carrot,Loam Soil,Germination,68,32,59.0,1,1,2.125,40.12
Carrot,Loam Soil,Germination,69,33,56.0,1,1,2.0909,38.64
Carrot,Loam Soil,Germination,70,34,53.0,1,1,2.0588,37.1
Carrot,Loam Soil,Germination,71,35,50.0,1,1,2.0286,35.5
Carrot,Loam Soil,Germination,72,36,47.0,1,1,2.0,33.84
Carrot,Loam Soil,Germination,73,37,44.0,1,1,1.973,32.12
Carrot,Loam Soil,Germination,74,38,41.0,1,1,1.9474,30.34
Carrot,Loam Soil,Germination,75,39,38.0,1,1,1.9231,28.5
Carrot,Loam Soil,Germination,76,40,35.0,1,1,1.9,26.6
Carrot,Loam Soil,Germination,77,41,32.0,1,1,1.878,24.64
Carrot,Loam Soil,Germination,78,42,29.0,1,1,1.8571,22.62
Carrot,Loam Soil,Germination,79,43,26.0,1,1,1.8372,20.54
Carrot,Loam Soil,Germination,91,33,54.0,0,1,2.7576,49.14
Carrot,Loam Soil,Germination,92,34,51.0,0,1,2.7059,46.92
Carrot,Loam Soil,Germination,93,35,48.0,0,1,2.6571,44.64
Carrot,Loam Soil,Germination,94,36,45.0,0,1,2.6111,42.3
Carrot,Loam Soil,Germination,95,37,42.0,0,1,2.5676,39.9
Carrot,Loam Soil,Germination,96,38,39.0,0,1,2.5263,37.44
Carrot,Loam Soil,Germination,97,39,36.0,0,1,2.4872,34.92
Carrot,Loam Soil,Germination,98,40,33.0,0,1,2.45,32.34
Carrot,Loam Soil,Germination,99,41,30.0,0,1,2.4146,29.7
Carrot,Loam Soil,Germination,100,42,27.0,0,1,2.381,27.0
Carrot,Loam Soil,Seedling Stage,1,43,24.0,1,2,0.0233,0.24
Carrot,Loam Soil,Seedling Stage,2,44,21.0,1,2,0.0455,0.42
Carrot,Loam Soil,Seedling Stage,3,45,18.0,1,2,0.0667,0.54
Carrot,Loam Soil,Seedling Stage,4,46,15.0,1,2,0.087,0.6
Carrot,Loam Soil,Seedling Stage,5,25,76.0,1,2,0.2,3.8
Carrot,Loam Soil,Seedling Stage,6,26,73.0,1,2,0.2308,4.38
Carrot,Loam Soil,Seedling Stage,7,27,70.0,1,2,0.2593,4.9
Carrot,Loam Soil,Seedling Stage,8,28,67.0,1,2,0.2857,5.36
Carrot,Loam Soil,Seedling Stage,9,29,64.0,1,2,0.3103,5.76
Carrot,Loam Soil,Seedling Stage,10,30,61.0,1,2,0.3333,6.1
Carrot,Loam Soil,Seedling Stage,11,31,58.0,1,2,0.3548,6.38
Carrot,Loam Soil,Seedling Stage,12,32,55.0,1,2,0.375,6.6
Carrot,Loam Soil,Seedling Stage,13,33,52.0,1,2,0.3939,6.76
Carrot,Loam Soil,Seedling Stage,14,34,49.0,1,2,0.4118,6.86
Carrot,Loam Soil,Seedling Stage,15,35,46.0,1,2,0.4286,6.9
Carrot,Loam Soil,Seedling Stage,16,36,43.0,1,2,0.4444,6.88
Carrot,Loam Soil,Seedling Stage,17,37,40.0,1,2,0.4595,6.8
Carrot,Loam Soil,Seedling Stage,18,38,37.0,1,2,0.4737,6.66
Carrot,Loam Soil,Seedling Stage,19,39,34.0,1,2,0.4872,6.46
Carrot,Loam Soil,Seedling Stage,20,40,31.0,1,2,0.5,6.2
Carrot,Loam Soil,Seedling Stage,21,25,80.0,1,2,0.84,16.8
Carrot,Loam Soil,Seedling Stage,22,26,77.0,1,2,0.8462,16.94
Carrot,Loam Soil,Seedling Stage,23,27,74.0,1,2,0.8519,17.02
Carrot,Loam Soil,Seedling Stage,24,28,71.0,1,2,0.8571,17.04
Carrot,Loam Soil,Seedling Stage,25,29,68.0,1,2,0.8621,17.0
Carrot,Loam Soil,Seedling Stage,26,30,65.0,1,2,0.8667,16.9
Carrot,Loam Soil,Seedling Stage,27,31,62.0,1,2,0.871,16.74
Carrot,Loam Soil,Seedling Stage,28,32,59.0,1,2,0.875,16.52
Carrot,Loam Soil,Seedling Stage,29,33,56.0,1,2,0.8788,16.24
Carrot,Loam Soil,Seedling Stage,30,34,53.0,1,2,0.8824,15.9
Carrot,Loam Soil,Seedling Stage,31,35,50.0,1,2,0.8857,15.5
Carrot,Loam Soil,Seedling Stage,32,36,47.0,1,2,0.8889,15.04
Carrot,Loam Soil,Seedling Stage,33,37,44.0,1,2,0.8919,14.52
Carrot,Loam Soil,Seedling Stage,34,38,41.0,1,2,0.8947,13.94
Carrot,Loam Soil,Seedling Stage,35,39,38.0,1,2,0.8974,13.3
Carrot,Loam Soil,Seedling Stage,36,40,35.0,1,2,0.9,12.6
Carrot,Loam Soil,Seedling Stage,37,41,32.0,1,2,0.9024,11.84
Carrot,Loam Soil,Seedling Stage,38,42,29.0,1,2,0.9048,11.02
Carrot,Loam Soil,Seedling Stage,39,43,26.0,1,2,0.907,10.14
Carrot,Loam Soil,Seedling Stage,40,44,23.0,1,2,0.9091,9.2
Carrot,Loam Soil,Seedling Stage,41,45,20.0,1,2,0.9111,8.2
Carrot,Loam Soil,Seedling Stage,42,46,17.0,1,2,0.913,7.14
Carrot,Loam Soil,Seedling Stage,43,25,78.0,1,2,1.72,33.54
Carrot,Loam Soil,Seedling Stage,44,26,75.0,1,2,1.6923,33.0
Carrot,Loam Soil,Seedling Stage,45,27,72.0,1,2,1.6667,32.4
Carrot,Loam Soil,Seedling Stage,46,28,69.0,1,2,1.6429,31.74
Carrot,Loam Soil,Seedling Stage,47,29,66.0,1,2,1.6207,31.02
Carrot,Loam Soil,Seedling Stage,48,30,63.0,1,2,1.6,30.24
Carrot,Loam Soil,Seedling Stage,49,31,60.0,1,2,1.5806,29.4
Carrot,Loam Soil,Seedling Stage,50,32,57.0,1,2,1.5625,28.5
Carrot,Loam Soil,Seedling Stage,51,33,54.0,1,2,1.5455,27.54
Carrot,Loam Soil,Seedling Stage,52,34,51.0,1,2,1.5294,26.52
Carrot,Loam Soil,Seedling Stage,53,35,48.0,1,2,1.5143,25.44
Carrot,Loam Soil,Seedling Stage,54,36,45.0,1,2,1.5,24.3
Carrot,Loam Soil,Seedling Stage,55,37,42.0,1,2,1.4865,23.1
Carrot,Loam Soil,Seedling Stage,56,38,39.0,1,2,1.4737,21.84
Carrot,Loam Soil,Seedling Stage,57,39,36.0,1,2,1.4615,20.52
Carrot,Loam Soil,Seedling Stage,58,40,33.0,1,2,1.45,19.14
Carrot,Loam Soil,Seedling Stage,59,41,30.0,1,2,1.439,17.7
Carrot,Loam Soil,Seedling Stage,60,42,27.0,1,2,1.4286,16.2
Carrot,Loam Soil,Seedling Stage,61,43,24.0,1,2,1.4186,14.64
Carrot,Loam Soil,Seedling Stage,62,44,21.0,1,2,1.4091,13.02
Carrot,Loam Soil,Seedling Stage,63,45,18.0,1,2,1.4,11.34
Carrot,Loam Soil,Seedling Stage,64,46,15.0,1,2,1.3913,9.6
Carrot,Loam Soil,Seedling Stage,65,25,76.0,1,2,2.6,49.4
Carrot,Loam Soil,Seedling Stage,66,26,73.0,1,2,2.5385,48.18
Carrot,Loam Soil,Seedling Stage,67,27,70.0,1,2,2.4815,46.9
Carrot,Loam Soil,Seedling Stage,68,28,67.0,1,2,2.4286,45.56
Carrot,Loam Soil,Seedling Stage,69,29,64.0,1,2,2.3793,44.16
Carrot,Loam Soil,Seedling Stage,81,25,80.0,0,2,3.24,64.8
Carrot,Loam Soil,Seedling Stage,82,26,77.0,0,2,3.1538,63.14
Carrot,Loam Soil,Seedling Stage,83,27,74.0,0,2,3.0741,61.42
Carrot,Loam Soil,Seedling Stage,84,28,71.0,0,2,3.0,59.64
Carrot,Loam Soil,Seedling Stage,85,29,68.0,0,2,2.931,57.8
Carrot,Loam Soil,Seedling Stage,86,30,65.0,0,2,2.8667,55.9
Carrot,Loam Soil,Seedling Stage,87,31,62.0,0,2,2.8065,53.94
Carrot,Loam Soil,Seedling Stage,88,32,59.0,0,2,2.75,51.92
Carrot,Loam Soil,Seedling Stage,89,33,56.0,0,2,2.697,49.84
Carrot,Loam Soil,Seedling Stage,90,34,53.0,0,2,2.6471,47.7
Carrot,Loam Soil,Seedling Stage,91,35,50.0,0,2,2.6,45.5
Carrot,Loam Soil,Seedling Stage,92,36,47.0,0,2,2.5556,43.24
Carrot,Loam Soil,Seedling Stage,93,37,44.0,0,2,2.5135,40.92
Carrot,Loam Soil,Seedling Stage,94,38,41.0,0,2,2.4737,38.54
Carrot,Loam Soil,Seedling Stage,95,39,38.0,0,2,2.4359,36.1
Carrot,Loam Soil,Seedling Stage,96,40,35.0,0,2,2.4,33.6
Carrot,Loam Soil,Seedling Stage,97,41,32.0,0,2,2.3659,31.04
Carrot,Loam Soil,Seedling Stage,98,42,29.0,0,2,2.3333,28.42
Carrot,Loam Soil,Seedling Stage,99,43,26.0,0,2,2.3023,25.74
Carrot,Loam Soil,Seedling Stage,100,44,23.0,0,2,2.2727,23.0
Carrot,Loam Soil,Vegetative Growth / Root or Tuber Development,1,45,20.0,1,3,0.0222,0.2
Carrot,Loam Soil,Vegetative Growth / Root or Tuber Development,2,46,17.0,1,3,0.0435,0.34
Carrot,Loam Soil,Vegetative Growth / Root or Tuber Development,3,25,78.0,1,3,0.12,2.34
Carrot,Loam Soil,Vegetative Growth / Root or Tuber Development,4,26,75.0,1,3,0.1538,3.0
Carrot,Loam Soil,Vegetative Growth / Root or Tuber Development,5,27,72.0,1,3,0.1852,3.6
Carrot,Loam Soil,Vegetative Growth / Root or Tuber Development,6,28,69.0,1,3,0.2143,4.14
Carrot,Loam Soil,Vegetative Growth / Root or Tuber Development,7,29,66.0,1,3,0.2414,4.62
Carrot,Loam Soil,Vegetative Growth / Root or Tuber Development,8,30,63.0,1,3,0.2667,5.04
Carrot,Loam Soil,Vegetative Growth / Root or Tuber Development,9,31,60.0,1,3,0.2903,5.4
Carrot,Loam Soil,Vegetative Growth / Root or Tuber Development,10,32,57.0,1,3,0.3125,5.7
Carrot,Loam Soil,Vegetative Growth / Root or Tuber Development,11,33,54.0,1,3,0.3333,5.94
Carrot,Loam Soil,Vegetative Growth / Root or Tuber Development,12,34,51.0,1,3,0.3529,6.12
Carrot,Loam Soil,Vegetative Growth / Root or Tuber Development,13,35,48.0,1,3,0.3714,6.24
Carrot,Loam Soil,Vegetative Growth / Root or Tuber Development,14,36,45.0,1,3,0.3889,6.3
Carrot,Loam Soil,Vegetative Growth / Root or Tuber Development,15,37,42.0,1,3,0.4054,6.3
Carrot,Loam Soil,Vegetative Growth / Root or Tuber Development,16,38,39.0,1,3,0.4211,6.24
Carrot,Loam Soil,Vegetative Growth / Root or Tuber Development,17,39,36.0,1,3,0.4359,6.12
Carrot,Loam Soil,Vegetative Growth / Root or Tuber Development,18,40,33.0,1,3,0.45,5.94
Carrot,Loam Soil,Vegetative Growth / Root or Tuber Development,19,41,30.0,1,3,0.4634,5.7
Carrot,Loam Soil,Vegetative Growth / Root or Tuber Development,20,42,27.0,1,3,0.4762,5.4
Carrot,Loam Soil,Vegetative Growth / Root or Tuber Development,21,43,24.0,1,3,0.4884,5.04
Carrot,Loam Soil,Vegetative Growth / Root or Tuber Development,22,44,21.0,1,3,0.5,4.62
Carrot,Loam Soil,Vegetative Growth / Root or Tuber Development,23,45,18.0,1,3,0.5111,4.14
Carrot,Loam Soil,Vegetative Growth / Root or Tuber Development,24,46,15.0,1,3,0.5217,3.6
Carrot,Loam Soil,Vegetative Growth / Root or Tuber Development,25,25,76.0,1,3,1.0,19.0
Carrot,Loam Soil,Vegetative Growth / Root or Tuber Development,26,26,73.0,1,3,1.0,18.98
Carrot,Loam Soil,Vegetative Growth / Root or Tuber Development,27,27,70.0,1,3,1.0,18.9
Carrot,Loam Soil,Vegetative Growth / Root or Tuber Development,28,28,67.0,1,3,1.0,18.76
Carrot,Loam Soil,Vegetative Growth / Root or Tuber Development,29,29,64.0,1,3,1.0,18.56
Carrot,Loam Soil,Vegetative Growth / Root or Tuber Development,30,30,61.0,1,3,1.0,18.3
Carrot,Loam Soil,Vegetative Growth / Root or Tuber Development,31,31,58.0,1,3,1.0,17.98
Carrot,Loam Soil,Vegetative Growth / Root or Tuber Development,32,32,55.0,1,3,1.0,17.6
Carrot,Loam Soil,Vegetative Growth / Root or Tuber Development,33,33,52.0,1,3,1.0,17.16
Carrot,Loam Soil,Vegetative Growth / Root or Tuber Development,34,34,49.0,1,3,1.0,16.66
Carrot,Loam Soil,Vegetative Growth / Root or Tuber Development,35,35,46.0,1,3,1.0,16.1
Carrot,Loam Soil,Vegetative Growth / Root or Tuber Development,36,36,43.0,1,3,1.0,15.48
Carrot,Loam Soil,Vegetative Growth / Root or Tuber Development,37,37,40.0,1,3,1.0,14.8
Carrot,Loam Soil,Vegetative Growth / Root or Tuber Development,38,38,37.0,1,3,1.0,14.06
Carrot,Loam Soil,Vegetative Growth / Root or Tuber Development,39,39,34.0,1,3,1.0,13.26
Carrot,Loam Soil,Vegetative Growth / Root or Tuber Development,40,40,31.0,1,3,1.0,12.4
Carrot,Loam Soil,Vegetative Growth / Root or Tuber Development,41,25,80.0,1,3,1.64,32.8
Carrot,Loam Soil,Vegetative Growth / Root or Tuber Development,42,26,77.0,1,3,1.6154,32.34
Carrot,Loam Soil,Vegetative Growth / Root or Tuber Development,43,27,74.0,1,3,1.5926,31.82
Carrot,Loam Soil,Vegetative Growth / Root or Tuber Development,44,28,71.0,1,3,1.5714,31.24
Carrot,Loam Soil,Vegetative Growth / Root or Tuber Development,45,29,68.0,1,3,1.5517,30.6
Carrot,Loam Soil,Vegetative Growth / Root or Tuber Development,46,30,65.0,1,3,1.5333,29.9
Carrot,Loam Soil,Vegetative Growth / Root or Tuber Development,47,31,62.0,1,3,1.5161,29.14
Carrot,Loam Soil,Vegetative Growth / Root or Tuber Development,48,32,59.0,1,3,1.5,28.32
Carrot,Loam Soil,Vegetative Growth / Root or Tuber Development,49,33,56.0,1,3,1.4848,27.44
Carrot,Loam Soil,Vegetative Growth / Root or Tuber Development,50,34,53.0,1,3,1.4706,26.5
Carrot,Loam Soil,Vegetative Growth / Root or Tuber Development,51,35,50.0,1,3,1.4571,25.5
Carrot,Loam Soil,Vegetative Growth / Root or Tuber Development,52,36,47.0,1,3,1.4444,24.44
Carrot,Loam Soil,Vegetative Growth / Root or Tuber Development,53,37,44.0,1,3,1.4324,23.32
Carrot,Loam Soil,Vegetative Growth / Root or Tuber Development,54,38,41.0,1,3,1.4211,22.14
Carrot,Loam Soil,Vegetative Growth / Root or Tuber Development,55,39,38.0,1,3,1.4103,20.9
Carrot,Loam Soil,Vegetative Growth / Root or Tuber Development,56,40,35.0,1,3,1.4,19.6
Carrot,Loam Soil,Vegetative Growth / Root or Tuber Development,57,41,32.0,1,3,1.3902,18.24
Carrot,Loam Soil,Vegetative Growth / Root or Tuber Development,58,42,29.0,1,3,1.381,16.82
Carrot,Loam Soil,Vegetative Growth / Root or Tuber Development,59,43,26.0,1,3,1.3721,15.34
Carrot,Loam Soil,Vegetative Growth / Root or Tuber Development,71,33,54.0,0,3,2.1515,38.34
Carrot,Loam Soil,Vegetative Growth / Root or Tuber Development,72,34,51.0,0,3,2.1176,36.72
Carrot,Loam Soil,Vegetative Growth / Root or Tuber Development,73,35,48.0,0,3,2.0857,35.04
Carrot,Loam Soil,Vegetative Growth / Root or Tuber Development,74,36,45.0,0,3,2.0556,33.3
Carrot,Loam Soil,Vegetative Growth / Root or Tuber Development,75,37,42.0,0,3,2.027,31.5
Carrot,Loam Soil,Vegetative Growth / Root or Tuber Development,76,38,39.0,0,3,2.0,29.64
Carrot,Loam Soil,Vegetative Growth / Root or Tuber Development,77,39,36.0,0,3,1.9744,27.72
Carrot,Loam Soil,Vegetative Growth / Root or Tuber Development,78,40,33.0,0,3,1.95,25.74
Carrot,Loam Soil,Vegetative Growth / Root or Tuber Development,79,41,30.0,0,3,1.9268,23.7
Carrot,Loam Soil,Vegetative Growth / Root or Tuber Development,80,42,27.0,0,3,1.9048,21.6
Carrot,Loam Soil,Vegetative Growth / Root or Tuber Development,81,43,24.0,0,3,1.8837,19.44
Carrot,Loam Soil,Vegetative Growth / Root or Tuber Development,82,44,21.0,0,3,1.8636,17.22
Carrot,Loam Soil,Vegetative Growth / Root or Tuber Development,83,45,18.0,0,3,1.8444,14.94
Carrot,Loam Soil,Vegetative Growth / Root or Tuber Development,84,46,15.0,0,3,1.8261,12.6
Carrot,Loam Soil,Vegetative Growth / Root or Tuber Development,85,25,76.0,0,3,3.4,64.6
Carrot,Loam Soil,Vegetative Growth / Root or Tuber Development,86,26,73.0,0,3,3.3077,62.78
Carrot,Loam Soil,Vegetative Growth / Root or Tuber Development,87,27,70.0,0,3,3.2222,60.9
Carrot,Loam Soil,Vegetative Growth / Root or Tuber Development,88,28,67.0,0,3,3.1429,58.96
Carrot,Loam Soil,Vegetative Growth / Root or Tuber Development,89,29,64.0,0,3,3.069,56.96
Carrot,Loam Soil,Vegetative Growth / Root or Tuber Development,90,30,61.0,0,3,3.0,54.9
Carrot,Loam Soil,Vegetative Growth / Root or Tuber Development,91,31,58.0,0,3,2.9355,52.78
Carrot,Loam Soil,Vegetative Growth / Root or Tuber Development,92,32,55.0,0,3,2.875,50.6
Carrot,Loam Soil,Vegetative Growth / Root or Tuber Development,93,33,52.0,0,3,2.8182,48.36
Carrot,Loam Soil,Vegetative Growth / Root or Tuber Development,94,34,49.0,0,3,2.7647,46.06
Carrot,Loam Soil,Vegetative Growth / Root or Tuber Development,95,35,46.0,0,3,2.7143,43.7
Carrot,Loam Soil,Vegetative Growth / Root or Tuber Development,96,36,43.0,0,3,2.6667,41.28
Carrot,Loam Soil,Vegetative Growth / Root or Tuber Development,97,37,40.0,0,3,2.6216,38.8
Carrot,Loam Soil,Vegetative Growth / Root or Tuber Development,98,38,37.0,0,3,2.5789,36.26
Carrot,Loam Soil,Vegetative Growth / Root or Tuber Development,99,39,34.0,0,3,2.5385,33.66
Carrot,Loam Soil,Vegetative Growth / Root or Tuber Development,100,40,31.0,0,3,2.5,31.0
Carrot,Loam Soil,Flowering,1,25,80.0,1,4,0.04,0.8
Carrot,Loam Soil,Flowering,2,26,77.0,1,4,0.0769,1.54
Carrot,Loam Soil,Flowering,3,27,74.0,1,4,0.1111,2.22
Carrot,Loam Soil,Flowering,4,28,71.0,1,4,0.1429,2.84
Carrot,Loam Soil,Flowering,5,29,68.0,1,4,0.1724,3.4
Carrot,Loam Soil,Flowering,6,30,65.0,1,4,0.2,3.9
Carrot,Loam Soil,Flowering,7,31,62.0,1,4,0.2258,4.34
Carrot,Loam Soil,Flowering,8,32,59.0,1,4,0.25,4.72
Carrot,Loam Soil,Flowering,9,33,56.0,1,4,0.2727,5.04
Carrot,Loam Soil,Flowering,10,34,53.0,1,4,0.2941,5.3
Carrot,Loam Soil,Flowering,11,35,50.0,1,4,0.3143,5.5
Carrot,Loam Soil,Flowering,12,36,47.0,1,4,0.3333,5.64
Carrot,Loam Soil,Flowering,13,37,44.0,1,4,0.3514,5.72
Carrot,Loam Soil,Flowering,14,38,41.0,1,4,0.3684,5.74
Carrot,Loam Soil,Flowering,15,39,38.0,1,4,0.3846,5.7
Carrot,Loam Soil,Flowering,16,40,35.0,1,4,0.4,5.6
Carrot,Loam Soil,Flowering,17,41,32.0,1,4,0.4146,5.44
Carrot,Loam Soil,Flowering,18,42,29.0,1,4,0.4286,5.22
Carrot,Loam Soil,Flowering,19,43,26.0,1,4,0.4419,4.94
Carrot,Loam Soil,Flowering,20,44,23.0,1,4,0.4545,4.6
Carrot,Loam Soil,Flowering,21,45,20.0,1,4,0.4667,4.2
Carrot,Loam Soil,Flowering,22,46,17.0,1,4,0.4783,3.74
Carrot,Loam Soil,Flowering,23,25,78.0,1,4,0.92,17.94
Carrot,Loam Soil,Flowering,24,26,75.0,1,4,0.9231,18.0
Carrot,Loam Soil,Flowering,25,27,72.0,1,4,0.9259,18.0
Carrot,Loam Soil,Flowering,26,28,69.0,1,4,0.9286,17.94
Carrot,Loam Soil,Flowering,27,29,66.0,1,4,0.931,17.82
Carrot,Loam Soil,Flowering,28,30,63.0,1,4,0.9333,17.64
Carrot,Loam Soil,Flowering,29,31,60.0,1,4,0.9355,17.4
Carrot,Loam Soil,Flowering,30,32,57.0,1,4,0.9375,17.1
Carrot,Loam Soil,Flowering,31,33,54.0,1,4,0.9394,16.74
Carrot,Loam Soil,Flowering,32,34,51.0,1,4,0.9412,16.32
Carrot,Loam Soil,Flowering,33,35,48.0,1,4,0.9429,15.84
Carrot,Loam Soil,Flowering,34,36,45.0,1,4,0.9444,15.3
Carrot,Loam Soil,Flowering,35,37,42.0,1,4,0.9459,14.7
Carrot,Loam Soil,Flowering,36,38,39.0,1,4,0.9474,14.04
Carrot,Loam Soil,Flowering,37,39,36.0,1,4,0.9487,13.32
Carrot,Loam Soil,Flowering,38,40,33.0,1,4,0.95,12.54
Carrot,Loam Soil,Flowering,39,41,30.0,1,4,0.9512,11.7
Carrot,Loam Soil,Flowering,40,42,27.0,1,4,0.9524,10.8
Carrot,Loam Soil,Flowering,41,43,24.0,1,4,0.9535,9.84
Carrot,Loam Soil,Flowering,42,44,21.0,1,4,0.9545,8.82
Carrot,Loam Soil,Flowering,43,45,18.0,1,4,0.9556,7.74
Carrot,Loam Soil,Flowering,44,46,15.0,1,4,0.9565,6.6
Carrot,Loam Soil,Flowering,45,25,76.0,1,4,1.8,34.2
Carrot,Loam Soil,Flowering,46,26,73.0,1,4,1.7692,33.58
Carrot,Loam Soil,Flowering,47,27,70.0,1,4,1.7407,32.9
Carrot,Loam Soil,Flowering,48,28,67.0,1,4,1.7143,32.16
Carrot,Loam Soil,Flowering,49,29,64.0,1,4,1.6897,31.36
Carrot,Loam Soil,Flowering,50,30,61.0,1,4,1.6667,30.5
Carrot,Loam Soil,Flowering,51,31,58.0,1,4,1.6452,29.58
Carrot,Loam Soil,Flowering,52,32,55.0,1,4,1.625,28.6
Carrot,Loam Soil,Flowering,53,33,52.0,1,4,1.6061,27.56
Carrot,Loam Soil,Flowering,54,34,49.0,1,4,1.5882,26.46
Carrot,Loam Soil,Flowering,55,35,46.0,1,4,1.5714,25.3
Carrot,Loam Soil,Flowering,56,36,43.0,1,4,1.5556,24.08
Carrot,Loam Soil,Flowering,57,37,40.0,1,4,1.5405,22.8
Carrot,Loam Soil,Flowering,58,38,37.0,1,4,1.5263,21.46
Carrot,Loam Soil,Flowering,59,39,34.0,1,4,1.5128,20.06
Carrot,Loam Soil,Flowering,71,35,50.0,0,4,2.0286,35.5
Carrot,Loam Soil,Flowering,72,36,47.0,0,4,2.0,33.84
Carrot,Loam Soil,Flowering,73,37,44.0,0,4,1.973,32.12
Carrot,Loam Soil,Flowering,74,38,41.0,0,4,1.9474,30.34
Carrot,Loam Soil,Flowering,75,39,38.0,0,4,1.9231,28.5
Carrot,Loam Soil,Flowering,76,40,35.0,0,4,1.9,26.6
Carrot,Loam Soil,Flowering,77,41,32.0,0,4,1.878,24.64
Carrot,Loam Soil,Flowering,78,42,29.0,0,4,1.8571,22.62
Carrot,Loam Soil,Flowering,79,43,26.0,0,4,1.8372,20.54
Carrot,Loam Soil,Flowering,80,44,23.0,0,4,1.8182,18.4
Carrot,Loam Soil,Flowering,81,45,20.0,0,4,1.8,16.2
Carrot,Loam Soil,Flowering,82,46,17.0,0,4,1.7826,13.94
Carrot,Loam Soil,Flowering,83,25,78.0,0,4,3.32,64.74
Carrot,Loam Soil,Flowering,84,26,75.0,0,4,3.2308,63.0
Carrot,Loam Soil,Flowering,85,27,72.0,0,4,3.1481,61.2
Carrot,Loam Soil,Flowering,86,28,69.0,0,4,3.0714,59.34
Carrot,Loam Soil,Flowering,87,29,66.0,0,4,3.0,57.42
Carrot,Loam Soil,Flowering,88,30,63.0,0,4,2.9333,55.44
Carrot,Loam Soil,Flowering,89,31,60.0,0,4,2.871,53.4
Carrot,Loam Soil,Flowering,90,32,57.0,0,4,2.8125,51.3
Carrot,Loam Soil,Flowering,91,33,54.0,0,4,2.7576,49.14
Carrot,Loam Soil,Flowering,92,34,51.0,0,4,2.7059,46.92
Carrot,Loam Soil,Flowering,93,35,48.0,0,4,2.6571,44.64
Carrot,Loam Soil,Flowering,94,36,45.0,0,4,2.6111,42.3
Carrot,Loam Soil,Flowering,95,37,42.0,0,4,2.5676,39.9
Carrot,Loam Soil,Flowering,96,38,39.0,0,4,2.5263,37.44
Carrot,Loam Soil,Flowering,97,39,36.0,0,4,2.4872,34.92
Carrot,Loam Soil,Flowering,98,40,33.0,0,4,2.45,32.34
Carrot,Loam Soil,Flowering,99,41,30.0,0,4,2.4146,29.7
Carrot,Loam Soil,Flowering,100,42,27.0,0,4,2.381,27.0
Carrot,Loam Soil,Pollination,1,43,24.0,1,5,0.0233,0.24
Carrot,Loam Soil,Pollination,2,44,21.0,1,5,0.0455,0.42
Carrot,Loam Soil,Pollination,3,45,18.0,1,5,0.0667,0.54
Carrot,Loam Soil,Pollination,4,46,15.0,1,5,0.087,0.6
Carrot,Loam Soil,Pollination,5,25,76.0,1,5,0.2,3.8
Carrot,Loam Soil,Pollination,6,26,73.0,1,5,0.2308,4.38
Carrot,Loam Soil,Pollination,7,27,70.0,1,5,0.2593,4.9
Carrot,Loam Soil,Pollination,8,28,67.0,1,5,0.2857,5.36
Carrot,Loam Soil,Pollination,9,29,64.0,1,5,0.3103,5.76
Carrot,Loam Soil,Pollination,10,30,61.0,1,5,0.3333,6.1
Carrot,Loam Soil,Pollination,11,31,58.0,1,5,0.3548,6.38
Carrot,Loam Soil,Pollination,12,32,55.0,1,5,0.375,6.6
Carrot,Loam Soil,Pollination,13,33,52.0,1,5,0.3939,6.76
Carrot,Loam Soil,Pollination,14,34,49.0,1,5,0.4118,6.86
Carrot,Loam Soil,Pollination,15,35,46.0,1,5,0.4286,6.9
Carrot,Loam Soil,Pollination,16,36,43.0,1,5,0.4444,6.88
Carrot,Loam Soil,Pollination,17,37,40.0,1,5,0.4595,6.8
Carrot,Loam Soil,Pollination,18,38,37.0,1,5,0.4737,6.66
Carrot,Loam Soil,Pollination,19,39,34.0,1,5,0.4872,6.46
Carrot,Loam Soil,Pollination,20,40,31.0,1,5,0.5,6.2
Carrot,Loam Soil,Pollination,21,25,80.0,1,5,0.84,16.8
Carrot,Loam Soil,Pollination,22,26,77.0,1,5,0.8462,16.94
Carrot,Loam Soil,Pollination,23,27,74.0,1,5,0.8519,17.02
Carrot,Loam Soil,Pollination,24,28,71.0,1,5,0.8571,17.04
Carrot,Loam Soil,Pollination,25,29,68.0,1,5,0.8621,17.0
Carrot,Loam Soil,Pollination,26,30,65.0,1,5,0.8667,16.9
Carrot,Loam Soil,Pollination,27,31,62.0,1,5,0.871,16.74
Carrot,Loam Soil,Pollination,28,32,59.0,1,5,0.875,16.52
Carrot,Loam Soil,Pollination,29,33,56.0,1,5,0.8788,16.24
Carrot,Loam Soil,Pollination,30,34,53.0,1,5,0.8824,15.9
Carrot,Loam Soil,Pollination,31,35,50.0,1,5,0.8857,15.5
Carrot,Loam Soil,Pollination,32,36,47.0,1,5,0.8889,15.04
Carrot,Loam Soil,Pollination,33,37,44.0,1,5,0.8919,14.52
Carrot,Loam Soil,Pollination,34,38,41.0,1,5,0.8947,13.94
Carrot,Loam Soil,Pollination,35,39,38.0,1,5,0.8974,13.3
Carrot,Loam Soil,Pollination,36,40,35.0,1,5,0.9,12.6
Carrot,Loam Soil,Pollination,37,41,32.0,1,5,0.9024,11.84
Carrot,Loam Soil,Pollination,38,42,29.0,1,5,0.9048,11.02
Carrot,Loam Soil,Pollination,39,43,26.0,1,5,0.907,10.14
Carrot,Loam Soil,Pollination,40,44,23.0,1,5,0.9091,9.2
Carrot,Loam Soil,Pollination,41,45,20.0,1,5,0.9111,8.2
Carrot,Loam Soil,Pollination,42,46,17.0,1,5,0.913,7.14
Carrot,Loam Soil,Pollination,43,25,78.0,1,5,1.72,33.54
Carrot,Loam Soil,Pollination,44,26,75.0,1,5,1.6923,33.0
Carrot,Loam Soil,Pollination,45,27,72.0,1,5,1.6667,32.4
Carrot,Loam Soil,Pollination,46,28,69.0,1,5,1.6429,31.74
Carrot,Loam Soil,Pollination,47,29,66.0,1,5,1.6207,31.02
Carrot,Loam Soil,Pollination,48,30,63.0,1,5,1.6,30.24
Carrot,Loam Soil,Pollination,49,31,60.0,1,5,1.5806,29.4
Carrot,Loam Soil,Pollination,61,43,24.0,0,5,1.4186,14.64
Carrot,Loam Soil,Pollination,62,44,21.0,0,5,1.4091,13.02
Carrot,Loam Soil,Pollination,63,45,18.0,0,5,1.4,11.34
Carrot,Loam Soil,Pollination,64,46,15.0,0,5,1.3913,9.6
Carrot,Loam Soil,Pollination,65,25,76.0,0,5,2.6,49.4
Carrot,Loam Soil,Pollination,66,26,73.0,0,5,2.5385,48.18
Carrot,Loam Soil,Pollination,67,27,70.0,0,5,2.4815,46.9
Carrot,Loam Soil,Pollination,68,28,67.0,0,5,2.4286,45.56
Carrot,Loam Soil,Pollination,69,29,64.0,0,5,2.3793,44.16
Carrot,Loam Soil,Pollination,70,30,61.0,0,5,2.3333,42.7
Carrot,Loam Soil,Pollination,71,31,58.0,0,5,2.2903,41.18
Carrot,Loam Soil,Pollination,72,32,55.0,0,5,2.25,39.6
Carrot,Loam Soil,Pollination,73,33,52.0,0,5,2.2121,37.96
Carrot,Loam Soil,Pollination,74,34,49.0,0,5,2.1765,36.26
Carrot,Loam Soil,Pollination,75,35,46.0,0,5,2.1429,34.5
Carrot,Loam Soil,Pollination,76,36,43.0,0,5,2.1111,32.68
Carrot,Loam Soil,Pollination,77,37,40.0,0,5,2.0811,30.8
Carrot,Loam Soil,Pollination,78,38,37.0,0,5,2.0526,28.86
Carrot,Loam Soil,Pollination,79,39,34.0,0,5,2.0256,26.86
Carrot,Loam Soil,Pollination,80,40,31.0,0,5,2.0,24.8
Carrot,Loam Soil,Pollination,81,25,80.0,0,5,3.24,64.8
Carrot,Loam Soil,Pollination,82,26,77.0,0,5,3.1538,63.14
Carrot,Loam Soil,Pollination,83,27,74.0,0,5,3.0741,61.42
Carrot,Loam Soil,Pollination,84,28,71.0,0,5,3.0,59.64
Carrot,Loam Soil,Pollination,85,29,68.0,0,5,2.931,57.8
Carrot,Loam Soil,Pollination,86,30,65.0,0,5,2.8667,55.9
Carrot,Loam Soil,Pollination,87,31,62.0,0,5,2.8065,53.94
Carrot,Loam Soil,Pollination,88,32,59.0,0,5,2.75,51.92
Carrot,Loam Soil,Pollination,89,33,56.0,0,5,2.697,49.84
Carrot,Loam Soil,Pollination,90,34,53.0,0,5,2.6471,47.7
Carrot,Loam Soil,Pollination,91,35,50.0,0,5,2.6,45.5
Carrot,Loam Soil,Pollination,92,36,47.0,0,5,2.5556,43.24
Carrot,Loam Soil,Pollination,93,37,44.0,0,5,2.5135,40.92
Carrot,Loam Soil,Pollination,94,38,41.0,0,5,2.4737,38.54
Carrot,Loam Soil,Pollination,95,39,38.0,0,5,2.4359,36.1
Carrot,Loam Soil,Pollination,96,40,35.0,0,5,2.4,33.6
Carrot,Loam Soil,Pollination,97,41,32.0,0,5,2.3659,31.04
Carrot,Loam Soil,Pollination,98,42,29.0,0,5,2.3333,28.42
Carrot,Loam Soil,Pollination,99,43,26.0,0,5,2.3023,25.74
Carrot,Loam Soil,Pollination,100,44,23.0,0,5,2.2727,23.0
Carrot,Sandy Soil,Germination,1,45,20.0,1,1,0.0222,0.2
Carrot,Sandy Soil,Germination,2,46,17.0,1,1,0.0435,0.34
Carrot,Sandy Soil,Germination,3,25,78.0,1,1,0.12,2.34
Carrot,Sandy Soil,Germination,4,26,75.0,1,1,0.1538,3.0
Carrot,Sandy Soil,Germination,5,27,72.0,1,1,0.1852,3.6
Carrot,Sandy Soil,Germination,6,28,69.0,1,1,0.2143,4.14
Carrot,Sandy Soil,Germination,7,29,66.0,1,1,0.2414,4.62
Carrot,Sandy Soil,Germination,8,30,63.0,1,1,0.2667,5.04
Carrot,Sandy Soil,Germination,9,31,60.0,1,1,0.2903,5.4
Carrot,Sandy Soil,Germination,10,32,57.0,1,1,0.3125,5.7
Carrot,Sandy Soil,Germination,11,33,54.0,1,1,0.3333,5.94
Carrot,Sandy Soil,Germination,12,34,51.0,1,1,0.3529,6.12
Carrot,Sandy Soil,Germination,13,35,48.0,1,1,0.3714,6.24
Carrot,Sandy Soil,Germination,14,36,45.0,1,1,0.3889,6.3
Carrot,Sandy Soil,Germination,15,37,42.0,1,1,0.4054,6.3
Carrot,Sandy Soil,Germination,16,38,39.0,1,1,0.4211,6.24
Carrot,Sandy Soil,Germination,17,39,36.0,1,1,0.4359,6.12
Carrot,Sandy Soil,Germination,18,40,33.0,1,1,0.45,5.94
Carrot,Sandy Soil,Germination,19,41,30.0,1,1,0.4634,5.7
Carrot,Sandy Soil,Germination,20,42,27.0,1,1,0.4762,5.4
Carrot,Sandy Soil,Germination,21,43,24.0,1,1,0.4884,5.04
Carrot,Sandy Soil,Germination,22,44,21.0,1,1,0.5,4.62
Carrot,Sandy Soil,Germination,23,45,18.0,1,1,0.5111,4.14
Carrot,Sandy Soil,Germination,24,46,15.0,1,1,0.5217,3.6
Carrot,Sandy Soil,Germination,25,25,76.0,1,1,1.0,19.0
Carrot,Sandy Soil,Germination,26,26,73.0,1,1,1.0,18.98
Carrot,Sandy Soil,Germination,27,27,70.0,1,1,1.0,18.9
Carrot,Sandy Soil,Germination,28,28,67.0,1,1,1.0,18.76
Carrot,Sandy Soil,Germination,29,29,64.0,1,1,1.0,18.56
Carrot,Sandy Soil,Germination,30,30,61.0,1,1,1.0,18.3
Carrot,Sandy Soil,Germination,31,31,58.0,1,1,1.0,17.98
Carrot,Sandy Soil,Germination,32,32,55.0,1,1,1.0,17.6
Carrot,Sandy Soil,Germination,33,33,52.0,1,1,1.0,17.16
Carrot,Sandy Soil,Germination,34,34,49.0,1,1,1.0,16.66
Carrot,Sandy Soil,Germination,35,35,46.0,1,1,1.0,16.1
Carrot,Sandy Soil,Germination,36,36,43.0,1,1,1.0,15.48
Carrot,Sandy Soil,Germination,37,37,40.0,1,1,1.0,14.8
Carrot,Sandy Soil,Germination,38,38,37.0,1,1,1.0,14.06
Carrot,Sandy Soil,Germination,39,39,34.0,1,1,1.0,13.26
Carrot,Sandy Soil,Germination,40,40,31.0,1,1,1.0,12.4
Carrot,Sandy Soil,Germination,41,25,80.0,1,1,1.64,32.8
Carrot,Sandy Soil,Germination,42,26,77.0,1,1,1.6154,32.34
Carrot,Sandy Soil,Germination,43,27,74.0,1,1,1.5926,31.82
Carrot,Sandy Soil,Germination,44,28,71.0,1,1,1.5714,31.24
Carrot,Sandy Soil,Germination,45,29,68.0,1,1,1.5517,30.6
Carrot,Sandy Soil,Germination,46,30,65.0,1,1,1.5333,29.9
Carrot,Sandy Soil,Germination,47,31,62.0,1,1,1.5161,29.14
Carrot,Sandy Soil,Germination,48,32,59.0,1,1,1.5,28.32
Carrot,Sandy Soil,Germination,49,33,56.0,1,1,1.4848,27.44
Carrot,Sandy Soil,Germination,50,34,53.0,1,1,1.4706,26.5
Carrot,Sandy Soil,Germination,51,35,50.0,1,1,1.4571,25.5
Carrot,Sandy Soil,Germination,52,36,47.0,1,1,1.4444,24.44
Carrot,Sandy Soil,Germination,53,37,44.0,1,1,1.4324,23.32
Carrot,Sandy Soil,Germination,54,38,41.0,1,1,1.4211,22.14
Carrot,Sandy Soil,Germination,55,39,38.0,1,1,1.4103,20.9
Carrot,Sandy Soil,Germination,56,40,35.0,1,1,1.4,19.6
Carrot,Sandy Soil,Germination,57,41,32.0,1,1,1.3902,18.24
Carrot,Sandy Soil,Germination,58,42,29.0,1,1,1.381,16.82
Carrot,Sandy Soil,Germination,59,43,26.0,1,1,1.3721,15.34
Carrot,Sandy Soil,Germination,60,44,23.0,1,1,1.3636,13.8
Carrot,Sandy Soil,Germination,61,45,20.0,1,1,1.3556,12.2
Carrot,Sandy Soil,Germination,62,46,17.0,1,1,1.3478,10.54
Carrot,Sandy Soil,Germination,63,25,78.0,1,1,2.52,49.14
Carrot,Sandy Soil,Germination,64,26,75.0,1,1,2.4615,48.0
Carrot,Sandy Soil,Germination,65,27,72.0,1,1,2.4074,46.8
Carrot,Sandy Soil,Germination,66,28,69.0,1,1,2.3571,45.54
Carrot,Sandy Soil,Germination,67,29,66.0,1,1,2.3103,44.22
Carrot,Sandy Soil,Germination,68,30,63.0,1,1,2.2667,42.84
Carrot,Sandy Soil,Germination,69,31,60.0,1,1,2.2258,41.4
Carrot,Sandy Soil,Germination,70,32,57.0,1,1,2.1875,39.9
Carrot,Sandy Soil,Germination,71,33,54.0,1,1,2.1515,38.34
Carrot,Sandy Soil,Germination,72,34,51.0,1,1,2.1176,36.72
Carrot,Sandy Soil,Germination,73,35,48.0,1,1,2.0857,35.04
Carrot,Sandy Soil,Germination,74,36,45.0,1,1,2.0556,33.3
Carrot,Sandy Soil,Germination,75,37,42.0,1,1,2.027,31.5
Carrot,Sandy Soil,Germination,76,38,39.0,1,1,2.0,29.64
Carrot,Sandy Soil,Germination,77,39,36.0,1,1,1.9744,27.72
Carrot,Sandy Soil,Germination,78,40,33.0,1,1,1.95,25.74
Carrot,Sandy Soil,Germination,79,41,30.0,1,1,1.9268,23.7
Carrot,Sandy Soil,Germination,91,31,58.0,0,1,2.9355,52.78
Carrot,Sandy Soil,Germination,92,32,55.0,0,1,2.875,50.6
Carrot,Sandy Soil,Germination,93,33,52.0,0,1,2.8182,48.36
Carrot,Sandy Soil,Germination,94,34,49.0,0,1,2.7647,46.06
Carrot,Sandy Soil,Germination,95,35,46.0,0,1,2.7143,43.7
Carrot,Sandy Soil,Germination,96,36,43.0,0,1,2.6667,41.28
Carrot,Sandy Soil,Germination,97,37,40.0,0,1,2.6216,38.8
Carrot,Sandy Soil,Germination,98,38,37.0,0,1,2.5789,36.26
Carrot,Sandy Soil,Germination,99,39,34.0,0,1,2.5385,33.66
Carrot,Sandy Soil,Germination,100,40,31.0,0,1,2.5,31.0
Carrot,Sandy Soil,Seedling Stage,1,25,80.0,1,2,0.04,0.8
Carrot,Sandy Soil,Seedling Stage,2,26,77.0,1,2,0.0769,1.54
Carrot,Sandy Soil,Seedling Stage,3,27,74.0,1,2,0.1111,2.22
Carrot,Sandy Soil,Seedling Stage,4,28,71.0,1,2,0.1429,2.84
Carrot,Sandy Soil,Seedling Stage,5,29,68.0,1,2,0.1724,3.4
Carrot,Sandy Soil,Seedling Stage,6,30,65.0,1,2,0.2,3.9
Carrot,Sandy Soil,Seedling Stage,7,31,62.0,1,2,0.2258,4.34
Carrot,Sandy Soil,Seedling Stage,8,32,59.0,1,2,0.25,4.72
Carrot,Sandy Soil,Seedling Stage,9,33,56.0,1,2,0.2727,5.04
Carrot,Sandy Soil,Seedling Stage,10,34,53.0,1,2,0.2941,5.3
Carrot,Sandy Soil,Seedling Stage,11,35,50.0,1,2,0.3143,5.5
Carrot,Sandy Soil,Seedling Stage,12,36,47.0,1,2,0.3333,5.64
Carrot,Sandy Soil,Seedling Stage,13,37,44.0,1,2,0.3514,5.72
Carrot,Sandy Soil,Seedling Stage,14,38,41.0,1,2,0.3684,5.74
Carrot,Sandy Soil,Seedling Stage,15,39,38.0,1,2,0.3846,5.7
Carrot,Sandy Soil,Seedling Stage,16,40,35.0,1,2,0.4,5.6
Carrot,Sandy Soil,Seedling Stage,17,41,32.0,1,2,0.4146,5.44
Carrot,Sandy Soil,Seedling Stage,18,42,29.0,1,2,0.4286,5.22
Carrot,Sandy Soil,Seedling Stage,19,43,26.0,1,2,0.4419,4.94
Carrot,Sandy Soil,Seedling Stage,20,44,23.0,1,2,0.4545,4.6
Carrot,Sandy Soil,Seedling Stage,21,45,20.0,1,2,0.4667,4.2
Carrot,Sandy Soil,Seedling Stage,22,46,17.0,1,2,0.4783,3.74
Carrot,Sandy Soil,Seedling Stage,23,25,78.0,1,2,0.92,17.94
Carrot,Sandy Soil,Seedling Stage,24,26,75.0,1,2,0.9231,18.0
Carrot,Sandy Soil,Seedling Stage,25,27,72.0,1,2,0.9259,18.0
Carrot,Sandy Soil,Seedling Stage,26,28,69.0,1,2,0.9286,17.94
Carrot,Sandy Soil,Seedling Stage,27,29,66.0,1,2,0.931,17.82
Carrot,Sandy Soil,Seedling Stage,28,30,63.0,1,2,0.9333,17.64
Carrot,Sandy Soil,Seedling Stage,29,31,60.0,1,2,0.9355,17.4
Carrot,Sandy Soil,Seedling Stage,30,32,57.0,1,2,0.9375,17.1
Carrot,Sandy Soil,Seedling Stage,31,33,54.0,1,2,0.9394,16.74
Carrot,Sandy Soil,Seedling Stage,32,34,51.0,1,2,0.9412,16.32
Carrot,Sandy Soil,Seedling Stage,33,35,48.0,1,2,0.9429,15.84
Carrot,Sandy Soil,Seedling Stage,34,36,45.0,1,2,0.9444,15.3
Carrot,Sandy Soil,Seedling Stage,35,37,42.0,1,2,0.9459,14.7
Carrot,Sandy Soil,Seedling Stage,36,38,39.0,1,2,0.9474,14.04
Carrot,Sandy Soil,Seedling Stage,37,39,36.0,1,2,0.9487,13.32
Carrot,Sandy Soil,Seedling Stage,38,40,33.0,1,2,0.95,12.54
Carrot,Sandy Soil,Seedling Stage,39,41,30.0,1,2,0.9512,11.7
Carrot,Sandy Soil,Seedling Stage,40,42,27.0,1,2,0.9524,10.8
Carrot,Sandy Soil,Seedling Stage,41,43,24.0,1,2,0.9535,9.84
Carrot,Sandy Soil,Seedling Stage,42,44,21.0,1,2,0.9545,8.82
Carrot,Sandy Soil,Seedling Stage,43,45,18.0,1,2,0.9556,7.74
Carrot,Sandy Soil,Seedling Stage,44,46,15.0,1,2,0.9565,6.6
Carrot,Sandy Soil,Seedling Stage,45,25,76.0,1,2,1.8,34.2
Carrot,Sandy Soil,Seedling Stage,46,26,73.0,1,2,1.7692,33.58
Carrot,Sandy Soil,Seedling Stage,47,27,70.0,1,2,1.7407,32.9
Carrot,Sandy Soil,Seedling Stage,48,28,67.0,1,2,1.7143,32.16
Carrot,Sandy Soil,Seedling Stage,49,29,64.0,1,2,1.6897,31.36
Carrot,Sandy Soil,Seedling Stage,50,30,61.0,1,2,1.6667,30.5
Carrot,Sandy Soil,Seedling Stage,51,31,58.0,1,2,1.6452,29.58
Carrot,Sandy Soil,Seedling Stage,52,32,55.0,1,2,1.625,28.6
Carrot,Sandy Soil,Seedling Stage,53,33,52.0,1,2,1.6061,27.56
Carrot,Sandy Soil,Seedling Stage,54,34,49.0,1,2,1.5882,26.46
Carrot,Sandy Soil,Seedling Stage,55,35,46.0,1,2,1.5714,25.3
Carrot,Sandy Soil,Seedling Stage,56,36,43.0,1,2,1.5556,24.08
Carrot,Sandy Soil,Seedling Stage,57,37,40.0,1,2,1.5405,22.8
Carrot,Sandy Soil,Seedling Stage,58,38,37.0,1,2,1.5263,21.46
Carrot,Sandy Soil,Seedling Stage,59,39,34.0,1,2,1.5128,20.06
Carrot,Sandy Soil,Seedling Stage,60,40,31.0,1,2,1.5,18.6
Carrot,Sandy Soil,Seedling Stage,61,25,80.0,1,2,2.44,48.8
Carrot,Sandy Soil,Seedling Stage,62,26,77.0,1,2,2.3846,47.74
Carrot,Sandy Soil,Seedling Stage,63,27,74.0,1,2,2.3333,46.62
Carrot,Sandy Soil,Seedling Stage,64,28,71.0,1,2,2.2857,45.44
Carrot,Sandy Soil,Seedling Stage,65,29,68.0,1,2,2.2414,44.2
Carrot,Sandy Soil,Seedling Stage,66,30,65.0,1,2,2.2,42.9
Carrot,Sandy Soil,Seedling Stage,67,31,62.0,1,2,2.1613,41.54
Carrot,Sandy Soil,Seedling Stage,68,32,59.0,1,2,2.125,40.12
Carrot,Sandy Soil,Seedling Stage,69,33,56.0,1,2,2.0909,38.64
Carrot,Sandy Soil,Seedling Stage,81,45,20.0,0,2,1.8,16.2
Carrot,Sandy Soil,Seedling Stage,82,46,17.0,0,2,1.7826,13.94
Carrot,Sandy Soil,Seedling Stage,83,25,78.0,0,2,3.32,64.74
Carrot,Sandy Soil,Seedling Stage,84,26,75.0,0,2,3.2308,63.0
Carrot,Sandy Soil,Seedling Stage,85,27,72.0,0,2,3.1481,61.2
Carrot,Sandy Soil,Seedling Stage,86,28,69.0,0,2,3.0714,59.34
Carrot,Sandy Soil,Seedling Stage,87,29,66.0,0,2,3.0,57.42
Carrot,Sandy Soil,Seedling Stage,88,30,63.0,0,2,2.9333,55.44
Carrot,Sandy Soil,Seedling Stage,89,31,60.0,0,2,2.871,53.4
Carrot,Sandy Soil,Seedling Stage,90,32,57.0,0,2,2.8125,51.3
Carrot,Sandy Soil,Seedling Stage,91,33,54.0,0,2,2.7576,49.14
Carrot,Sandy Soil,Seedling Stage,92,34,51.0,0,2,2.7059,46.92
Carrot,Sandy Soil,Seedling Stage,93,35,48.0,0,2,2.6571,44.64
Carrot,Sandy Soil,Seedling Stage,94,36,45.0,0,2,2.6111,42.3
Carrot,Sandy Soil,Seedling Stage,95,37,42.0,0,2,2.5676,39.9
Carrot,Sandy Soil,Seedling Stage,96,38,39.0,0,2,2.5263,37.44
Carrot,Sandy Soil,Seedling Stage,97,39,36.0,0,2,2.4872,34.92
Carrot,Sandy Soil,Seedling Stage,98,40,33.0,0,2,2.45,32.34
Carrot,Sandy Soil,Seedling Stage,99,41,30.0,0,2,2.4146,29.7
Carrot,Sandy Soil,Seedling Stage,100,42,27.0,0,2,2.381,27.0
Carrot,Sandy Soil,Vegetative Growth / Root or Tuber Development,1,43,24.0,1,3,0.0233,0.24
Carrot,Sandy Soil,Vegetative Growth / Root or Tuber Development,2,44,21.0,1,3,0.0455,0.42
Carrot,Sandy Soil,Vegetative Growth / Root or Tuber Development,3,45,18.0,1,3,0.0667,0.54
Carrot,Sandy Soil,Vegetative Growth / Root or Tuber Development,4,46,15.0,1,3,0.087,0.6
Carrot,Sandy Soil,Vegetative Growth / Root or Tuber Development,5,25,76.0,1,3,0.2,3.8
Carrot,Sandy Soil,Vegetative Growth / Root or Tuber Development,6,26,73.0,1,3,0.2308,4.38
Carrot,Sandy Soil,Vegetative Growth / Root or Tuber Development,7,27,70.0,1,3,0.2593,4.9
Carrot,Sandy Soil,Vegetative Growth / Root or Tuber Development,8,28,67.0,1,3,0.2857,5.36
Carrot,Sandy Soil,Vegetative Growth / Root or Tuber Development,9,29,64.0,1,3,0.3103,5.76
Carrot,Sandy Soil,Vegetative Growth / Root or Tuber Development,10,30,61.0,1,3,0.3333,6.1
Carrot,Sandy Soil,Vegetative Growth / Root or Tuber Development,11,31,58.0,1,3,0.3548,6.38
Carrot,Sandy Soil,Vegetative Growth / Root or Tuber Development,12,32,55.0,1,3,0.375,6.6
Carrot,Sandy Soil,Vegetative Growth / Root or Tuber Development,13,33,52.0,1,3,0.3939,6.76
Carrot,Sandy Soil,Vegetative Growth / Root or Tuber Development,14,34,49.0,1,3,0.4118,6.86
Carrot,Sandy Soil,Vegetative Growth / Root or Tuber Development,15,35,46.0,1,3,0.4286,6.9
Carrot,Sandy Soil,Vegetative Growth / Root or Tuber Development,16,36,43.0,1,3,0.4444,6.88
Carrot,Sandy Soil,Vegetative Growth / Root or Tuber Development,17,37,40.0,1,3,0.4595,6.8
Carrot,Sandy Soil,Vegetative Growth / Root or Tuber Development,18,38,37.0,1,3,0.4737,6.66
Carrot,Sandy Soil,Vegetative Growth / Root or Tuber Development,19,39,34.0,1,3,0.4872,6.46
Carrot,Sandy Soil,Vegetative Growth / Root or Tuber Development,20,40,31.0,1,3,0.5,6.2
Carrot,Sandy Soil,Vegetative Growth / Root or Tuber Development,21,25,80.0,1,3,0.84,16.8
Carrot,Sandy Soil,Vegetative Growth / Root or Tuber Development,22,26,77.0,1,3,0.8462,16.94
Carrot,Sandy Soil,Vegetative Growth / Root or Tuber Development,23,27,74.0,1,3,0.8519,17.02
Carrot,Sandy Soil,Vegetative Growth / Root or Tuber Development,24,28,71.0,1,3,0.8571,17.04
Carrot,Sandy Soil,Vegetative Growth / Root or Tuber Development,25,29,68.0,1,3,0.8621,17.0
Carrot,Sandy Soil,Vegetative Growth / Root or Tuber Development,26,30,65.0,1,3,0.8667,16.9
Carrot,Sandy Soil,Vegetative Growth / Root or Tuber Development,27,31,62.0,1,3,0.871,16.74
Carrot,Sandy Soil,Vegetative Growth / Root or Tuber Development,28,32,59.0,1,3,0.875,16.52
Carrot,Sandy Soil,Vegetative Growth / Root or Tuber Development,29,33,56.0,1,3,0.8788,16.24
Carrot,Sandy Soil,Vegetative Growth / Root or Tuber Development,30,34,53.0,1,3,0.8824,15.9
Carrot,Sandy Soil,Vegetative Growth / Root or Tuber Development,31,35,50.0,1,3,0.8857,15.5
Carrot,Sandy Soil,Vegetative Growth / Root or Tuber Development,32,36,47.0,1,3,0.8889,15.04
Carrot,Sandy Soil,Vegetative Growth / Root or Tuber Development,33,37,44.0,1,3,0.8919,14.52
Carrot,Sandy Soil,Vegetative Growth / Root or Tuber Development,34,38,41.0,1,3,0.8947,13.94
Carrot,Sandy Soil,Vegetative Growth / Root or Tuber Development,35,39,38.0,1,3,0.8974,13.3
Carrot,Sandy Soil,Vegetative Growth / Root or Tuber Development,36,40,35.0,1,3,0.9,12.6
Carrot,Sandy Soil,Vegetative Growth / Root or Tuber Development,37,41,32.0,1,3,0.9024,11.84
Carrot,Sandy Soil,Vegetative Growth / Root or Tuber Development,38,42,29.0,1,3,0.9048,11.02
Carrot,Sandy Soil,Vegetative Growth / Root or Tuber Development,39,43,26.0,1,3,0.907,10.14
Carrot,Sandy Soil,Vegetative Growth / Root or Tuber Development,40,44,23.0,1,3,0.9091,9.2
Carrot,Sandy Soil,Vegetative Growth / Root or Tuber Development,41,45,20.0,1,3,0.9111,8.2
Carrot,Sandy Soil,Vegetative Growth / Root or Tuber Development,42,46,17.0,1,3,0.913,7.14
Carrot,Sandy Soil,Vegetative Growth / Root or Tuber Development,43,25,78.0,1,3,1.72,33.54
Carrot,Sandy Soil,Vegetative Growth / Root or Tuber Development,44,26,75.0,1,3,1.6923,33.0
Carrot,Sandy Soil,Vegetative Growth / Root or Tuber Development,45,27,72.0,1,3,1.6667,32.4
Carrot,Sandy Soil,Vegetative Growth / Root or Tuber Development,46,28,69.0,1,3,1.6429,31.74
Carrot,Sandy Soil,Vegetative Growth / Root or Tuber Development,47,29,66.0,1,3,1.6207,31.02
Carrot,Sandy Soil,Vegetative Growth / Root or Tuber Development,48,30,63.0,1,3,1.6,30.24
Carrot,Sandy Soil,Vegetative Growth / Root or Tuber Development,49,31,60.0,1,3,1.5806,29.4
Carrot,Sandy Soil,Vegetative Growth / Root or Tuber Development,50,32,57.0,1,3,1.5625,28.5
Carrot,Sandy Soil,Vegetative Growth / Root or Tuber Development,51,33,54.0,1,3,1.5455,27.54
Carrot,Sandy Soil,Vegetative Growth / Root or Tuber Development,52,34,51.0,1,3,1.5294,26.52
Carrot,Sandy Soil,Vegetative Growth / Root or Tuber Development,53,35,48.0,1,3,1.5143,25.44
Carrot,Sandy Soil,Vegetative Growth / Root or Tuber Development,54,36,45.0,1,3,1.5,24.3
Carrot,Sandy Soil,Vegetative Growth / Root or Tuber Development,55,37,42.0,1,3,1.4865,23.1
Carrot,Sandy Soil,Vegetative Growth / Root or Tuber Development,56,38,39.0,1,3,1.4737,21.84
Carrot,Sandy Soil,Vegetative Growth / Root or Tuber Development,57,39,36.0,1,3,1.4615,20.52
Carrot,Sandy Soil,Vegetative Growth / Root or Tuber Development,58,40,33.0,1,3,1.45,19.14
Carrot,Sandy Soil,Vegetative Growth / Root or Tuber Development,59,41,30.0,1,3,1.439,17.7
Carrot,Sandy Soil,Vegetative Growth / Root or Tuber Development,71,31,58.0,0,3,2.2903,41.18
Carrot,Sandy Soil,Vegetative Growth / Root or Tuber Development,72,32,55.0,0,3,2.25,39.6
Carrot,Sandy Soil,Vegetative Growth / Root or Tuber Development,73,33,52.0,0,3,2.2121,37.96
Carrot,Sandy Soil,Vegetative Growth / Root or Tuber Development,74,34,49.0,0,3,2.1765,36.26
Carrot,Sandy Soil,Vegetative Growth / Root or Tuber Development,75,35,46.0,0,3,2.1429,34.5
Carrot,Sandy Soil,Vegetative Growth / Root or Tuber Development,76,36,43.0,0,3,2.1111,32.68
Carrot,Sandy Soil,Vegetative Growth / Root or Tuber Development,77,37,40.0,0,3,2.0811,30.8
Carrot,Sandy Soil,Vegetative Growth / Root or Tuber Development,78,38,37.0,0,3,2.0526,28.86
Carrot,Sandy Soil,Vegetative Growth / Root or Tuber Development,79,39,34.0,0,3,2.0256,26.86
Carrot,Sandy Soil,Vegetative Growth / Root or Tuber Development,80,40,31.0,0,3,2.0,24.8
Carrot,Sandy Soil,Vegetative Growth / Root or Tuber Development,81,25,80.0,0,3,3.24,64.8
Carrot,Sandy Soil,Vegetative Growth / Root or Tuber Development,82,26,77.0,0,3,3.1538,63.14
Carrot,Sandy Soil,Vegetative Growth / Root or Tuber Development,83,27,74.0,0,3,3.0741,61.42
Carrot,Sandy Soil,Vegetative Growth / Root or Tuber Development,84,28,71.0,0,3,3.0,59.64
Carrot,Sandy Soil,Vegetative Growth / Root or Tuber Development,85,29,68.0,0,3,2.931,57.8
Carrot,Sandy Soil,Vegetative Growth / Root or Tuber Development,86,30,65.0,0,3,2.8667,55.9
Carrot,Sandy Soil,Vegetative Growth / Root or Tuber Development,87,31,62.0,0,3,2.8065,53.94
Carrot,Sandy Soil,Vegetative Growth / Root or Tuber Development,88,32,59.0,0,3,2.75,51.92
Carrot,Sandy Soil,Vegetative Growth / Root or Tuber Development,89,33,56.0,0,3,2.697,49.84
Carrot,Sandy Soil,Vegetative Growth / Root or Tuber Development,90,34,53.0,0,3,2.6471,47.7
Carrot,Sandy Soil,Vegetative Growth / Root or Tuber Development,91,35,50.0,0,3,2.6,45.5
Carrot,Sandy Soil,Vegetative Growth / Root or Tuber Development,92,36,47.0,0,3,2.5556,43.24
Carrot,Sandy Soil,Vegetative Growth / Root or Tuber Development,93,37,44.0,0,3,2.5135,40.92
Carrot,Sandy Soil,Vegetative Growth / Root or Tuber Development,94,38,41.0,0,3,2.4737,38.54
Carrot,Sandy Soil,Vegetative Growth / Root or Tuber Development,95,39,38.0,0,3,2.4359,36.1
Carrot,Sandy Soil,Vegetative Growth / Root or Tuber Development,96,40,35.0,0,3,2.4,33.6
Carrot,Sandy Soil,Vegetative Growth / Root or Tuber Development,97,41,32.0,0,3,2.3659,31.04
Carrot,Sandy Soil,Vegetative Growth / Root or Tuber Development,98,42,29.0,0,3,2.3333,28.42
Carrot,Sandy Soil,Vegetative Growth / Root or Tuber Development,99,43,26.0,0,3,2.3023,25.74
Carrot,Sandy Soil,Vegetative Growth / Root or Tuber Development,100,44,23.0,0,3,2.2727,23.0
Carrot,Sandy Soil,Flowering,1,45,20.0,1,4,0.0222,0.2
Carrot,Sandy Soil,Flowering,2,46,17.0,1,4,0.0435,0.34
Carrot,Sandy Soil,Flowering,3,25,78.0,1,4,0.12,2.34
Carrot,Sandy Soil,Flowering,4,26,75.0,1,4,0.1538,3.0
Carrot,Sandy Soil,Flowering,5,27,72.0,1,4,0.1852,3.6
Carrot,Sandy Soil,Flowering,6,28,69.0,1,4,0.2143,4.14
Carrot,Sandy Soil,Flowering,7,29,66.0,1,4,0.2414,4.62
Carrot,Sandy Soil,Flowering,8,30,63.0,1,4,0.2667,5.04
Carrot,Sandy Soil,Flowering,9,31,60.0,1,4,0.2903,5.4
Carrot,Sandy Soil,Flowering,10,32,57.0,1,4,0.3125,5.7
Carrot,Sandy Soil,Flowering,11,33,54.0,1,4,0.3333,5.94
Carrot,Sandy Soil,Flowering,12,34,51.0,1,4,0.3529,6.12
Carrot,Sandy Soil,Flowering,13,35,48.0,1,4,0.3714,6.24
Carrot,Sandy Soil,Flowering,14,36,45.0,1,4,0.3889,6.3
Carrot,Sandy Soil,Flowering,15,37,42.0,1,4,0.4054,6.3
Carrot,Sandy Soil,Flowering,16,38,39.0,1,4,0.4211,6.24
Carrot,Sandy Soil,Flowering,17,39,36.0,1,4,0.4359,6.12
Carrot,Sandy Soil,Flowering,18,40,33.0,1,4,0.45,5.94
Carrot,Sandy Soil,Flowering,19,41,30.0,1,4,0.4634,5.7
Carrot,Sandy Soil,Flowering,20,42,27.0,1,4,0.4762,5.4
Carrot,Sandy Soil,Flowering,21,43,24.0,1,4,0.4884,5.04
Carrot,Sandy Soil,Flowering,22,44,21.0,1,4,0.5,4.62
Carrot,Sandy Soil,Flowering,23,45,18.0,1,4,0.5111,4.14
Carrot,Sandy Soil,Flowering,24,46,15.0,1,4,0.5217,3.6
Carrot,Sandy Soil,Flowering,25,25,76.0,1,4,1.0,19.0
Carrot,Sandy Soil,Flowering,26,26,73.0,1,4,1.0,18.98
Carrot,Sandy Soil,Flowering,27,27,70.0,1,4,1.0,18.9
Carrot,Sandy Soil,Flowering,28,28,67.0,1,4,1.0,18.76
Carrot,Sandy Soil,Flowering,29,29,64.0,1,4,1.0,18.56
Carrot,Sandy Soil,Flowering,30,30,61.0,1,4,1.0,18.3
Carrot,Sandy Soil,Flowering,31,31,58.0,1,4,1.0,17.98
Carrot,Sandy Soil,Flowering,32,32,55.0,1,4,1.0,17.6
Carrot,Sandy Soil,Flowering,33,33,52.0,1,4,1.0,17.16
Carrot,Sandy Soil,Flowering,34,34,49.0,1,4,1.0,16.66
Carrot,Sandy Soil,Flowering,35,35,46.0,1,4,1.0,16.1
Carrot,Sandy Soil,Flowering,36,36,43.0,1,4,1.0,15.48
Carrot,Sandy Soil,Flowering,37,37,40.0,1,4,1.0,14.8
Carrot,Sandy Soil,Flowering,38,38,37.0,1,4,1.0,14.06
Carrot,Sandy Soil,Flowering,39,39,34.0,1,4,1.0,13.26
Carrot,Sandy Soil,Flowering,40,40,31.0,1,4,1.0,12.4
Carrot,Sandy Soil,Flowering,41,25,80.0,1,4,1.64,32.8
Carrot,Sandy Soil,Flowering,42,26,77.0,1,4,1.6154,32.34
Carrot,Sandy Soil,Flowering,43,27,74.0,1,4,1.5926,31.82
Carrot,Sandy Soil,Flowering,44,28,71.0,1,4,1.5714,31.24
Carrot,Sandy Soil,Flowering,45,29,68.0,1,4,1.5517,30.6
Carrot,Sandy Soil,Flowering,46,30,65.0,1,4,1.5333,29.9
Carrot,Sandy Soil,Flowering,47,31,62.0,1,4,1.5161,29.14
Carrot,Sandy Soil,Flowering,48,32,59.0,1,4,1.5,28.32
Carrot,Sandy Soil,Flowering,49,33,56.0,1,4,1.4848,27.44
Carrot,Sandy Soil,Flowering,50,34,53.0,1,4,1.4706,26.5
Carrot,Sandy Soil,Flowering,51,35,50.0,1,4,1.4571,25.5
Carrot,Sandy Soil,Flowering,52,36,47.0,1,4,1.4444,24.44
Carrot,Sandy Soil,Flowering,53,37,44.0,1,4,1.4324,23.32
Carrot,Sandy Soil,Flowering,54,38,41.0,1,4,1.4211,22.14
Carrot,Sandy Soil,Flowering,55,39,38.0,1,4,1.4103,20.9
Carrot,Sandy Soil,Flowering,56,40,35.0,1,4,1.4,19.6
Carrot,Sandy Soil,Flowering,57,41,32.0,1,4,1.3902,18.24
Carrot,Sandy Soil,Flowering,58,42,29.0,1,4,1.381,16.82
Carrot,Sandy Soil,Flowering,59,43,26.0,1,4,1.3721,15.34
Carrot,Sandy Soil,Flowering,60,44,23.0,1,4,1.3636,13.8
Carrot,Sandy Soil,Flowering,61,45,20.0,1,4,1.3556,12.2
Carrot,Sandy Soil,Flowering,62,46,17.0,1,4,1.3478,10.54
Carrot,Sandy Soil,Flowering,63,25,78.0,1,4,2.52,49.14
Carrot,Sandy Soil,Flowering,64,26,75.0,1,4,2.4615,48.0
Carrot,Sandy Soil,Flowering,65,27,72.0,1,4,2.4074,46.8
Carrot,Sandy Soil,Flowering,66,28,69.0,1,4,2.3571,45.54
Carrot,Sandy Soil,Flowering,67,29,66.0,1,4,2.3103,44.22
Carrot,Sandy Soil,Flowering,68,30,63.0,1,4,2.2667,42.84
Carrot,Sandy Soil,Flowering,69,31,60.0,1,4,2.2258,41.4
Carrot,Sandy Soil,Flowering,81,43,24.0,0,4,1.8837,19.44
Carrot,Sandy Soil,Flowering,82,44,21.0,0,4,1.8636,17.22
Carrot,Sandy Soil,Flowering,83,45,18.0,0,4,1.8444,14.94
Carrot,Sandy Soil,Flowering,84,46,15.0,0,4,1.8261,12.6
Carrot,Sandy Soil,Flowering,85,25,76.0,0,4,3.4,64.6
Carrot,Sandy Soil,Flowering,86,26,73.0,0,4,3.3077,62.78
Carrot,Sandy Soil,Flowering,87,27,70.0,0,4,3.2222,60.9
Carrot,Sandy Soil,Flowering,88,28,67.0,0,4,3.1429,58.96
Carrot,Sandy Soil,Flowering,89,29,64.0,0,4,3.069,56.96
Carrot,Sandy Soil,Flowering,90,30,61.0,0,4,3.0,54.9
Carrot,Sandy Soil,Flowering,91,31,58.0,0,4,2.9355,52.78
Carrot,Sandy Soil,Flowering,92,32,55.0,0,4,2.875,50.6
Carrot,Sandy Soil,Flowering,93,33,52.0,0,4,2.8182,48.36
Carrot,Sandy Soil,Flowering,94,34,49.0,0,4,2.7647,46.06
Carrot,Sandy Soil,Flowering,95,35,46.0,0,4,2.7143,43.7
Carrot,Sandy Soil,Flowering,96,36,43.0,0,4,2.6667,41.28
Carrot,Sandy Soil,Flowering,97,37,40.0,0,4,2.6216,38.8
Carrot,Sandy Soil,Flowering,98,38,37.0,0,4,2.5789,36.26
Carrot,Sandy Soil,Flowering,99,39,34.0,0,4,2.5385,33.66
Carrot,Sandy Soil,Flowering,100,40,31.0,0,4,2.5,31.0
Carrot,Sandy Soil,Pollination,1,25,80.0,1,5,0.04,0.8
Carrot,Sandy Soil,Pollination,2,26,77.0,1,5,0.0769,1.54
Carrot,Sandy Soil,Pollination,3,27,74.0,1,5,0.1111,2.22
Carrot,Sandy Soil,Pollination,4,28,71.0,1,5,0.1429,2.84
Carrot,Sandy Soil,Pollination,5,29,68.0,1,5,0.1724,3.4
Carrot,Sandy Soil,Pollination,6,30,65.0,1,5,0.2,3.9
Carrot,Sandy Soil,Pollination,7,31,62.0,1,5,0.2258,4.34
Carrot,Sandy Soil,Pollination,8,32,59.0,1,5,0.25,4.72
Carrot,Sandy Soil,Pollination,9,33,56.0,1,5,0.2727,5.04
Carrot,Sandy Soil,Pollination,10,34,53.0,1,5,0.2941,5.3
Carrot,Sandy Soil,Pollination,11,35,50.0,1,5,0.3143,5.5
Carrot,Sandy Soil,Pollination,12,36,47.0,1,5,0.3333,5.64
Carrot,Sandy Soil,Pollination,13,37,44.0,1,5,0.3514,5.72
Carrot,Sandy Soil,Pollination,14,38,41.0,1,5,0.3684,5.74
Carrot,Sandy Soil,Pollination,15,39,38.0,1,5,0.3846,5.7
Carrot,Sandy Soil,Pollination,16,40,35.0,1,5,0.4,5.6
Carrot,Sandy Soil,Pollination,17,41,32.0,1,5,0.4146,5.44
Carrot,Sandy Soil,Pollination,18,42,29.0,1,5,0.4286,5.22
Carrot,Sandy Soil,Pollination,19,43,26.0,1,5,0.4419,4.94
Carrot,Sandy Soil,Pollination,20,44,23.0,1,5,0.4545,4.6
Carrot,Sandy Soil,Pollination,21,45,20.0,1,5,0.4667,4.2
Carrot,Sandy Soil,Pollination,22,46,17.0,1,5,0.4783,3.74
Carrot,Sandy Soil,Pollination,23,25,78.0,1,5,0.92,17.94
Carrot,Sandy Soil,Pollination,24,26,75.0,1,5,0.9231,18.0
Carrot,Sandy Soil,Pollination,25,27,72.0,1,5,0.9259,18.0
Carrot,Sandy Soil,Pollination,26,28,69.0,1,5,0.9286,17.94
Carrot,Sandy Soil,Pollination,27,29,66.0,1,5,0.931,17.82
Carrot,Sandy Soil,Pollination,28,30,63.0,1,5,0.9333,17.64
Carrot,Sandy Soil,Pollination,29,31,60.0,1,5,0.9355,17.4
Carrot,Sandy Soil,Pollination,30,32,57.0,1,5,0.9375,17.1
Carrot,Sandy Soil,Pollination,31,33,54.0,1,5,0.9394,16.74
Carrot,Sandy Soil,Pollination,32,34,51.0,1,5,0.9412,16.32
Carrot,Sandy Soil,Pollination,33,35,48.0,1,5,0.9429,15.84
Carrot,Sandy Soil,Pollination,34,36,45.0,1,5,0.9444,15.3
Carrot,Sandy Soil,Pollination,35,37,42.0,1,5,0.9459,14.7
Carrot,Sandy Soil,Pollination,36,38,39.0,1,5,0.9474,14.04
Carrot,Sandy Soil,Pollination,37,39,36.0,1,5,0.9487,13.32
Carrot,Sandy Soil,Pollination,38,40,33.0,1,5,0.95,12.54
Carrot,Sandy Soil,Pollination,39,41,30.0,1,5,0.9512,11.7
Carrot,Sandy Soil,Pollination,40,42,27.0,1,5,0.9524,10.8
Carrot,Sandy Soil,Pollination,41,43,24.0,1,5,0.9535,9.84
Carrot,Sandy Soil,Pollination,42,44,21.0,1,5,0.9545,8.82
Carrot,Sandy Soil,Pollination,43,45,18.0,1,5,0.9556,7.74
Carrot,Sandy Soil,Pollination,44,46,15.0,1,5,0.9565,6.6
Carrot,Sandy Soil,Pollination,45,25,76.0,1,5,1.8,34.2
Carrot,Sandy Soil,Pollination,46,26,73.0,1,5,1.7692,33.58
Carrot,Sandy Soil,Pollination,47,27,70.0,1,5,1.7407,32.9
Carrot,Sandy Soil,Pollination,48,28,67.0,1,5,1.7143,32.16
Carrot,Sandy Soil,Pollination,49,29,64.0,1,5,1.6897,31.36
Carrot,Sandy Soil,Pollination,50,30,61.0,1,5,1.6667,30.5
Carrot,Sandy Soil,Pollination,51,31,58.0,1,5,1.6452,29.58
Carrot,Sandy Soil,Pollination,52,32,55.0,1,5,1.625,28.6
Carrot,Sandy Soil,Pollination,53,33,52.0,1,5,1.6061,27.56
Carrot,Sandy Soil,Pollination,54,34,49.0,1,5,1.5882,26.46
Carrot,Sandy Soil,Pollination,55,35,46.0,1,5,1.5714,25.3
Carrot,Sandy Soil,Pollination,56,36,43.0,1,5,1.5556,24.08
Carrot,Sandy Soil,Pollination,57,37,40.0,1,5,1.5405,22.8
Carrot,Sandy Soil,Pollination,58,38,37.0,1,5,1.5263,21.46
Carrot,Sandy Soil,Pollination,59,39,34.0,1,5,1.5128,20.06
Carrot,Sandy Soil,Pollination,71,35,50.0,0,5,2.0286,35.5
Carrot,Sandy Soil,Pollination,72,36,47.0,0,5,2.0,33.84
Carrot,Sandy Soil,Pollination,73,37,44.0,0,5,1.973,32.12
Carrot,Sandy Soil,Pollination,74,38,41.0,0,5,1.9474,30.34
Carrot,Sandy Soil,Pollination,75,39,38.0,0,5,1.9231,28.5
Carrot,Sandy Soil,Pollination,76,40,35.0,0,5,1.9,26.6
Carrot,Sandy Soil,Pollination,77,41,32.0,0,5,1.878,24.64
Carrot,Sandy Soil,Pollination,78,42,29.0,0,5,1.8571,22.62
Carrot,Sandy Soil,Pollination,79,43,26.0,0,5,1.8372,20.54
Carrot,Sandy Soil,Pollination,80,44,23.0,0,5,1.8182,18.4
Carrot,Sandy Soil,Pollination,81,45,20.0,0,5,1.8,16.2
Carrot,Sandy Soil,Pollination,82,46,17.0,0,5,1.7826,13.94
Carrot,Sandy Soil,Pollination,83,25,78.0,0,5,3.32,64.74
Carrot,Sandy Soil,Pollination,84,26,75.0,0,5,3.2308,63.0
Carrot,Sandy Soil,Pollination,85,27,72.0,0,5,3.1481,61.2
Carrot,Sandy Soil,Pollination,86,28,69.0,0,5,3.0714,59.34
Carrot,Sandy Soil,Pollination,87,29,66.0,0,5,3.0,57.42
Carrot,Sandy Soil,Pollination,88,30,63.0,0,5,2.9333,55.44
Carrot,Sandy Soil,Pollination,89,31,60.0,0,5,2.871,53.4
Carrot,Sandy Soil,Pollination,90,32,57.0,0,5,2.8125,51.3
Carrot,Sandy Soil,Pollination,91,33,54.0,0,5,2.7576,49.14
Carrot,Sandy Soil,Pollination,92,34,51.0,0,5,2.7059,46.92
Carrot,Sandy Soil,Pollination,93,35,48.0,0,5,2.6571,44.64
Carrot,Sandy Soil,Pollination,94,36,45.0,0,5,2.6111,42.3
Carrot,Sandy Soil,Pollination,95,37,42.0,0,5,2.5676,39.9
Carrot,Sandy Soil,Pollination,96,38,39.0,0,5,2.5263,37.44
Carrot,Sandy Soil,Pollination,97,39,36.0,0,5,2.4872,34.92
Carrot,Sandy Soil,Pollination,98,40,33.0,0,5,2.45,32.34
Carrot,Sandy Soil,Pollination,99,41,30.0,0,5,2.4146,29.7
Carrot,Sandy Soil,Pollination,100,42,27.0,0,5,2.381,27.0
Carrot,Clay Soil,Germination,1,43,24.0,1,1,0.0233,0.24
Carrot,Clay Soil,Germination,2,44,21.0,1,1,0.0455,0.42
Carrot,Clay Soil,Germination,3,45,18.0,1,1,0.0667,0.54
Carrot,Clay Soil,Germination,4,46,15.0,1,1,0.087,0.6
Carrot,Clay Soil,Germination,5,25,76.0,1,1,0.2,3.8
Carrot,Clay Soil,Germination,6,26,73.0,1,1,0.2308,4.38
Carrot,Clay Soil,Germination,7,27,70.0,1,1,0.2593,4.9
Carrot,Clay Soil,Germination,8,28,67.0,1,1,0.2857,5.36
Carrot,Clay Soil,Germination,9,29,64.0,1,1,0.3103,5.76
Carrot,Clay Soil,Germination,10,30,61.0,1,1,0.3333,6.1
Carrot,Clay Soil,Germination,11,31,58.0,1,1,0.3548,6.38
Carrot,Clay Soil,Germination,12,32,55.0,1,1,0.375,6.6
Carrot,Clay Soil,Germination,13,33,52.0,1,1,0.3939,6.76
Carrot,Clay Soil,Germination,14,34,49.0,1,1,0.4118,6.86
Carrot,Clay Soil,Germination,15,35,46.0,1,1,0.4286,6.9
Carrot,Clay Soil,Germination,16,36,43.0,1,1,0.4444,6.88
Carrot,Clay Soil,Germination,17,37,40.0,1,1,0.4595,6.8
Carrot,Clay Soil,Germination,18,38,37.0,1,1,0.4737,6.66
Carrot,Clay Soil,Germination,19,39,34.0,1,1,0.4872,6.46
Carrot,Clay Soil,Germination,20,40,31.0,1,1,0.5,6.2
Carrot,Clay Soil,Germination,21,25,80.0,1,1,0.84,16.8
Carrot,Clay Soil,Germination,22,26,77.0,1,1,0.8462,16.94
Carrot,Clay Soil,Germination,23,27,74.0,1,1,0.8519,17.02
Carrot,Clay Soil,Germination,24,28,71.0,1,1,0.8571,17.04
Carrot,Clay Soil,Germination,25,29,68.0,1,1,0.8621,17.0
Carrot,Clay Soil,Germination,26,30,65.0,1,1,0.8667,16.9
Carrot,Clay Soil,Germination,27,31,62.0,1,1,0.871,16.74
Carrot,Clay Soil,Germination,28,32,59.0,1,1,0.875,16.52
Carrot,Clay Soil,Germination,29,33,56.0,1,1,0.8788,16.24
Carrot,Clay Soil,Germination,30,34,53.0,1,1,0.8824,15.9
Carrot,Clay Soil,Germination,31,35,50.0,1,1,0.8857,15.5
Carrot,Clay Soil,Germination,32,36,47.0,1,1,0.8889,15.04
Carrot,Clay Soil,Germination,33,37,44.0,1,1,0.8919,14.52
Carrot,Clay Soil,Germination,34,38,41.0,1,1,0.8947,13.94
Carrot,Clay Soil,Germination,35,39,38.0,1,1,0.8974,13.3
Carrot,Clay Soil,Germination,36,40,35.0,1,1,0.9,12.6
Carrot,Clay Soil,Germination,37,41,32.0,1,1,0.9024,11.84
Carrot,Clay Soil,Germination,38,42,29.0,1,1,0.9048,11.02
Carrot,Clay Soil,Germination,39,43,26.0,1,1,0.907,10.14
Carrot,Clay Soil,Germination,40,44,23.0,1,1,0.9091,9.2
Carrot,Clay Soil,Germination,41,45,20.0,1,1,0.9111,8.2
Carrot,Clay Soil,Germination,42,46,17.0,1,1,0.913,7.14
Carrot,Clay Soil,Germination,43,25,78.0,1,1,1.72,33.54
Carrot,Clay Soil,Germination,44,26,75.0,1,1,1.6923,33.0
Carrot,Clay Soil,Germination,45,27,72.0,1,1,1.6667,32.4
Carrot,Clay Soil,Germination,46,28,69.0,1,1,1.6429,31.74
Carrot,Clay Soil,Germination,47,29,66.0,1,1,1.6207,31.02
Carrot,Clay Soil,Germination,48,30,63.0,1,1,1.6,30.24
Carrot,Clay Soil,Germination,49,31,60.0,1,1,1.5806,29.4
Carrot,Clay Soil,Germination,50,32,57.0,1,1,1.5625,28.5
Carrot,Clay Soil,Germination,51,33,54.0,1,1,1.5455,27.54
Carrot,Clay Soil,Germination,52,34,51.0,1,1,1.5294,26.52
Carrot,Clay Soil,Germination,53,35,48.0,1,1,1.5143,25.44
Carrot,Clay Soil,Germination,54,36,45.0,1,1,1.5,24.3
Carrot,Clay Soil,Germination,55,37,42.0,1,1,1.4865,23.1
Carrot,Clay Soil,Germination,56,38,39.0,1,1,1.4737,21.84
Carrot,Clay Soil,Germination,57,39,36.0,1,1,1.4615,20.52
Carrot,Clay Soil,Germination,58,40,33.0,1,1,1.45,19.14
Carrot,Clay Soil,Germination,59,41,30.0,1,1,1.439,17.7
Carrot,Clay Soil,Germination,60,42,27.0,1,1,1.4286,16.2
Carrot,Clay Soil,Germination,61,43,24.0,1,1,1.4186,14.64
Carrot,Clay Soil,Germination,62,44,21.0,1,1,1.4091,13.02
Carrot,Clay Soil,Germination,63,45,18.0,1,1,1.4,11.34
Carrot,Clay Soil,Germination,64,46,15.0,1,1,1.3913,9.6
Carrot,Clay Soil,Germination,65,25,76.0,1,1,2.6,49.4
Carrot,Clay Soil,Germination,66,26,73.0,1,1,2.5385,48.18
Carrot,Clay Soil,Germination,67,27,70.0,1,1,2.4815,46.9
Carrot,Clay Soil,Germination,68,28,67.0,1,1,2.4286,45.56
Carrot,Clay Soil,Germination,69,29,64.0,1,1,2.3793,44.16
Carrot,Clay Soil,Germination,70,30,61.0,1,1,2.3333,42.7
Carrot,Clay Soil,Germination,71,31,58.0,1,1,2.2903,41.18
Carrot,Clay Soil,Germination,72,32,55.0,1,1,2.25,39.6
Carrot,Clay Soil,Germination,73,33,52.0,1,1,2.2121,37.96
Carrot,Clay Soil,Germination,74,34,49.0,1,1,2.1765,36.26
Carrot,Clay Soil,Germination,75,35,46.0,1,1,2.1429,34.5
Carrot,Clay Soil,Germination,76,36,43.0,1,1,2.1111,32.68
Carrot,Clay Soil,Germination,77,37,40.0,1,1,2.0811,30.8
Carrot,Clay Soil,Germination,78,38,37.0,1,1,2.0526,28.86
Carrot,Clay Soil,Germination,79,39,34.0,1,1,2.0256,26.86
Carrot,Clay Soil,Germination,91,35,50.0,0,1,2.6,45.5
Carrot,Clay Soil,Germination,92,36,47.0,0,1,2.5556,43.24
Carrot,Clay Soil,Germination,93,37,44.0,0,1,2.5135,40.92
Carrot,Clay Soil,Germination,94,38,41.0,0,1,2.4737,38.54
Carrot,Clay Soil,Germination,95,39,38.0,0,1,2.4359,36.1
Carrot,Clay Soil,Germination,96,40,35.0,0,1,2.4,33.6
Carrot,Clay Soil,Germination,97,41,32.0,0,1,2.3659,31.04
Carrot,Clay Soil,Germination,98,42,29.0,0,1,2.3333,28.42
Carrot,Clay Soil,Germination,99,43,26.0,0,1,2.3023,25.74
Carrot,Clay Soil,Germination,100,44,23.0,0,1,2.2727,23.0
Carrot,Clay Soil,Seedling Stage,1,45,20.0,1,2,0.0222,0.2
Carrot,Clay Soil,Seedling Stage,2,46,17.0,1,2,0.0435,0.34
Carrot,Clay Soil,Seedling Stage,3,25,78.0,1,2,0.12,2.34
Carrot,Clay Soil,Seedling Stage,4,26,75.0,1,2,0.1538,3.0
Carrot,Clay Soil,Seedling Stage,5,27,72.0,1,2,0.1852,3.6
Carrot,Clay Soil,Seedling Stage,6,28,69.0,1,2,0.2143,4.14
Carrot,Clay Soil,Seedling Stage,7,29,66.0,1,2,0.2414,4.62
Carrot,Clay Soil,Seedling Stage,8,30,63.0,1,2,0.2667,5.04
Carrot,Clay Soil,Seedling Stage,9,31,60.0,1,2,0.2903,5.4
Carrot,Clay Soil,Seedling Stage,10,32,57.0,1,2,0.3125,5.7
Carrot,Clay Soil,Seedling Stage,11,33,54.0,1,2,0.3333,5.94
Carrot,Clay Soil,Seedling Stage,12,34,51.0,1,2,0.3529,6.12
Carrot,Clay Soil,Seedling Stage,13,35,48.0,1,2,0.3714,6.24
Carrot,Clay Soil,Seedling Stage,14,36,45.0,1,2,0.3889,6.3
Carrot,Clay Soil,Seedling Stage,15,37,42.0,1,2,0.4054,6.3
Carrot,Clay Soil,Seedling Stage,16,38,39.0,1,2,0.4211,6.24
Carrot,Clay Soil,Seedling Stage,17,39,36.0,1,2,0.4359,6.12
Carrot,Clay Soil,Seedling Stage,18,40,33.0,1,2,0.45,5.94
Carrot,Clay Soil,Seedling Stage,19,41,30.0,1,2,0.4634,5.7
Carrot,Clay Soil,Seedling Stage,20,42,27.0,1,2,0.4762,5.4
Carrot,Clay Soil,Seedling Stage,21,43,24.0,1,2,0.4884,5.04
Carrot,Clay Soil,Seedling Stage,22,44,21.0,1,2,0.5,4.62
Carrot,Clay Soil,Seedling Stage,23,45,18.0,1,2,0.5111,4.14
Carrot,Clay Soil,Seedling Stage,24,46,15.0,1,2,0.5217,3.6
Carrot,Clay Soil,Seedling Stage,25,25,76.0,1,2,1.0,19.0
Carrot,Clay Soil,Seedling Stage,26,26,73.0,1,2,1.0,18.98
Carrot,Clay Soil,Seedling Stage,27,27,70.0,1,2,1.0,18.9
Carrot,Clay Soil,Seedling Stage,28,28,67.0,1,2,1.0,18.76
Carrot,Clay Soil,Seedling Stage,29,29,64.0,1,2,1.0,18.56
Carrot,Clay Soil,Seedling Stage,30,30,61.0,1,2,1.0,18.3
Carrot,Clay Soil,Seedling Stage,31,31,58.0,1,2,1.0,17.98
Carrot,Clay Soil,Seedling Stage,32,32,55.0,1,2,1.0,17.6
Carrot,Clay Soil,Seedling Stage,33,33,52.0,1,2,1.0,17.16
Carrot,Clay Soil,Seedling Stage,34,34,49.0,1,2,1.0,16.66
Carrot,Clay Soil,Seedling Stage,35,35,46.0,1,2,1.0,16.1
Carrot,Clay Soil,Seedling Stage,36,36,43.0,1,2,1.0,15.48
Carrot,Clay Soil,Seedling Stage,37,37,40.0,1,2,1.0,14.8
Carrot,Clay Soil,Seedling Stage,38,38,37.0,1,2,1.0,14.06
Carrot,Clay Soil,Seedling Stage,39,39,34.0,1,2,1.0,13.26
Carrot,Clay Soil,Seedling Stage,40,40,31.0,1,2,1.0,12.4
Carrot,Clay Soil,Seedling Stage,41,25,80.0,1,2,1.64,32.8
Carrot,Clay Soil,Seedling Stage,42,26,77.0,1,2,1.6154,32.34
Carrot,Clay Soil,Seedling Stage,43,27,74.0,1,2,1.5926,31.82
Carrot,Clay Soil,Seedling Stage,44,28,71.0,1,2,1.5714,31.24
Carrot,Clay Soil,Seedling Stage,45,29,68.0,1,2,1.5517,30.6
Carrot,Clay Soil,Seedling Stage,46,30,65.0,1,2,1.5333,29.9
Carrot,Clay Soil,Seedling Stage,47,31,62.0,1,2,1.5161,29.14
Carrot,Clay Soil,Seedling Stage,48,32,59.0,1,2,1.5,28.32
Carrot,Clay Soil,Seedling Stage,49,33,56.0,1,2,1.4848,27.44
Carrot,Clay Soil,Seedling Stage,50,34,53.0,1,2,1.4706,26.5
Carrot,Clay Soil,Seedling Stage,51,35,50.0,1,2,1.4571,25.5
Carrot,Clay Soil,Seedling Stage,52,36,47.0,1,2,1.4444,24.44
Carrot,Clay Soil,Seedling Stage,53,37,44.0,1,2,1.4324,23.32
Carrot,Clay Soil,Seedling Stage,54,38,41.0,1,2,1.4211,22.14
Carrot,Clay Soil,Seedling Stage,55,39,38.0,1,2,1.4103,20.9
Carrot,Clay Soil,Seedling Stage,56,40,35.0,1,2,1.4,19.6
Carrot,Clay Soil,Seedling Stage,57,41,32.0,1,2,1.3902,18.24
Carrot,Clay Soil,Seedling Stage,58,42,29.0,1,2,1.381,16.82
Carrot,Clay Soil,Seedling Stage,59,43,26.0,1,2,1.3721,15.34
Carrot,Clay Soil,Seedling Stage,60,44,23.0,1,2,1.3636,13.8
Carrot,Clay Soil,Seedling Stage,61,45,20.0,1,2,1.3556,12.2
Carrot,Clay Soil,Seedling Stage,62,46,17.0,1,2,1.3478,10.54
Carrot,Clay Soil,Seedling Stage,63,25,78.0,1,2,2.52,49.14
Carrot,Clay Soil,Seedling Stage,64,26,75.0,1,2,2.4615,48.0
Carrot,Clay Soil,Seedling Stage,65,27,72.0,1,2,2.4074,46.8
Carrot,Clay Soil,Seedling Stage,66,28,69.0,1,2,2.3571,45.54
Carrot,Clay Soil,Seedling Stage,67,29,66.0,1,2,2.3103,44.22
Carrot,Clay Soil,Seedling Stage,68,30,63.0,1,2,2.2667,42.84
Carrot,Clay Soil,Seedling Stage,69,31,60.0,1,2,2.2258,41.4
Carrot,Clay Soil,Seedling Stage,81,43,24.0,0,2,1.8837,19.44
Carrot,Clay Soil,Seedling Stage,82,44,21.0,0,2,1.8636,17.22
Carrot,Clay Soil,Seedling Stage,83,45,18.0,0,2,1.8444,14.94
Carrot,Clay Soil,Seedling Stage,84,46,15.0,0,2,1.8261,12.6
Carrot,Clay Soil,Seedling Stage,85,25,76.0,0,2,3.4,64.6
Carrot,Clay Soil,Seedling Stage,86,26,73.0,0,2,3.3077,62.78
Carrot,Clay Soil,Seedling Stage,87,27,70.0,0,2,3.2222,60.9
Carrot,Clay Soil,Seedling Stage,88,28,67.0,0,2,3.1429,58.96
Carrot,Clay Soil,Seedling Stage,89,29,64.0,0,2,3.069,56.96
Carrot,Clay Soil,Seedling Stage,90,30,61.0,0,2,3.0,54.9
Carrot,Clay Soil,Seedling Stage,91,31,58.0,0,2,2.9355,52.78
Carrot,Clay Soil,Seedling Stage,92,32,55.0,0,2,2.875,50.6
Carrot,Clay Soil,Seedling Stage,93,33,52.0,0,2,2.8182,48.36
Carrot,Clay Soil,Seedling Stage,94,34,49.0,0,2,2.7647,46.06
Carrot,Clay Soil,Seedling Stage,95,35,46.0,0,2,2.7143,43.7
Carrot,Clay Soil,Seedling Stage,96,36,43.0,0,2,2.6667,41.28
Carrot,Clay Soil,Seedling Stage,97,37,40.0,0,2,2.6216,38.8
Carrot,Clay Soil,Seedling Stage,98,38,37.0,0,2,2.5789,36.26
Carrot,Clay Soil,Seedling Stage,99,39,34.0,0,2,2.5385,33.66
Carrot,Clay Soil,Seedling Stage,100,40,31.0,0,2,2.5,31.0
Carrot,Clay Soil,Vegetative Growth / Root or Tuber Development,1,25,80.0,1,3,0.04,0.8
Carrot,Clay Soil,Vegetative Growth / Root or Tuber Development,2,26,77.0,1,3,0.0769,1.54
Carrot,Clay Soil,Vegetative Growth / Root or Tuber Development,3,27,74.0,1,3,0.1111,2.22
Carrot,Clay Soil,Vegetative Growth / Root or Tuber Development,4,28,71.0,1,3,0.1429,2.84
Carrot,Clay Soil,Vegetative Growth / Root or Tuber Development,5,29,68.0,1,3,0.1724,3.4
Carrot,Clay Soil,Vegetative Growth / Root or Tuber Development,6,30,65.0,1,3,0.2,3.9
Carrot,Clay Soil,Vegetative Growth / Root or Tuber Development,7,31,62.0,1,3,0.2258,4.34
Carrot,Clay Soil,Vegetative Growth / Root or Tuber Development,8,32,59.0,1,3,0.25,4.72
Carrot,Clay Soil,Vegetative Growth / Root or Tuber Development,9,33,56.0,1,3,0.2727,5.04
Carrot,Clay Soil,Vegetative Growth / Root or Tuber Development,10,34,53.0,1,3,0.2941,5.3
Carrot,Clay Soil,Vegetative Growth / Root or Tuber Development,11,35,50.0,1,3,0.3143,5.5
Carrot,Clay Soil,Vegetative Growth / Root or Tuber Development,12,36,47.0,1,3,0.3333,5.64
Carrot,Clay Soil,Vegetative Growth / Root or Tuber Development,13,37,44.0,1,3,0.3514,5.72
Carrot,Clay Soil,Vegetative Growth / Root or Tuber Development,14,38,41.0,1,3,0.3684,5.74
Carrot,Clay Soil,Vegetative Growth / Root or Tuber Development,15,39,38.0,1,3,0.3846,5.7
Carrot,Clay Soil,Vegetative Growth / Root or Tuber Development,16,40,35.0,1,3,0.4,5.6
Carrot,Clay Soil,Vegetative Growth / Root or Tuber Development,17,41,32.0,1,3,0.4146,5.44
Carrot,Clay Soil,Vegetative Growth / Root or Tuber Development,18,42,29.0,1,3,0.4286,5.22
Carrot,Clay Soil,Vegetative Growth / Root or Tuber Development,19,43,26.0,1,3,0.4419,4.94
Carrot,Clay Soil,Vegetative Growth / Root or Tuber Development,20,44,23.0,1,3,0.4545,4.6
Carrot,Clay Soil,Vegetative Growth / Root or Tuber Development,21,45,20.0,1,3,0.4667,4.2
Carrot,Clay Soil,Vegetative Growth / Root or Tuber Development,22,46,17.0,1,3,0.4783,3.74
Carrot,Clay Soil,Vegetative Growth / Root or Tuber Development,23,25,78.0,1,3,0.92,17.94
Carrot,Clay Soil,Vegetative Growth / Root or Tuber Development,24,26,75.0,1,3,0.9231,18.0
Carrot,Clay Soil,Vegetative Growth / Root or Tuber Development,25,27,72.0,1,3,0.9259,18.0
Carrot,Clay Soil,Vegetative Growth / Root or Tuber Development,26,28,69.0,1,3,0.9286,17.94
Carrot,Clay Soil,Vegetative Growth / Root or Tuber Development,27,29,66.0,1,3,0.931,17.82
Carrot,Clay Soil,Vegetative Growth / Root or Tuber Development,28,30,63.0,1,3,0.9333,17.64
Carrot,Clay Soil,Vegetative Growth / Root or Tuber Development,29,31,60.0,1,3,0.9355,17.4
Carrot,Clay Soil,Vegetative Growth / Root or Tuber Development,30,32,57.0,1,3,0.9375,17.1
Carrot,Clay Soil,Vegetative Growth / Root or Tuber Development,31,33,54.0,1,3,0.9394,16.74
Carrot,Clay Soil,Vegetative Growth / Root or Tuber Development,32,34,51.0,1,3,0.9412,16.32
Carrot,Clay Soil,Vegetative Growth / Root or Tuber Development,33,35,48.0,1,3,0.9429,15.84
Carrot,Clay Soil,Vegetative Growth / Root or Tuber Development,34,36,45.0,1,3,0.9444,15.3
Carrot,Clay Soil,Vegetative Growth / Root or Tuber Development,35,37,42.0,1,3,0.9459,14.7
Carrot,Clay Soil,Vegetative Growth / Root or Tuber Development,36,38,39.0,1,3,0.9474,14.04
Carrot,Clay Soil,Vegetative Growth / Root or Tuber Development,37,39,36.0,1,3,0.9487,13.32
Carrot,Clay Soil,Vegetative Growth / Root or Tuber Development,38,40,33.0,1,3,0.95,12.54
Carrot,Clay Soil,Vegetative Growth / Root or Tuber Development,39,41,30.0,1,3,0.9512,11.7
Carrot,Clay Soil,Vegetative Growth / Root or Tuber Development,40,42,27.0,1,3,0.9524,10.8
Carrot,Clay Soil,Vegetative Growth / Root or Tuber Development,41,43,24.0,1,3,0.9535,9.84
Carrot,Clay Soil,Vegetative Growth / Root or Tuber Development,42,44,21.0,1,3,0.9545,8.82
Carrot,Clay Soil,Vegetative Growth / Root or Tuber Development,43,45,18.0,1,3,0.9556,7.74
Carrot,Clay Soil,Vegetative Growth / Root or Tuber Development,44,46,15.0,1,3,0.9565,6.6
Carrot,Clay Soil,Vegetative Growth / Root or Tuber Development,45,25,76.0,1,3,1.8,34.2
Carrot,Clay Soil,Vegetative Growth / Root or Tuber Development,46,26,73.0,1,3,1.7692,33.58
Carrot,Clay Soil,Vegetative Growth / Root or Tuber Development,47,27,70.0,1,3,1.7407,32.9
Carrot,Clay Soil,Vegetative Growth / Root or Tuber Development,48,28,67.0,1,3,1.7143,32.16
Carrot,Clay Soil,Vegetative Growth / Root or Tuber Development,49,29,64.0,1,3,1.6897,31.36
Carrot,Clay Soil,Vegetative Growth / Root or Tuber Development,50,30,61.0,1,3,1.6667,30.5
Carrot,Clay Soil,Vegetative Growth / Root or Tuber Development,51,31,58.0,1,3,1.6452,29.58
Carrot,Clay Soil,Vegetative Growth / Root or Tuber Development,52,32,55.0,1,3,1.625,28.6
Carrot,Clay Soil,Vegetative Growth / Root or Tuber Development,53,33,52.0,1,3,1.6061,27.56
Carrot,Clay Soil,Vegetative Growth / Root or Tuber Development,54,34,49.0,1,3,1.5882,26.46
Carrot,Clay Soil,Vegetative Growth / Root or Tuber Development,55,35,46.0,1,3,1.5714,25.3
Carrot,Clay Soil,Vegetative Growth / Root or Tuber Development,56,36,43.0,1,3,1.5556,24.08
Carrot,Clay Soil,Vegetative Growth / Root or Tuber Development,57,37,40.0,1,3,1.5405,22.8
Carrot,Clay Soil,Vegetative Growth / Root or Tuber Development,58,38,37.0,1,3,1.5263,21.46
Carrot,Clay Soil,Vegetative Growth / Root or Tuber Development,59,39,34.0,1,3,1.5128,20.06
Carrot,Clay Soil,Vegetative Growth / Root or Tuber Development,71,35,50.0,0,3,2.0286,35.5
Carrot,Clay Soil,Vegetative Growth / Root or Tuber Development,72,36,47.0,0,3,2.0,33.84
Carrot,Clay Soil,Vegetative Growth / Root or Tuber Development,73,37,44.0,0,3,1.973,32.12
Carrot,Clay Soil,Vegetative Growth / Root or Tuber Development,74,38,41.0,0,3,1.9474,30.34
Carrot,Clay Soil,Vegetative Growth / Root or Tuber Development,75,39,38.0,0,3,1.9231,28.5
Carrot,Clay Soil,Vegetative Growth / Root or Tuber Development,76,40,35.0,0,3,1.9,26.6
Carrot,Clay Soil,Vegetative Growth / Root or Tuber Development,77,41,32.0,0,3,1.878,24.64
Carrot,Clay Soil,Vegetative Growth / Root or Tuber Development,78,42,29.0,0,3,1.8571,22.62
Carrot,Clay Soil,Vegetative Growth / Root or Tuber Development,79,43,26.0,0,3,1.8372,20.54
Carrot,Clay Soil,Vegetative Growth / Root or Tuber Development,80,44,23.0,0,3,1.8182,18.4
Carrot,Clay Soil,Vegetative Growth / Root or Tuber Development,81,45,20.0,0,3,1.8,16.2
Carrot,Clay Soil,Vegetative Growth / Root or Tuber Development,82,46,17.0,0,3,1.7826,13.94
Carrot,Clay Soil,Vegetative Growth / Root or Tuber Development,83,25,78.0,0,3,3.32,64.74
Carrot,Clay Soil,Vegetative Growth / Root or Tuber Development,84,26,75.0,0,3,3.2308,63.0
Carrot,Clay Soil,Vegetative Growth / Root or Tuber Development,85,27,72.0,0,3,3.1481,61.2
Carrot,Clay Soil,Vegetative Growth / Root or Tuber Development,86,28,69.0,0,3,3.0714,59.34
Carrot,Clay Soil,Vegetative Growth / Root or Tuber Development,87,29,66.0,0,3,3.0,57.42
Carrot,Clay Soil,Vegetative Growth / Root or Tuber Development,88,30,63.0,0,3,2.9333,55.44
Carrot,Clay Soil,Vegetative Growth / Root or Tuber Development,89,31,60.0,0,3,2.871,53.4
Carrot,Clay Soil,Vegetative Growth / Root or Tuber Development,90,32,57.0,0,3,2.8125,51.3
Carrot,Clay Soil,Vegetative Growth / Root or Tuber Development,91,33,54.0,0,3,2.7576,49.14
Carrot,Clay Soil,Vegetative Growth / Root or Tuber Development,92,34,51.0,0,3,2.7059,46.92
Carrot,Clay Soil,Vegetative Growth / Root or Tuber Development,93,35,48.0,0,3,2.6571,44.64
Carrot,Clay Soil,Vegetative Growth / Root or Tuber Development,94,36,45.0,0,3,2.6111,42.3
Carrot,Clay Soil,Vegetative Growth / Root or Tuber Development,95,37,42.0,0,3,2.5676,39.9
Carrot,Clay Soil,Vegetative Growth / Root or Tuber Development,96,38,39.0,0,3,2.5263,37.44
Carrot,Clay Soil,Vegetative Growth / Root or Tuber Development,97,39,36.0,0,3,2.4872,34.92
Carrot,Clay Soil,Vegetative Growth / Root or Tuber Development,98,40,33.0,0,3,2.45,32.34
Carrot,Clay Soil,Vegetative Growth / Root or Tuber Development,99,41,30.0,0,3,2.4146,29.7
Carrot,Clay Soil,Vegetative Growth / Root or Tuber Development,100,42,27.0,0,3,2.381,27.0
Carrot,Clay Soil,Flowering,1,43,24.0,1,4,0.0233,0.24
Carrot,Clay Soil,Flowering,2,44,21.0,1,4,0.0455,0.42
Carrot,Clay Soil,Flowering,3,45,18.0,1,4,0.0667,0.54
Carrot,Clay Soil,Flowering,4,46,15.0,1,4,0.087,0.6
Carrot,Clay Soil,Flowering,5,25,76.0,1,4,0.2,3.8
Carrot,Clay Soil,Flowering,6,26,73.0,1,4,0.2308,4.38
Carrot,Clay Soil,Flowering,7,27,70.0,1,4,0.2593,4.9
Carrot,Clay Soil,Flowering,8,28,67.0,1,4,0.2857,5.36
Carrot,Clay Soil,Flowering,9,29,64.0,1,4,0.3103,5.76
Carrot,Clay Soil,Flowering,10,30,61.0,1,4,0.3333,6.1
Carrot,Clay Soil,Flowering,11,31,58.0,1,4,0.3548,6.38
Carrot,Clay Soil,Flowering,12,32,55.0,1,4,0.375,6.6
Carrot,Clay Soil,Flowering,13,33,52.0,1,4,0.3939,6.76
Carrot,Clay Soil,Flowering,14,34,49.0,1,4,0.4118,6.86
Carrot,Clay Soil,Flowering,15,35,46.0,1,4,0.4286,6.9
Carrot,Clay Soil,Flowering,16,36,43.0,1,4,0.4444,6.88
Carrot,Clay Soil,Flowering,17,37,40.0,1,4,0.4595,6.8
Carrot,Clay Soil,Flowering,18,38,37.0,1,4,0.4737,6.66
Carrot,Clay Soil,Flowering,19,39,34.0,1,4,0.4872,6.46
Carrot,Clay Soil,Flowering,20,40,31.0,1,4,0.5,6.2
Carrot,Clay Soil,Flowering,21,25,80.0,1,4,0.84,16.8
Carrot,Clay Soil,Flowering,22,26,77.0,1,4,0.8462,16.94
Carrot,Clay Soil,Flowering,23,27,74.0,1,4,0.8519,17.02
Carrot,Clay Soil,Flowering,24,28,71.0,1,4,0.8571,17.04
Carrot,Clay Soil,Flowering,25,29,68.0,1,4,0.8621,17.0
Carrot,Clay Soil,Flowering,26,30,65.0,1,4,0.8667,16.9
Carrot,Clay Soil,Flowering,27,31,62.0,1,4,0.871,16.74
Carrot,Clay Soil,Flowering,28,32,59.0,1,4,0.875,16.52
Carrot,Clay Soil,Flowering,29,33,56.0,1,4,0.8788,16.24
Carrot,Clay Soil,Flowering,30,34,53.0,1,4,0.8824,15.9
Carrot,Clay Soil,Flowering,31,35,50.0,1,4,0.8857,15.5
Carrot,Clay Soil,Flowering,32,36,47.0,1,4,0.8889,15.04
Carrot,Clay Soil,Flowering,33,37,44.0,1,4,0.8919,14.52
Carrot,Clay Soil,Flowering,34,38,41.0,1,4,0.8947,13.94
Carrot,Clay Soil,Flowering,35,39,38.0,1,4,0.8974,13.3
Carrot,Clay Soil,Flowering,36,40,35.0,1,4,0.9,12.6
Carrot,Clay Soil,Flowering,37,41,32.0,1,4,0.9024,11.84
Carrot,Clay Soil,Flowering,38,42,29.0,1,4,0.9048,11.02
Carrot,Clay Soil,Flowering,39,43,26.0,1,4,0.907,10.14
Carrot,Clay Soil,Flowering,40,44,23.0,1,4,0.9091,9.2
Carrot,Clay Soil,Flowering,41,45,20.0,1,4,0.9111,8.2
Carrot,Clay Soil,Flowering,42,46,17.0,1,4,0.913,7.14
Carrot,Clay Soil,Flowering,43,25,78.0,1,4,1.72,33.54
Carrot,Clay Soil,Flowering,44,26,75.0,1,4,1.6923,33.0
Carrot,Clay Soil,Flowering,45,27,72.0,1,4,1.6667,32.4
Carrot,Clay Soil,Flowering,46,28,69.0,1,4,1.6429,31.74
Carrot,Clay Soil,Flowering,47,29,66.0,1,4,1.6207,31.02
Carrot,Clay Soil,Flowering,48,30,63.0,1,4,1.6,30.24
Carrot,Clay Soil,Flowering,49,31,60.0,1,4,1.5806,29.4
Carrot,Clay Soil,Flowering,50,32,57.0,1,4,1.5625,28.5
Carrot,Clay Soil,Flowering,51,33,54.0,1,4,1.5455,27.54
Carrot,Clay Soil,Flowering,52,34,51.0,1,4,1.5294,26.52
Carrot,Clay Soil,Flowering,53,35,48.0,1,4,1.5143,25.44
Carrot,Clay Soil,Flowering,54,36,45.0,1,4,1.5,24.3
Carrot,Clay Soil,Flowering,55,37,42.0,1,4,1.4865,23.1
Carrot,Clay Soil,Flowering,56,38,39.0,1,4,1.4737,21.84
Carrot,Clay Soil,Flowering,57,39,36.0,1,4,1.4615,20.52
Carrot,Clay Soil,Flowering,58,40,33.0,1,4,1.45,19.14
Carrot,Clay Soil,Flowering,59,41,30.0,1,4,1.439,17.7
Carrot,Clay Soil,Flowering,60,42,27.0,1,4,1.4286,16.2
Carrot,Clay Soil,Flowering,61,43,24.0,1,4,1.4186,14.64
Carrot,Clay Soil,Flowering,62,44,21.0,1,4,1.4091,13.02
Carrot,Clay Soil,Flowering,63,45,18.0,1,4,1.4,11.34
Carrot,Clay Soil,Flowering,64,46,15.0,1,4,1.3913,9.6
Carrot,Clay Soil,Flowering,65,25,76.0,1,4,2.6,49.4
Carrot,Clay Soil,Flowering,66,26,73.0,1,4,2.5385,48.18
Carrot,Clay Soil,Flowering,67,27,70.0,1,4,2.4815,46.9
Carrot,Clay Soil,Flowering,68,28,67.0,1,4,2.4286,45.56
Carrot,Clay Soil,Flowering,69,29,64.0,1,4,2.3793,44.16
Carrot,Clay Soil,Flowering,81,25,80.0,0,4,3.24,64.8
Carrot,Clay Soil,Flowering,82,26,77.0,0,4,3.1538,63.14
Carrot,Clay Soil,Flowering,83,27,74.0,0,4,3.0741,61.42
Carrot,Clay Soil,Flowering,84,28,71.0,0,4,3.0,59.64
Carrot,Clay Soil,Flowering,85,29,68.0,0,4,2.931,57.8
Carrot,Clay Soil,Flowering,86,30,65.0,0,4,2.8667,55.9
Carrot,Clay Soil,Flowering,87,31,62.0,0,4,2.8065,53.94
Carrot,Clay Soil,Flowering,88,32,59.0,0,4,2.75,51.92
Carrot,Clay Soil,Flowering,89,33,56.0,0,4,2.697,49.84
Carrot,Clay Soil,Flowering,90,34,53.0,0,4,2.6471,47.7
Carrot,Clay Soil,Flowering,91,35,50.0,0,4,2.6,45.5
Carrot,Clay Soil,Flowering,92,36,47.0,0,4,2.5556,43.24
Carrot,Clay Soil,Flowering,93,37,44.0,0,4,2.5135,40.92
Carrot,Clay Soil,Flowering,94,38,41.0,0,4,2.4737,38.54
Carrot,Clay Soil,Flowering,95,39,38.0,0,4,2.4359,36.1
Carrot,Clay Soil,Flowering,96,40,35.0,0,4,2.4,33.6
Carrot,Clay Soil,Flowering,97,41,32.0,0,4,2.3659,31.04
Carrot,Clay Soil,Flowering,98,42,29.0,0,4,2.3333,28.42
Carrot,Clay Soil,Flowering,99,43,26.0,0,4,2.3023,25.74
Carrot,Clay Soil,Flowering,100,44,23.0,0,4,2.2727,23.0
Carrot,Clay Soil,Pollination,1,45,20.0,1,5,0.0222,0.2
Carrot,Clay Soil,Pollination,2,46,17.0,1,5,0.0435,0.34
Carrot,Clay Soil,Pollination,3,25,78.0,1,5,0.12,2.34
Carrot,Clay Soil,Pollination,4,26,75.0,1,5,0.1538,3.0
Carrot,Clay Soil,Pollination,5,27,72.0,1,5,0.1852,3.6
Carrot,Clay Soil,Pollination,6,28,69.0,1,5,0.2143,4.14
Carrot,Clay Soil,Pollination,7,29,66.0,1,5,0.2414,4.62
Carrot,Clay Soil,Pollination,8,30,63.0,1,5,0.2667,5.04
Carrot,Clay Soil,Pollination,9,31,60.0,1,5,0.2903,5.4
Carrot,Clay Soil,Pollination,10,32,57.0,1,5,0.3125,5.7
Carrot,Clay Soil,Pollination,11,33,54.0,1,5,0.3333,5.94
Carrot,Clay Soil,Pollination,12,34,51.0,1,5,0.3529,6.12
Carrot,Clay Soil,Pollination,13,35,48.0,1,5,0.3714,6.24
Carrot,Clay Soil,Pollination,14,36,45.0,1,5,0.3889,6.3
Carrot,Clay Soil,Pollination,15,37,42.0,1,5,0.4054,6.3
Carrot,Clay Soil,Pollination,16,38,39.0,1,5,0.4211,6.24
Carrot,Clay Soil,Pollination,17,39,36.0,1,5,0.4359,6.12
Carrot,Clay Soil,Pollination,18,40,33.0,1,5,0.45,5.94
Carrot,Clay Soil,Pollination,19,41,30.0,1,5,0.4634,5.7
Carrot,Clay Soil,Pollination,20,42,27.0,1,5,0.4762,5.4
Carrot,Clay Soil,Pollination,21,43,24.0,1,5,0.4884,5.04
Carrot,Clay Soil,Pollination,22,44,21.0,1,5,0.5,4.62
Carrot,Clay Soil,Pollination,23,45,18.0,1,5,0.5111,4.14
Carrot,Clay Soil,Pollination,24,46,15.0,1,5,0.5217,3.6
Carrot,Clay Soil,Pollination,25,25,76.0,1,5,1.0,19.0
Carrot,Clay Soil,Pollination,26,26,73.0,1,5,1.0,18.98
Carrot,Clay Soil,Pollination,27,27,70.0,1,5,1.0,18.9
Carrot,Clay Soil,Pollination,28,28,67.0,1,5,1.0,18.76
Carrot,Clay Soil,Pollination,29,29,64.0,1,5,1.0,18.56
Carrot,Clay Soil,Pollination,30,30,61.0,1,5,1.0,18.3
Carrot,Clay Soil,Pollination,31,31,58.0,1,5,1.0,17.98
Carrot,Clay Soil,Pollination,32,32,55.0,1,5,1.0,17.6
Carrot,Clay Soil,Pollination,33,33,52.0,1,5,1.0,17.16
Carrot,Clay Soil,Pollination,34,34,49.0,1,5,1.0,16.66
Carrot,Clay Soil,Pollination,35,35,46.0,1,5,1.0,16.1
Carrot,Clay Soil,Pollination,36,36,43.0,1,5,1.0,15.48
Carrot,Clay Soil,Pollination,37,37,40.0,1,5,1.0,14.8
Carrot,Clay Soil,Pollination,38,38,37.0,1,5,1.0,14.06
Carrot,Clay Soil,Pollination,39,39,34.0,1,5,1.0,13.26
Carrot,Clay Soil,Pollination,51,35,50.0,0,5,1.4571,25.5
Carrot,Clay Soil,Pollination,52,36,47.0,0,5,1.4444,24.44
Carrot,Clay Soil,Pollination,53,37,44.0,0,5,1.4324,23.32
Carrot,Clay Soil,Pollination,54,38,41.0,0,5,1.4211,22.14
Carrot,Clay Soil,Pollination,55,39,38.0,0,5,1.4103,20.9
Carrot,Clay Soil,Pollination,56,40,35.0,0,5,1.4,19.6
Carrot,Clay Soil,Pollination,57,41,32.0,0,5,1.3902,18.24
Carrot,Clay Soil,Pollination,58,42,29.0,0,5,1.381,16.82
Carrot,Clay Soil,Pollination,59,43,26.0,0,5,1.3721,15.34
Carrot,Clay Soil,Pollination,71,33,54.0,0,5,2.1515,38.34
Carrot,Clay Soil,Pollination,72,34,51.0,0,5,2.1176,36.72
Carrot,Clay Soil,Pollination,73,35,48.0,0,5,2.0857,35.04
Carrot,Clay Soil,Pollination,74,36,45.0,0,5,2.0556,33.3
Carrot,Clay Soil,Pollination,75,37,42.0,0,5,2.027,31.5
Carrot,Clay Soil,Pollination,76,38,39.0,0,5,2.0,29.64
Carrot,Clay Soil,Pollination,77,39,36.0,0,5,1.9744,27.72
Carrot,Clay Soil,Pollination,78,40,33.0,0,5,1.95,25.74
Carrot,Clay Soil,Pollination,79,41,30.0,0,5,1.9268,23.7
Carrot,Clay Soil,Pollination,80,42,27.0,0,5,1.9048,21.6
Carrot,Clay Soil,Pollination,81,43,24.0,0,5,1.8837,19.44
Carrot,Clay Soil,Pollination,82,44,21.0,0,5,1.8636,17.22
Carrot,Clay Soil,Pollination,83,45,18.0,0,5,1.8444,14.94
Carrot,Clay Soil,Pollination,84,46,15.0,0,5,1.8261,12.6
Carrot,Clay Soil,Pollination,85,25,76.0,0,5,3.4,64.6
Carrot,Clay Soil,Pollination,86,26,73.0,0,5,3.3077,62.78
Carrot,Clay Soil,Pollination,87,27,70.0,0,5,3.2222,60.9
Carrot,Clay Soil,Pollination,88,28,67.0,0,5,3.1429,58.96
Carrot,Clay Soil,Pollination,89,29,64.0,0,5,3.069,56.96
Carrot,Clay Soil,Pollination,90,30,61.0,0,5,3.0,54.9
Carrot,Clay Soil,Pollination,91,31,58.0,0,5,2.9355,52.78
Carrot,Clay Soil,Pollination,92,32,55.0,0,5,2.875,50.6
Carrot,Clay Soil,Pollination,93,33,52.0,0,5,2.8182,48.36
Carrot,Clay Soil,Pollination,94,34,49.0,0,5,2.7647,46.06
Carrot,Clay Soil,Pollination,95,35,46.0,0,5,2.7143,43.7
Carrot,Clay Soil,Pollination,96,36,43.0,0,5,2.6667,41.28
Carrot,Clay Soil,Pollination,97,37,40.0,0,5,2.6216,38.8
Carrot,Clay Soil,Pollination,98,38,37.0,0,5,2.5789,36.26
Carrot,Clay Soil,Pollination,99,39,34.0,0,5,2.5385,33.66
Carrot,Clay Soil,Pollination,100,40,31.0,0,5,2.5,31.0
Tomato,Loam Soil,Germination,1,25,80.0,1,1,0.04,0.8
Tomato,Loam Soil,Germination,2,26,77.0,1,1,0.0769,1.54
Tomato,Loam Soil,Germination,3,27,74.0,1,1,0.1111,2.22
Tomato,Loam Soil,Germination,4,28,71.0,1,1,0.1429,2.84
Tomato,Loam Soil,Germination,5,29,68.0,1,1,0.1724,3.4
Tomato,Loam Soil,Germination,6,30,65.0,1,1,0.2,3.9
Tomato,Loam Soil,Germination,7,31,62.0,1,1,0.2258,4.34
Tomato,Loam Soil,Germination,8,32,59.0,1,1,0.25,4.72
Tomato,Loam Soil,Germination,9,33,56.0,1,1,0.2727,5.04
Tomato,Loam Soil,Germination,10,34,53.0,1,1,0.2941,5.3
Tomato,Loam Soil,Germination,11,35,50.0,1,1,0.3143,5.5
Tomato,Loam Soil,Germination,12,36,47.0,1,1,0.3333,5.64
Tomato,Loam Soil,Germination,13,37,44.0,1,1,0.3514,5.72
Tomato,Loam Soil,Germination,14,38,41.0,1,1,0.3684,5.74
Tomato,Loam Soil,Germination,15,39,38.0,1,1,0.3846,5.7
Tomato,Loam Soil,Germination,16,40,35.0,1,1,0.4,5.6
Tomato,Loam Soil,Germination,17,41,32.0,1,1,0.4146,5.44
Tomato,Loam Soil,Germination,18,42,29.0,1,1,0.4286,5.22
Tomato,Loam Soil,Germination,19,43,26.0,1,1,0.4419,4.94
Tomato,Loam Soil,Germination,20,44,23.0,1,1,0.4545,4.6
Tomato,Loam Soil,Germination,21,45,20.0,1,1,0.4667,4.2
Tomato,Loam Soil,Germination,22,46,17.0,1,1,0.4783,3.74
Tomato,Loam Soil,Germination,23,25,78.0,1,1,0.92,17.94
Tomato,Loam Soil,Germination,24,26,75.0,1,1,0.9231,18.0
Tomato,Loam Soil,Germination,25,27,72.0,1,1,0.9259,18.0
Tomato,Loam Soil,Germination,26,28,69.0,1,1,0.9286,17.94
Tomato,Loam Soil,Germination,27,29,66.0,1,1,0.931,17.82
Tomato,Loam Soil,Germination,28,30,63.0,1,1,0.9333,17.64
Tomato,Loam Soil,Germination,29,31,60.0,1,1,0.9355,17.4
Tomato,Loam Soil,Germination,30,32,57.0,1,1,0.9375,17.1
Tomato,Loam Soil,Germination,31,33,54.0,1,1,0.9394,16.74
Tomato,Loam Soil,Germination,32,34,51.0,1,1,0.9412,16.32
Tomato,Loam Soil,Germination,33,35,48.0,1,1,0.9429,15.84
Tomato,Loam Soil,Germination,34,36,45.0,1,1,0.9444,15.3
Tomato,Loam Soil,Germination,35,37,42.0,1,1,0.9459,14.7
Tomato,Loam Soil,Germination,36,38,39.0,1,1,0.9474,14.04
Tomato,Loam Soil,Germination,37,39,36.0,1,1,0.9487,13.32
Tomato,Loam Soil,Germination,38,40,33.0,1,1,0.95,12.54
Tomato,Loam Soil,Germination,39,41,30.0,1,1,0.9512,11.7
Tomato,Loam Soil,Germination,40,42,27.0,1,1,0.9524,10.8
Tomato,Loam Soil,Germination,41,43,24.0,1,1,0.9535,9.84
Tomato,Loam Soil,Germination,42,44,21.0,1,1,0.9545,8.82
Tomato,Loam Soil,Germination,43,45,18.0,1,1,0.9556,7.74
Tomato,Loam Soil,Germination,44,46,15.0,1,1,0.9565,6.6
Tomato,Loam Soil,Germination,45,25,76.0,1,1,1.8,34.2
Tomato,Loam Soil,Germination,46,26,73.0,1,1,1.7692,33.58
Tomato,Loam Soil,Germination,47,27,70.0,1,1,1.7407,32.9
Tomato,Loam Soil,Germination,48,28,67.0,1,1,1.7143,32.16
Tomato,Loam Soil,Germination,49,29,64.0,1,1,1.6897,31.36
Tomato,Loam Soil,Germination,50,30,61.0,1,1,1.6667,30.5
Tomato,Loam Soil,Germination,51,31,58.0,1,1,1.6452,29.58
Tomato,Loam Soil,Germination,52,32,55.0,1,1,1.625,28.6
Tomato,Loam Soil,Germination,53,33,52.0,1,1,1.6061,27.56
Tomato,Loam Soil,Germination,54,34,49.0,1,1,1.5882,26.46
Tomato,Loam Soil,Germination,55,35,46.0,1,1,1.5714,25.3
Tomato,Loam Soil,Germination,56,36,43.0,1,1,1.5556,24.08
Tomato,Loam Soil,Germination,57,37,40.0,1,1,1.5405,22.8
Tomato,Loam Soil,Germination,58,38,37.0,1,1,1.5263,21.46
Tomato,Loam Soil,Germination,59,39,34.0,1,1,1.5128,20.06
Tomato,Loam Soil,Germination,60,40,31.0,1,1,1.5,18.6
Tomato,Loam Soil,Germination,61,25,80.0,1,1,2.44,48.8
Tomato,Loam Soil,Germination,62,26,77.0,1,1,2.3846,47.74
Tomato,Loam Soil,Germination,63,27,74.0,1,1,2.3333,46.62
Tomato,Loam Soil,Germination,64,28,71.0,1,1,2.2857,45.44
Tomato,Loam Soil,Germination,65,29,68.0,1,1,2.2414,44.2
Tomato,Loam Soil,Germination,66,30,65.0,1,1,2.2,42.9
Tomato,Loam Soil,Germination,67,31,62.0,1,1,2.1613,41.54
Tomato,Loam Soil,Germination,68,32,59.0,1,1,2.125,40.12
Tomato,Loam Soil,Germination,69,33,56.0,1,1,2.0909,38.64
Tomato,Loam Soil,Germination,81,45,20.0,0,1,1.8,16.2
Tomato,Loam Soil,Germination,82,46,17.0,0,1,1.7826,13.94
Tomato,Loam Soil,Germination,83,25,78.0,0,1,3.32,64.74
Tomato,Loam Soil,Germination,84,26,75.0,0,1,3.2308,63.0
Tomato,Loam Soil,Germination,85,27,72.0,0,1,3.1481,61.2
Tomato,Loam Soil,Germination,86,28,69.0,0,1,3.0714,59.34
Tomato,Loam Soil,Germination,87,29,66.0,0,1,3.0,57.42
Tomato,Loam Soil,Germination,88,30,63.0,0,1,2.9333,55.44
Tomato,Loam Soil,Germination,89,31,60.0,0,1,2.871,53.4
Tomato,Loam Soil,Germination,90,32,57.0,0,1,2.8125,51.3
Tomato,Loam Soil,Germination,91,33,54.0,0,1,2.7576,49.14
Tomato,Loam Soil,Germination,92,34,51.0,0,1,2.7059,46.92
Tomato,Loam Soil,Germination,93,35,48.0,0,1,2.6571,44.64
Tomato,Loam Soil,Germination,94,36,45.0,0,1,2.6111,42.3
Tomato,Loam Soil,Germination,95,37,42.0,0,1,2.5676,39.9
Tomato,Loam Soil,Germination,96,38,39.0,0,1,2.5263,37.44
Tomato,Loam Soil,Germination,97,39,36.0,0,1,2.4872,34.92
Tomato,Loam Soil,Germination,98,40,33.0,0,1,2.45,32.34
Tomato,Loam Soil,Germination,99,41,30.0,0,1,2.4146,29.7
Tomato,Loam Soil,Germination,100,42,27.0,0,1,2.381,27.0
Tomato,Loam Soil,Seedling Stage,1,43,24.0,1,2,0.0233,0.24
Tomato,Loam Soil,Seedling Stage,2,44,21.0,1,2,0.0455,0.42
Tomato,Loam Soil,Seedling Stage,3,45,18.0,1,2,0.0667,0.54
Tomato,Loam Soil,Seedling Stage,4,46,15.0,1,2,0.087,0.6
Tomato,Loam Soil,Seedling Stage,5,25,76.0,1,2,0.2,3.8
Tomato,Loam Soil,Seedling Stage,6,26,73.0,1,2,0.2308,4.38
Tomato,Loam Soil,Seedling Stage,7,27,70.0,1,2,0.2593,4.9
Tomato,Loam Soil,Seedling Stage,8,28,67.0,1,2,0.2857,5.36
Tomato,Loam Soil,Seedling Stage,9,29,64.0,1,2,0.3103,5.76
Tomato,Loam Soil,Seedling Stage,10,30,61.0,1,2,0.3333,6.1
Tomato,Loam Soil,Seedling Stage,11,31,58.0,1,2,0.3548,6.38
Tomato,Loam Soil,Seedling Stage,12,32,55.0,1,2,0.375,6.6
Tomato,Loam Soil,Seedling Stage,13,33,52.0,1,2,0.3939,6.76
Tomato,Loam Soil,Seedling Stage,14,34,49.0,1,2,0.4118,6.86
Tomato,Loam Soil,Seedling Stage,15,35,46.0,1,2,0.4286,6.9
Tomato,Loam Soil,Seedling Stage,16,36,43.0,1,2,0.4444,6.88
Tomato,Loam Soil,Seedling Stage,17,37,40.0,1,2,0.4595,6.8
Tomato,Loam Soil,Seedling Stage,18,38,37.0,1,2,0.4737,6.66
Tomato,Loam Soil,Seedling Stage,19,39,34.0,1,2,0.4872,6.46
Tomato,Loam Soil,Seedling Stage,20,40,31.0,1,2,0.5,6.2
Tomato,Loam Soil,Seedling Stage,21,25,80.0,1,2,0.84,16.8
Tomato,Loam Soil,Seedling Stage,22,26,77.0,1,2,0.8462,16.94
Tomato,Loam Soil,Seedling Stage,23,27,74.0,1,2,0.8519,17.02
Tomato,Loam Soil,Seedling Stage,24,28,71.0,1,2,0.8571,17.04
Tomato,Loam Soil,Seedling Stage,25,29,68.0,1,2,0.8621,17.0
Tomato,Loam Soil,Seedling Stage,26,30,65.0,1,2,0.8667,16.9
Tomato,Loam Soil,Seedling Stage,27,31,62.0,1,2,0.871,16.74
Tomato,Loam Soil,Seedling Stage,28,32,59.0,1,2,0.875,16.52
Tomato,Loam Soil,Seedling Stage,29,33,56.0,1,2,0.8788,16.24
Tomato,Loam Soil,Seedling Stage,30,34,53.0,1,2,0.8824,15.9
Tomato,Loam Soil,Seedling Stage,31,35,50.0,1,2,0.8857,15.5
Tomato,Loam Soil,Seedling Stage,32,36,47.0,1,2,0.8889,15.04
Tomato,Loam Soil,Seedling Stage,33,37,44.0,1,2,0.8919,14.52
Tomato,Loam Soil,Seedling Stage,34,38,41.0,1,2,0.8947,13.94
Tomato,Loam Soil,Seedling Stage,35,39,38.0,1,2,0.8974,13.3
Tomato,Loam Soil,Seedling Stage,36,40,35.0,1,2,0.9,12.6
Tomato,Loam Soil,Seedling Stage,37,41,32.0,1,2,0.9024,11.84
Tomato,Loam Soil,Seedling Stage,38,42,29.0,1,2,0.9048,11.02
Tomato,Loam Soil,Seedling Stage,39,43,26.0,1,2,0.907,10.14
Tomato,Loam Soil,Seedling Stage,40,44,23.0,1,2,0.9091,9.2
Tomato,Loam Soil,Seedling Stage,41,45,20.0,1,2,0.9111,8.2
Tomato,Loam Soil,Seedling Stage,42,46,17.0,1,2,0.913,7.14
Tomato,Loam Soil,Seedling Stage,43,25,78.0,1,2,1.72,33.54
Tomato,Loam Soil,Seedling Stage,44,26,75.0,1,2,1.6923,33.0
Tomato,Loam Soil,Seedling Stage,45,27,72.0,1,2,1.6667,32.4
Tomato,Loam Soil,Seedling Stage,46,28,69.0,1,2,1.6429,31.74
Tomato,Loam Soil,Seedling Stage,47,29,66.0,1,2,1.6207,31.02
Tomato,Loam Soil,Seedling Stage,48,30,63.0,1,2,1.6,30.24
Tomato,Loam Soil,Seedling Stage,49,31,60.0,1,2,1.5806,29.4
Tomato,Loam Soil,Seedling Stage,50,32,57.0,1,2,1.5625,28.5
Tomato,Loam Soil,Seedling Stage,51,33,54.0,1,2,1.5455,27.54
Tomato,Loam Soil,Seedling Stage,52,34,51.0,1,2,1.5294,26.52
Tomato,Loam Soil,Seedling Stage,53,35,48.0,1,2,1.5143,25.44
Tomato,Loam Soil,Seedling Stage,54,36,45.0,1,2,1.5,24.3
Tomato,Loam Soil,Seedling Stage,55,37,42.0,1,2,1.4865,23.1
Tomato,Loam Soil,Seedling Stage,56,38,39.0,1,2,1.4737,21.84
Tomato,Loam Soil,Seedling Stage,57,39,36.0,1,2,1.4615,20.52
Tomato,Loam Soil,Seedling Stage,58,40,33.0,1,2,1.45,19.14
Tomato,Loam Soil,Seedling Stage,59,41,30.0,1,2,1.439,17.7
Tomato,Loam Soil,Seedling Stage,71,31,58.0,0,2,2.2903,41.18
Tomato,Loam Soil,Seedling Stage,72,32,55.0,0,2,2.25,39.6
Tomato,Loam Soil,Seedling Stage,73,33,52.0,0,2,2.2121,37.96
Tomato,Loam Soil,Seedling Stage,74,34,49.0,0,2,2.1765,36.26
Tomato,Loam Soil,Seedling Stage,75,35,46.0,0,2,2.1429,34.5
Tomato,Loam Soil,Seedling Stage,76,36,43.0,0,2,2.1111,32.68
Tomato,Loam Soil,Seedling Stage,77,37,40.0,0,2,2.0811,30.8
Tomato,Loam Soil,Seedling Stage,78,38,37.0,0,2,2.0526,28.86
Tomato,Loam Soil,Seedling Stage,79,39,34.0,0,2,2.0256,26.86
Tomato,Loam Soil,Seedling Stage,80,40,31.0,0,2,2.0,24.8
Tomato,Loam Soil,Seedling Stage,81,25,80.0,0,2,3.24,64.8
Tomato,Loam Soil,Seedling Stage,82,26,77.0,0,2,3.1538,63.14
Tomato,Loam Soil,Seedling Stage,83,27,74.0,0,2,3.0741,61.42
Tomato,Loam Soil,Seedling Stage,84,28,71.0,0,2,3.0,59.64
Tomato,Loam Soil,Seedling Stage,85,29,68.0,0,2,2.931,57.8
Tomato,Loam Soil,Seedling Stage,86,30,65.0,0,2,2.8667,55.9
Tomato,Loam Soil,Seedling Stage,87,31,62.0,0,2,2.8065,53.94
Tomato,Loam Soil,Seedling Stage,88,32,59.0,0,2,2.75,51.92
Tomato,Loam Soil,Seedling Stage,89,33,56.0,0,2,2.697,49.84
Tomato,Loam Soil,Seedling Stage,90,34,53.0,0,2,2.6471,47.7
Tomato,Loam Soil,Seedling Stage,91,35,50.0,0,2,2.6,45.5
Tomato,Loam Soil,Seedling Stage,92,36,47.0,0,2,2.5556,43.24
Tomato,Loam Soil,Seedling Stage,93,37,44.0,0,2,2.5135,40.92
Tomato,Loam Soil,Seedling Stage,94,38,41.0,0,2,2.4737,38.54
Tomato,Loam Soil,Seedling Stage,95,39,38.0,0,2,2.4359,36.1
Tomato,Loam Soil,Seedling Stage,96,40,35.0,0,2,2.4,33.6
Tomato,Loam Soil,Seedling Stage,97,41,32.0,0,2,2.3659,31.04
Tomato,Loam Soil,Seedling Stage,98,42,29.0,0,2,2.3333,28.42
Tomato,Loam Soil,Seedling Stage,99,43,26.0,0,2,2.3023,25.74
Tomato,Loam Soil,Seedling Stage,100,44,23.0,0,2,2.2727,23.0
Tomato,Loam Soil,Vegetative Growth / Root or Tuber Development,1,45,20.0,1,3,0.0222,0.2
Tomato,Loam Soil,Vegetative Growth / Root or Tuber Development,2,46,17.0,1,3,0.0435,0.34
Tomato,Loam Soil,Vegetative Growth / Root or Tuber Development,3,25,78.0,1,3,0.12,2.34
Tomato,Loam Soil,Vegetative Growth / Root or Tuber Development,4,26,75.0,1,3,0.1538,3.0
Tomato,Loam Soil,Vegetative Growth / Root or Tuber Development,5,27,72.0,1,3,0.1852,3.6
Tomato,Loam Soil,Vegetative Growth / Root or Tuber Development,6,28,69.0,1,3,0.2143,4.14
Tomato,Loam Soil,Vegetative Growth / Root or Tuber Development,7,29,66.0,1,3,0.2414,4.62
Tomato,Loam Soil,Vegetative Growth / Root or Tuber Development,8,30,63.0,1,3,0.2667,5.04
Tomato,Loam Soil,Vegetative Growth / Root or Tuber Development,9,31,60.0,1,3,0.2903,5.4
Tomato,Loam Soil,Vegetative Growth / Root or Tuber Development,10,32,57.0,1,3,0.3125,5.7
Tomato,Loam Soil,Vegetative Growth / Root or Tuber Development,11,33,54.0,1,3,0.3333,5.94
Tomato,Loam Soil,Vegetative Growth / Root or Tuber Development,12,34,51.0,1,3,0.3529,6.12
Tomato,Loam Soil,Vegetative Growth / Root or Tuber Development,13,35,48.0,1,3,0.3714,6.24
Tomato,Loam Soil,Vegetative Growth / Root or Tuber Development,14,36,45.0,1,3,0.3889,6.3
Tomato,Loam Soil,Vegetative Growth / Root or Tuber Development,15,37,42.0,1,3,0.4054,6.3
Tomato,Loam Soil,Vegetative Growth / Root or Tuber Development,16,38,39.0,1,3,0.4211,6.24
Tomato,Loam Soil,Vegetative Growth / Root or Tuber Development,17,39,36.0,1,3,0.4359,6.12
Tomato,Loam Soil,Vegetative Growth / Root or Tuber Development,18,40,33.0,1,3,0.45,5.94
Tomato,Loam Soil,Vegetative Growth / Root or Tuber Development,19,41,30.0,1,3,0.4634,5.7
Tomato,Loam Soil,Vegetative Growth / Root or Tuber Development,20,42,27.0,1,3,0.4762,5.4
Tomato,Loam Soil,Vegetative Growth / Root or Tuber Development,21,43,24.0,1,3,0.4884,5.04
Tomato,Loam Soil,Vegetative Growth / Root or Tuber Development,22,44,21.0,1,3,0.5,4.62
Tomato,Loam Soil,Vegetative Growth / Root or Tuber Development,23,45,18.0,1,3,0.5111,4.14
Tomato,Loam Soil,Vegetative Growth / Root or Tuber Development,24,46,15.0,1,3,0.5217,3.6
Tomato,Loam Soil,Vegetative Growth / Root or Tuber Development,25,25,76.0,1,3,1.0,19.0
Tomato,Loam Soil,Vegetative Growth / Root or Tuber Development,26,26,73.0,1,3,1.0,18.98
Tomato,Loam Soil,Vegetative Growth / Root or Tuber Development,27,27,70.0,1,3,1.0,18.9
Tomato,Loam Soil,Vegetative Growth / Root or Tuber Development,28,28,67.0,1,3,1.0,18.76
Tomato,Loam Soil,Vegetative Growth / Root or Tuber Development,29,29,64.0,1,3,1.0,18.56
Tomato,Loam Soil,Vegetative Growth / Root or Tuber Development,30,30,61.0,1,3,1.0,18.3
Tomato,Loam Soil,Vegetative Growth / Root or Tuber Development,31,31,58.0,1,3,1.0,17.98
Tomato,Loam Soil,Vegetative Growth / Root or Tuber Development,32,32,55.0,1,3,1.0,17.6
Tomato,Loam Soil,Vegetative Growth / Root or Tuber Development,33,33,52.0,1,3,1.0,17.16
Tomato,Loam Soil,Vegetative Growth / Root or Tuber Development,34,34,49.0,1,3,1.0,16.66
Tomato,Loam Soil,Vegetative Growth / Root or Tuber Development,35,35,46.0,1,3,1.0,16.1
Tomato,Loam Soil,Vegetative Growth / Root or Tuber Development,36,36,43.0,1,3,1.0,15.48
Tomato,Loam Soil,Vegetative Growth / Root or Tuber Development,37,37,40.0,1,3,1.0,14.8
Tomato,Loam Soil,Vegetative Growth / Root or Tuber Development,38,38,37.0,1,3,1.0,14.06
Tomato,Loam Soil,Vegetative Growth / Root or Tuber Development,39,39,34.0,1,3,1.0,13.26
Tomato,Loam Soil,Vegetative Growth / Root or Tuber Development,40,40,31.0,1,3,1.0,12.4
Tomato,Loam Soil,Vegetative Growth / Root or Tuber Development,41,25,80.0,1,3,1.64,32.8
Tomato,Loam Soil,Vegetative Growth / Root or Tuber Development,42,26,77.0,1,3,1.6154,32.34
Tomato,Loam Soil,Vegetative Growth / Root or Tuber Development,43,27,74.0,1,3,1.5926,31.82
Tomato,Loam Soil,Vegetative Growth / Root or Tuber Development,44,28,71.0,1,3,1.5714,31.24
Tomato,Loam Soil,Vegetative Growth / Root or Tuber Development,45,29,68.0,1,3,1.5517,30.6
Tomato,Loam Soil,Vegetative Growth / Root or Tuber Development,46,30,65.0,1,3,1.5333,29.9
Tomato,Loam Soil,Vegetative Growth / Root or Tuber Development,47,31,62.0,1,3,1.5161,29.14
Tomato,Loam Soil,Vegetative Growth / Root or Tuber Development,48,32,59.0,1,3,1.5,28.32
Tomato,Loam Soil,Vegetative Growth / Root or Tuber Development,49,33,56.0,1,3,1.4848,27.44
Tomato,Loam Soil,Vegetative Growth / Root or Tuber Development,61,45,20.0,0,3,1.3556,12.2
Tomato,Loam Soil,Vegetative Growth / Root or Tuber Development,62,46,17.0,0,3,1.3478,10.54
Tomato,Loam Soil,Vegetative Growth / Root or Tuber Development,63,25,78.0,0,3,2.52,49.14
Tomato,Loam Soil,Vegetative Growth / Root or Tuber Development,64,26,75.0,0,3,2.4615,48.0
Tomato,Loam Soil,Vegetative Growth / Root or Tuber Development,65,27,72.0,0,3,2.4074,46.8
Tomato,Loam Soil,Vegetative Growth / Root or Tuber Development,66,28,69.0,0,3,2.3571,45.54
Tomato,Loam Soil,Vegetative Growth / Root or Tuber Development,67,29,66.0,0,3,2.3103,44.22
Tomato,Loam Soil,Vegetative Growth / Root or Tuber Development,68,30,63.0,0,3,2.2667,42.84
Tomato,Loam Soil,Vegetative Growth / Root or Tuber Development,69,31,60.0,0,3,2.2258,41.4
Tomato,Loam Soil,Vegetative Growth / Root or Tuber Development,70,32,57.0,0,3,2.1875,39.9
Tomato,Loam Soil,Vegetative Growth / Root or Tuber Development,71,33,54.0,0,3,2.1515,38.34
Tomato,Loam Soil,Vegetative Growth / Root or Tuber Development,72,34,51.0,0,3,2.1176,36.72
Tomato,Loam Soil,Vegetative Growth / Root or Tuber Development,73,35,48.0,0,3,2.0857,35.04
Tomato,Loam Soil,Vegetative Growth / Root or Tuber Development,74,36,45.0,0,3,2.0556,33.3
Tomato,Loam Soil,Vegetative Growth / Root or Tuber Development,75,37,42.0,0,3,2.027,31.5
Tomato,Loam Soil,Vegetative Growth / Root or Tuber Development,76,38,39.0,0,3,2.0,29.64
Tomato,Loam Soil,Vegetative Growth / Root or Tuber Development,77,39,36.0,0,3,1.9744,27.72
Tomato,Loam Soil,Vegetative Growth / Root or Tuber Development,78,40,33.0,0,3,1.95,25.74
Tomato,Loam Soil,Vegetative Growth / Root or Tuber Development,79,41,30.0,0,3,1.9268,23.7
Tomato,Loam Soil,Vegetative Growth / Root or Tuber Development,80,42,27.0,0,3,1.9048,21.6
Tomato,Loam Soil,Vegetative Growth / Root or Tuber Development,81,43,24.0,0,3,1.8837,19.44
Tomato,Loam Soil,Vegetative Growth / Root or Tuber Development,82,44,21.0,0,3,1.8636,17.22
Tomato,Loam Soil,Vegetative Growth / Root or Tuber Development,83,45,18.0,0,3,1.8444,14.94
Tomato,Loam Soil,Vegetative Growth / Root or Tuber Development,84,46,15.0,0,3,1.8261,12.6
Tomato,Loam Soil,Vegetative Growth / Root or Tuber Development,85,25,76.0,0,3,3.4,64.6
Tomato,Loam Soil,Vegetative Growth / Root or Tuber Development,86,26,73.0,0,3,3.3077,62.78
Tomato,Loam Soil,Vegetative Growth / Root or Tuber Development,87,27,70.0,0,3,3.2222,60.9
Tomato,Loam Soil,Vegetative Growth / Root or Tuber Development,88,28,67.0,0,3,3.1429,58.96
Tomato,Loam Soil,Vegetative Growth / Root or Tuber Development,89,29,64.0,0,3,3.069,56.96
Tomato,Loam Soil,Vegetative Growth / Root or Tuber Development,90,30,61.0,0,3,3.0,54.9
Tomato,Loam Soil,Vegetative Growth / Root or Tuber Development,91,31,58.0,0,3,2.9355,52.78
Tomato,Loam Soil,Vegetative Growth / Root or Tuber Development,92,32,55.0,0,3,2.875,50.6
Tomato,Loam Soil,Vegetative Growth / Root or Tuber Development,93,33,52.0,0,3,2.8182,48.36
Tomato,Loam Soil,Vegetative Growth / Root or Tuber Development,94,34,49.0,0,3,2.7647,46.06
Tomato,Loam Soil,Vegetative Growth / Root or Tuber Development,95,35,46.0,0,3,2.7143,43.7
Tomato,Loam Soil,Vegetative Growth / Root or Tuber Development,96,36,43.0,0,3,2.6667,41.28
Tomato,Loam Soil,Vegetative Growth / Root or Tuber Development,97,37,40.0,0,3,2.6216,38.8
Tomato,Loam Soil,Vegetative Growth / Root or Tuber Development,98,38,37.0,0,3,2.5789,36.26
Tomato,Loam Soil,Vegetative Growth / Root or Tuber Development,99,39,34.0,0,3,2.5385,33.66
Tomato,Loam Soil,Vegetative Growth / Root or Tuber Development,100,40,31.0,0,3,2.5,31.0
Tomato,Loam Soil,Flowering,1,25,80.0,1,4,0.04,0.8
Tomato,Loam Soil,Flowering,2,26,77.0,1,4,0.0769,1.54
Tomato,Loam Soil,Flowering,3,27,74.0,1,4,0.1111,2.22
Tomato,Loam Soil,Flowering,4,28,71.0,1,4,0.1429,2.84
Tomato,Loam Soil,Flowering,5,29,68.0,1,4,0.1724,3.4
Tomato,Loam Soil,Flowering,6,30,65.0,1,4,0.2,3.9
Tomato,Loam Soil,Flowering,7,31,62.0,1,4,0.2258,4.34
Tomato,Loam Soil,Flowering,8,32,59.0,1,4,0.25,4.72
Tomato,Loam Soil,Flowering,9,33,56.0,1,4,0.2727,5.04
Tomato,Loam Soil,Flowering,10,34,53.0,1,4,0.2941,5.3
Tomato,Loam Soil,Flowering,11,35,50.0,1,4,0.3143,5.5
Tomato,Loam Soil,Flowering,12,36,47.0,1,4,0.3333,5.64
Tomato,Loam Soil,Flowering,13,37,44.0,1,4,0.3514,5.72
Tomato,Loam Soil,Flowering,14,38,41.0,1,4,0.3684,5.74
Tomato,Loam Soil,Flowering,15,39,38.0,1,4,0.3846,5.7
Tomato,Loam Soil,Flowering,16,40,35.0,1,4,0.4,5.6
Tomato,Loam Soil,Flowering,17,41,32.0,1,4,0.4146,5.44
Tomato,Loam Soil,Flowering,18,42,29.0,1,4,0.4286,5.22
Tomato,Loam Soil,Flowering,19,43,26.0,1,4,0.4419,4.94
Tomato,Loam Soil,Flowering,20,44,23.0,1,4,0.4545,4.6
Tomato,Loam Soil,Flowering,21,45,20.0,1,4,0.4667,4.2
Tomato,Loam Soil,Flowering,22,46,17.0,1,4,0.4783,3.74
Tomato,Loam Soil,Flowering,23,25,78.0,1,4,0.92,17.94
Tomato,Loam Soil,Flowering,24,26,75.0,1,4,0.9231,18.0
Tomato,Loam Soil,Flowering,25,27,72.0,1,4,0.9259,18.0
Tomato,Loam Soil,Flowering,26,28,69.0,1,4,0.9286,17.94
Tomato,Loam Soil,Flowering,27,29,66.0,1,4,0.931,17.82
Tomato,Loam Soil,Flowering,28,30,63.0,1,4,0.9333,17.64
Tomato,Loam Soil,Flowering,29,31,60.0,1,4,0.9355,17.4
Tomato,Loam Soil,Flowering,30,32,57.0,1,4,0.9375,17.1
Tomato,Loam Soil,Flowering,31,33,54.0,1,4,0.9394,16.74
Tomato,Loam Soil,Flowering,32,34,51.0,1,4,0.9412,16.32
Tomato,Loam Soil,Flowering,33,35,48.0,1,4,0.9429,15.84
Tomato,Loam Soil,Flowering,34,36,45.0,1,4,0.9444,15.3
Tomato,Loam Soil,Flowering,35,37,42.0,1,4,0.9459,14.7
Tomato,Loam Soil,Flowering,36,38,39.0,1,4,0.9474,14.04
Tomato,Loam Soil,Flowering,37,39,36.0,1,4,0.9487,13.32
Tomato,Loam Soil,Flowering,38,40,33.0,1,4,0.95,12.54
Tomato,Loam Soil,Flowering,39,41,30.0,1,4,0.9512,11.7
Tomato,Loam Soil,Flowering,40,42,27.0,1,4,0.9524,10.8
Tomato,Loam Soil,Flowering,41,43,24.0,1,4,0.9535,9.84
Tomato,Loam Soil,Flowering,42,44,21.0,1,4,0.9545,8.82
Tomato,Loam Soil,Flowering,43,45,18.0,1,4,0.9556,7.74
Tomato,Loam Soil,Flowering,44,46,15.0,1,4,0.9565,6.6
Tomato,Loam Soil,Flowering,45,25,76.0,1,4,1.8,34.2
Tomato,Loam Soil,Flowering,46,26,73.0,1,4,1.7692,33.58
Tomato,Loam Soil,Flowering,47,27,70.0,1,4,1.7407,32.9
Tomato,Loam Soil,Flowering,48,28,67.0,1,4,1.7143,32.16
Tomato,Loam Soil,Flowering,49,29,64.0,1,4,1.6897,31.36
Tomato,Loam Soil,Flowering,50,30,61.0,1,4,1.6667,30.5
Tomato,Loam Soil,Flowering,51,31,58.0,1,4,1.6452,29.58
Tomato,Loam Soil,Flowering,52,32,55.0,1,4,1.625,28.6
Tomato,Loam Soil,Flowering,53,33,52.0,1,4,1.6061,27.56
Tomato,Loam Soil,Flowering,54,34,49.0,1,4,1.5882,26.46
Tomato,Loam Soil,Flowering,55,35,46.0,1,4,1.5714,25.3
Tomato,Loam Soil,Flowering,56,36,43.0,1,4,1.5556,24.08
Tomato,Loam Soil,Flowering,57,37,40.0,1,4,1.5405,22.8
Tomato,Loam Soil,Flowering,58,38,37.0,1,4,1.5263,21.46
Tomato,Loam Soil,Flowering,59,39,34.0,1,4,1.5128,20.06
Tomato,Loam Soil,Flowering,71,35,50.0,0,4,2.0286,35.5
Tomato,Loam Soil,Flowering,72,36,47.0,0,4,2.0,33.84
Tomato,Loam Soil,Flowering,73,37,44.0,0,4,1.973,32.12
Tomato,Loam Soil,Flowering,74,38,41.0,0,4,1.9474,30.34
Tomato,Loam Soil,Flowering,75,39,38.0,0,4,1.9231,28.5
Tomato,Loam Soil,Flowering,76,40,35.0,0,4,1.9,26.6
Tomato,Loam Soil,Flowering,77,41,32.0,0,4,1.878,24.64
Tomato,Loam Soil,Flowering,78,42,29.0,0,4,1.8571,22.62
Tomato,Loam Soil,Flowering,79,43,26.0,0,4,1.8372,20.54
Tomato,Loam Soil,Flowering,80,44,23.0,0,4,1.8182,18.4
Tomato,Loam Soil,Flowering,81,45,20.0,0,4,1.8,16.2
Tomato,Loam Soil,Flowering,82,46,17.0,0,4,1.7826,13.94
Tomato,Loam Soil,Flowering,83,25,78.0,0,4,3.32,64.74
Tomato,Loam Soil,Flowering,84,26,75.0,0,4,3.2308,63.0
Tomato,Loam Soil,Flowering,85,27,72.0,0,4,3.1481,61.2
Tomato,Loam Soil,Flowering,86,28,69.0,0,4,3.0714,59.34
Tomato,Loam Soil,Flowering,87,29,66.0,0,4,3.0,57.42
Tomato,Loam Soil,Flowering,88,30,63.0,0,4,2.9333,55.44
Tomato,Loam Soil,Flowering,89,31,60.0,0,4,2.871,53.4
Tomato,Loam Soil,Flowering,90,32,57.0,0,4,2.8125,51.3
Tomato,Loam Soil,Flowering,91,33,54.0,0,4,2.7576,49.14
Tomato,Loam Soil,Flowering,92,34,51.0,0,4,2.7059,46.92
Tomato,Loam Soil,Flowering,93,35,48.0,0,4,2.6571,44.64
Tomato,Loam Soil,Flowering,94,36,45.0,0,4,2.6111,42.3
Tomato,Loam Soil,Flowering,95,37,42.0,0,4,2.5676,39.9
Tomato,Loam Soil,Flowering,96,38,39.0,0,4,2.5263,37.44
Tomato,Loam Soil,Flowering,97,39,36.0,0,4,2.4872,34.92
Tomato,Loam Soil,Flowering,98,40,33.0,0,4,2.45,32.34
Tomato,Loam Soil,Flowering,99,41,30.0,0,4,2.4146,29.7
Tomato,Loam Soil,Flowering,100,42,27.0,0,4,2.381,27.0
Tomato,Loam Soil,Pollination,1,43,24.0,1,5,0.0233,0.24
Tomato,Loam Soil,Pollination,2,44,21.0,1,5,0.0455,0.42
Tomato,Loam Soil,Pollination,3,45,18.0,1,5,0.0667,0.54
Tomato,Loam Soil,Pollination,4,46,15.0,1,5,0.087,0.6
Tomato,Loam Soil,Pollination,5,25,76.0,1,5,0.2,3.8
Tomato,Loam Soil,Pollination,6,26,73.0,1,5,0.2308,4.38
Tomato,Loam Soil,Pollination,7,27,70.0,1,5,0.2593,4.9
Tomato,Loam Soil,Pollination,8,28,67.0,1,5,0.2857,5.36
Tomato,Loam Soil,Pollination,9,29,64.0,1,5,0.3103,5.76
Tomato,Loam Soil,Pollination,10,30,61.0,1,5,0.3333,6.1
Tomato,Loam Soil,Pollination,11,31,58.0,1,5,0.3548,6.38
Tomato,Loam Soil,Pollination,12,32,55.0,1,5,0.375,6.6
Tomato,Loam Soil,Pollination,13,33,52.0,1,5,0.3939,6.76
Tomato,Loam Soil,Pollination,14,34,49.0,1,5,0.4118,6.86
Tomato,Loam Soil,Pollination,15,35,46.0,1,5,0.4286,6.9
Tomato,Loam Soil,Pollination,16,36,43.0,1,5,0.4444,6.88
Tomato,Loam Soil,Pollination,17,37,40.0,1,5,0.4595,6.8
Tomato,Loam Soil,Pollination,18,38,37.0,1,5,0.4737,6.66
Tomato,Loam Soil,Pollination,19,39,34.0,1,5,0.4872,6.46
Tomato,Loam Soil,Pollination,20,40,31.0,1,5,0.5,6.2
Tomato,Loam Soil,Pollination,21,25,80.0,1,5,0.84,16.8
Tomato,Loam Soil,Pollination,22,26,77.0,1,5,0.8462,16.94
Tomato,Loam Soil,Pollination,23,27,74.0,1,5,0.8519,17.02
Tomato,Loam Soil,Pollination,24,28,71.0,1,5,0.8571,17.04
Tomato,Loam Soil,Pollination,25,29,68.0,1,5,0.8621,17.0
Tomato,Loam Soil,Pollination,26,30,65.0,1,5,0.8667,16.9
Tomato,Loam Soil,Pollination,27,31,62.0,1,5,0.871,16.74
Tomato,Loam Soil,Pollination,28,32,59.0,1,5,0.875,16.52
Tomato,Loam Soil,Pollination,29,33,56.0,1,5,0.8788,16.24
Tomato,Loam Soil,Pollination,30,34,53.0,1,5,0.8824,15.9
Tomato,Loam Soil,Pollination,31,35,50.0,1,5,0.8857,15.5
Tomato,Loam Soil,Pollination,32,36,47.0,1,5,0.8889,15.04
Tomato,Loam Soil,Pollination,33,37,44.0,1,5,0.8919,14.52
Tomato,Loam Soil,Pollination,34,38,41.0,1,5,0.8947,13.94
Tomato,Loam Soil,Pollination,35,39,38.0,1,5,0.8974,13.3
Tomato,Loam Soil,Pollination,36,40,35.0,1,5,0.9,12.6
Tomato,Loam Soil,Pollination,37,41,32.0,1,5,0.9024,11.84
Tomato,Loam Soil,Pollination,38,42,29.0,1,5,0.9048,11.02
Tomato,Loam Soil,Pollination,39,43,26.0,1,5,0.907,10.14
Tomato,Loam Soil,Pollination,40,44,23.0,1,5,0.9091,9.2
Tomato,Loam Soil,Pollination,41,45,20.0,1,5,0.9111,8.2
Tomato,Loam Soil,Pollination,42,46,17.0,1,5,0.913,7.14
Tomato,Loam Soil,Pollination,43,25,78.0,1,5,1.72,33.54
Tomato,Loam Soil,Pollination,44,26,75.0,1,5,1.6923,33.0
Tomato,Loam Soil,Pollination,45,27,72.0,1,5,1.6667,32.4
Tomato,Loam Soil,Pollination,46,28,69.0,1,5,1.6429,31.74
Tomato,Loam Soil,Pollination,47,29,66.0,1,5,1.6207,31.02
Tomato,Loam Soil,Pollination,48,30,63.0,1,5,1.6,30.24
Tomato,Loam Soil,Pollination,49,31,60.0,1,5,1.5806,29.4
Tomato,Loam Soil,Pollination,61,43,24.0,0,5,1.4186,14.64
Tomato,Loam Soil,Pollination,62,44,21.0,0,5,1.4091,13.02
Tomato,Loam Soil,Pollination,63,45,18.0,0,5,1.4,11.34
Tomato,Loam Soil,Pollination,64,46,15.0,0,5,1.3913,9.6
Tomato,Loam Soil,Pollination,65,25,76.0,0,5,2.6,49.4
Tomato,Loam Soil,Pollination,66,26,73.0,0,5,2.5385,48.18
Tomato,Loam Soil,Pollination,67,27,70.0,0,5,2.4815,46.9
Tomato,Loam Soil,Pollination,68,28,67.0,0,5,2.4286,45.56
Tomato,Loam Soil,Pollination,69,29,64.0,0,5,2.3793,44.16
Tomato,Loam Soil,Pollination,70,30,61.0,0,5,2.3333,42.7
Tomato,Loam Soil,Pollination,71,31,58.0,0,5,2.2903,41.18
Tomato,Loam Soil,Pollination,72,32,55.0,0,5,2.25,39.6
Tomato,Loam Soil,Pollination,73,33,52.0,0,5,2.2121,37.96
Tomato,Loam Soil,Pollination,74,34,49.0,0,5,2.1765,36.26
Tomato,Loam Soil,Pollination,75,35,46.0,0,5,2.1429,34.5
Tomato,Loam Soil,Pollination,76,36,43.0,0,5,2.1111,32.68
Tomato,Loam Soil,Pollination,77,37,40.0,0,5,2.0811,30.8
Tomato,Loam Soil,Pollination,78,38,37.0,0,5,2.0526,28.86
Tomato,Loam Soil,Pollination,79,39,34.0,0,5,2.0256,26.86
Tomato,Loam Soil,Pollination,80,40,31.0,0,5,2.0,24.8
Tomato,Loam Soil,Pollination,81,25,80.0,0,5,3.24,64.8
Tomato,Loam Soil,Pollination,82,26,77.0,0,5,3.1538,63.14
Tomato,Loam Soil,Pollination,83,27,74.0,0,5,3.0741,61.42
Tomato,Loam Soil,Pollination,84,28,71.0,0,5,3.0,59.64
Tomato,Loam Soil,Pollination,85,29,68.0,0,5,2.931,57.8
Tomato,Loam Soil,Pollination,86,30,65.0,0,5,2.8667,55.9
Tomato,Loam Soil,Pollination,87,31,62.0,0,5,2.8065,53.94
Tomato,Loam Soil,Pollination,88,32,59.0,0,5,2.75,51.92
Tomato,Loam Soil,Pollination,89,33,56.0,0,5,2.697,49.84
Tomato,Loam Soil,Pollination,90,34,53.0,0,5,2.6471,47.7
Tomato,Loam Soil,Pollination,91,35,50.0,0,5,2.6,45.5
Tomato,Loam Soil,Pollination,92,36,47.0,0,5,2.5556,43.24
Tomato,Loam Soil,Pollination,93,37,44.0,0,5,2.5135,40.92
Tomato,Loam Soil,Pollination,94,38,41.0,0,5,2.4737,38.54
Tomato,Loam Soil,Pollination,95,39,38.0,0,5,2.4359,36.1
Tomato,Loam Soil,Pollination,96,40,35.0,0,5,2.4,33.6
Tomato,Loam Soil,Pollination,97,41,32.0,0,5,2.3659,31.04
Tomato,Loam Soil,Pollination,98,42,29.0,0,5,2.3333,28.42
Tomato,Loam Soil,Pollination,99,43,26.0,0,5,2.3023,25.74
Tomato,Loam Soil,Pollination,100,44,23.0,0,5,2.2727,23.0
Tomato,Red Soil,Germination,1,45,20.0,1,1,0.0222,0.2
Tomato,Red Soil,Germination,2,46,17.0,1,1,0.0435,0.34
Tomato,Red Soil,Germination,3,25,78.0,1,1,0.12,2.34
Tomato,Red Soil,Germination,4,26,75.0,1,1,0.1538,3.0
Tomato,Red Soil,Germination,5,27,72.0,1,1,0.1852,3.6
Tomato,Red Soil,Germination,6,28,69.0,1,1,0.2143,4.14
Tomato,Red Soil,Germination,7,29,66.0,1,1,0.2414,4.62
Tomato,Red Soil,Germination,8,30,63.0,1,1,0.2667,5.04
Tomato,Red Soil,Germination,9,31,60.0,1,1,0.2903,5.4
Tomato,Red Soil,Germination,10,32,57.0,1,1,0.3125,5.7
Tomato,Red Soil,Germination,11,33,54.0,1,1,0.3333,5.94
Tomato,Red Soil,Germination,12,34,51.0,1,1,0.3529,6.12
Tomato,Red Soil,Germination,13,35,48.0,1,1,0.3714,6.24
Tomato,Red Soil,Germination,14,36,45.0,1,1,0.3889,6.3
Tomato,Red Soil,Germination,15,37,42.0,1,1,0.4054,6.3
Tomato,Red Soil,Germination,16,38,39.0,1,1,0.4211,6.24
Tomato,Red Soil,Germination,17,39,36.0,1,1,0.4359,6.12
Tomato,Red Soil,Germination,18,40,33.0,1,1,0.45,5.94
Tomato,Red Soil,Germination,19,41,30.0,1,1,0.4634,5.7
Tomato,Red Soil,Germination,20,42,27.0,1,1,0.4762,5.4
Tomato,Red Soil,Germination,21,43,24.0,1,1,0.4884,5.04
Tomato,Red Soil,Germination,22,44,21.0,1,1,0.5,4.62
Tomato,Red Soil,Germination,23,45,18.0,1,1,0.5111,4.14
Tomato,Red Soil,Germination,24,46,15.0,1,1,0.5217,3.6
Tomato,Red Soil,Germination,25,25,76.0,1,1,1.0,19.0
Tomato,Red Soil,Germination,26,26,73.0,1,1,1.0,18.98
Tomato,Red Soil,Germination,27,27,70.0,1,1,1.0,18.9
Tomato,Red Soil,Germination,28,28,67.0,1,1,1.0,18.76
Tomato,Red Soil,Germination,29,29,64.0,1,1,1.0,18.56
Tomato,Red Soil,Germination,30,30,61.0,1,1,1.0,18.3
Tomato,Red Soil,Germination,31,31,58.0,1,1,1.0,17.98
Tomato,Red Soil,Germination,32,32,55.0,1,1,1.0,17.6
Tomato,Red Soil,Germination,33,33,52.0,1,1,1.0,17.16
Tomato,Red Soil,Germination,34,34,49.0,1,1,1.0,16.66
Tomato,Red Soil,Germination,35,35,46.0,1,1,1.0,16.1
Tomato,Red Soil,Germination,36,36,43.0,1,1,1.0,15.48
Tomato,Red Soil,Germination,37,37,40.0,1,1,1.0,14.8
Tomato,Red Soil,Germination,38,38,37.0,1,1,1.0,14.06
Tomato,Red Soil,Germination,39,39,34.0,1,1,1.0,13.26
Tomato,Red Soil,Germination,40,40,31.0,1,1,1.0,12.4
Tomato,Red Soil,Germination,41,25,80.0,1,1,1.64,32.8
Tomato,Red Soil,Germination,42,26,77.0,1,1,1.6154,32.34
Tomato,Red Soil,Germination,43,27,74.0,1,1,1.5926,31.82
Tomato,Red Soil,Germination,44,28,71.0,1,1,1.5714,31.24
Tomato,Red Soil,Germination,45,29,68.0,1,1,1.5517,30.6
Tomato,Red Soil,Germination,46,30,65.0,1,1,1.5333,29.9
Tomato,Red Soil,Germination,47,31,62.0,1,1,1.5161,29.14
Tomato,Red Soil,Germination,48,32,59.0,1,1,1.5,28.32
Tomato,Red Soil,Germination,49,33,56.0,1,1,1.4848,27.44
Tomato,Red Soil,Germination,50,34,53.0,1,1,1.4706,26.5
Tomato,Red Soil,Germination,51,35,50.0,1,1,1.4571,25.5
Tomato,Red Soil,Germination,52,36,47.0,1,1,1.4444,24.44
Tomato,Red Soil,Germination,53,37,44.0,1,1,1.4324,23.32
Tomato,Red Soil,Germination,54,38,41.0,1,1,1.4211,22.14
Tomato,Red Soil,Germination,55,39,38.0,1,1,1.4103,20.9
Tomato,Red Soil,Germination,56,40,35.0,1,1,1.4,19.6
Tomato,Red Soil,Germination,57,41,32.0,1,1,1.3902,18.24
Tomato,Red Soil,Germination,58,42,29.0,1,1,1.381,16.82
Tomato,Red Soil,Germination,59,43,26.0,1,1,1.3721,15.34
Tomato,Red Soil,Germination,60,44,23.0,1,1,1.3636,13.8
Tomato,Red Soil,Germination,61,45,20.0,1,1,1.3556,12.2
Tomato,Red Soil,Germination,62,46,17.0,1,1,1.3478,10.54
Tomato,Red Soil,Germination,63,25,78.0,1,1,2.52,49.14
Tomato,Red Soil,Germination,64,26,75.0,1,1,2.4615,48.0
Tomato,Red Soil,Germination,65,27,72.0,1,1,2.4074,46.8
Tomato,Red Soil,Germination,66,28,69.0,1,1,2.3571,45.54
Tomato,Red Soil,Germination,67,29,66.0,1,1,2.3103,44.22
Tomato,Red Soil,Germination,68,30,63.0,1,1,2.2667,42.84
Tomato,Red Soil,Germination,69,31,60.0,1,1,2.2258,41.4
Tomato,Red Soil,Germination,70,32,57.0,1,1,2.1875,39.9
Tomato,Red Soil,Germination,71,33,54.0,1,1,2.1515,38.34
Tomato,Red Soil,Germination,72,34,51.0,1,1,2.1176,36.72
Tomato,Red Soil,Germination,73,35,48.0,1,1,2.0857,35.04
Tomato,Red Soil,Germination,74,36,45.0,1,1,2.0556,33.3
Tomato,Red Soil,Germination,75,37,42.0,1,1,2.027,31.5
Tomato,Red Soil,Germination,76,38,39.0,1,1,2.0,29.64
Tomato,Red Soil,Germination,77,39,36.0,1,1,1.9744,27.72
Tomato,Red Soil,Germination,78,40,33.0,1,1,1.95,25.74
Tomato,Red Soil,Germination,79,41,30.0,1,1,1.9268,23.7
Tomato,Red Soil,Germination,91,31,58.0,0,1,2.9355,52.78
Tomato,Red Soil,Germination,92,32,55.0,0,1,2.875,50.6
Tomato,Red Soil,Germination,93,33,52.0,0,1,2.8182,48.36
Tomato,Red Soil,Germination,94,34,49.0,0,1,2.7647,46.06
Tomato,Red Soil,Germination,95,35,46.0,0,1,2.7143,43.7
Tomato,Red Soil,Germination,96,36,43.0,0,1,2.6667,41.28
Tomato,Red Soil,Germination,97,37,40.0,0,1,2.6216,38.8
Tomato,Red Soil,Germination,98,38,37.0,0,1,2.5789,36.26
Tomato,Red Soil,Germination,99,39,34.0,0,1,2.5385,33.66
Tomato,Red Soil,Germination,100,40,31.0,0,1,2.5,31.0
Tomato,Red Soil,Seedling Stage,1,25,80.0,1,2,0.04,0.8
Tomato,Red Soil,Seedling Stage,2,26,77.0,1,2,0.0769,1.54
Tomato,Red Soil,Seedling Stage,3,27,74.0,1,2,0.1111,2.22
Tomato,Red Soil,Seedling Stage,4,28,71.0,1,2,0.1429,2.84
Tomato,Red Soil,Seedling Stage,5,29,68.0,1,2,0.1724,3.4
Tomato,Red Soil,Seedling Stage,6,30,65.0,1,2,0.2,3.9
Tomato,Red Soil,Seedling Stage,7,31,62.0,1,2,0.2258,4.34
Tomato,Red Soil,Seedling Stage,8,32,59.0,1,2,0.25,4.72
Tomato,Red Soil,Seedling Stage,9,33,56.0,1,2,0.2727,5.04
Tomato,Red Soil,Seedling Stage,10,34,53.0,1,2,0.2941,5.3
Tomato,Red Soil,Seedling Stage,11,35,50.0,1,2,0.3143,5.5
Tomato,Red Soil,Seedling Stage,12,36,47.0,1,2,0.3333,5.64
Tomato,Red Soil,Seedling Stage,13,37,44.0,1,2,0.3514,5.72
Tomato,Red Soil,Seedling Stage,14,38,41.0,1,2,0.3684,5.74
Tomato,Red Soil,Seedling Stage,15,39,38.0,1,2,0.3846,5.7
Tomato,Red Soil,Seedling Stage,16,40,35.0,1,2,0.4,5.6
Tomato,Red Soil,Seedling Stage,17,41,32.0,1,2,0.4146,5.44
Tomato,Red Soil,Seedling Stage,18,42,29.0,1,2,0.4286,5.22
Tomato,Red Soil,Seedling Stage,19,43,26.0,1,2,0.4419,4.94
Tomato,Red Soil,Seedling Stage,20,44,23.0,1,2,0.4545,4.6
Tomato,Red Soil,Seedling Stage,21,45,20.0,1,2,0.4667,4.2
Tomato,Red Soil,Seedling Stage,22,46,17.0,1,2,0.4783,3.74
Tomato,Red Soil,Seedling Stage,23,25,78.0,1,2,0.92,17.94
Tomato,Red Soil,Seedling Stage,24,26,75.0,1,2,0.9231,18.0
Tomato,Red Soil,Seedling Stage,25,27,72.0,1,2,0.9259,18.0
Tomato,Red Soil,Seedling Stage,26,28,69.0,1,2,0.9286,17.94
Tomato,Red Soil,Seedling Stage,27,29,66.0,1,2,0.931,17.82
Tomato,Red Soil,Seedling Stage,28,30,63.0,1,2,0.9333,17.64
Tomato,Red Soil,Seedling Stage,29,31,60.0,1,2,0.9355,17.4
Tomato,Red Soil,Seedling Stage,30,32,57.0,1,2,0.9375,17.1
Tomato,Red Soil,Seedling Stage,31,33,54.0,1,2,0.9394,16.74
Tomato,Red Soil,Seedling Stage,32,34,51.0,1,2,0.9412,16.32
Tomato,Red Soil,Seedling Stage,33,35,48.0,1,2,0.9429,15.84
Tomato,Red Soil,Seedling Stage,34,36,45.0,1,2,0.9444,15.3
Tomato,Red Soil,Seedling Stage,35,37,42.0,1,2,0.9459,14.7
Tomato,Red Soil,Seedling Stage,36,38,39.0,1,2,0.9474,14.04
Tomato,Red Soil,Seedling Stage,37,39,36.0,1,2,0.9487,13.32
Tomato,Red Soil,Seedling Stage,38,40,33.0,1,2,0.95,12.54
Tomato,Red Soil,Seedling Stage,39,41,30.0,1,2,0.9512,11.7
Tomato,Red Soil,Seedling Stage,40,42,27.0,1,2,0.9524,10.8
Tomato,Red Soil,Seedling Stage,41,43,24.0,1,2,0.9535,9.84
Tomato,Red Soil,Seedling Stage,42,44,21.0,1,2,0.9545,8.82
Tomato,Red Soil,Seedling Stage,43,45,18.0,1,2,0.9556,7.74
Tomato,Red Soil,Seedling Stage,44,46,15.0,1,2,0.9565,6.6
Tomato,Red Soil,Seedling Stage,45,25,76.0,1,2,1.8,34.2
Tomato,Red Soil,Seedling Stage,46,26,73.0,1,2,1.7692,33.58
Tomato,Red Soil,Seedling Stage,47,27,70.0,1,2,1.7407,32.9
Tomato,Red Soil,Seedling Stage,48,28,67.0,1,2,1.7143,32.16
Tomato,Red Soil,Seedling Stage,49,29,64.0,1,2,1.6897,31.36
Tomato,Red Soil,Seedling Stage,50,30,61.0,1,2,1.6667,30.5
Tomato,Red Soil,Seedling Stage,51,31,58.0,1,2,1.6452,29.58
Tomato,Red Soil,Seedling Stage,52,32,55.0,1,2,1.625,28.6
Tomato,Red Soil,Seedling Stage,53,33,52.0,1,2,1.6061,27.56
Tomato,Red Soil,Seedling Stage,54,34,49.0,1,2,1.5882,26.46
Tomato,Red Soil,Seedling Stage,55,35,46.0,1,2,1.5714,25.3
Tomato,Red Soil,Seedling Stage,56,36,43.0,1,2,1.5556,24.08
Tomato,Red Soil,Seedling Stage,57,37,40.0,1,2,1.5405,22.8
Tomato,Red Soil,Seedling Stage,58,38,37.0,1,2,1.5263,21.46
Tomato,Red Soil,Seedling Stage,59,39,34.0,1,2,1.5128,20.06
Tomato,Red Soil,Seedling Stage,60,40,31.0,1,2,1.5,18.6
Tomato,Red Soil,Seedling Stage,61,25,80.0,1,2,2.44,48.8
Tomato,Red Soil,Seedling Stage,62,26,77.0,1,2,2.3846,47.74
Tomato,Red Soil,Seedling Stage,63,27,74.0,1,2,2.3333,46.62
Tomato,Red Soil,Seedling Stage,64,28,71.0,1,2,2.2857,45.44
Tomato,Red Soil,Seedling Stage,65,29,68.0,1,2,2.2414,44.2
Tomato,Red Soil,Seedling Stage,66,30,65.0,1,2,2.2,42.9
Tomato,Red Soil,Seedling Stage,67,31,62.0,1,2,2.1613,41.54
Tomato,Red Soil,Seedling Stage,68,32,59.0,1,2,2.125,40.12
Tomato,Red Soil,Seedling Stage,69,33,56.0,1,2,2.0909,38.64
Tomato,Red Soil,Seedling Stage,81,45,20.0,0,2,1.8,16.2
Tomato,Red Soil,Seedling Stage,82,46,17.0,0,2,1.7826,13.94
Tomato,Red Soil,Seedling Stage,83,25,78.0,0,2,3.32,64.74
Tomato,Red Soil,Seedling Stage,84,26,75.0,0,2,3.2308,63.0
Tomato,Red Soil,Seedling Stage,85,27,72.0,0,2,3.1481,61.2
Tomato,Red Soil,Seedling Stage,86,28,69.0,0,2,3.0714,59.34
Tomato,Red Soil,Seedling Stage,87,29,66.0,0,2,3.0,57.42
Tomato,Red Soil,Seedling Stage,88,30,63.0,0,2,2.9333,55.44
Tomato,Red Soil,Seedling Stage,89,31,60.0,0,2,2.871,53.4
Tomato,Red Soil,Seedling Stage,90,32,57.0,0,2,2.8125,51.3
Tomato,Red Soil,Seedling Stage,91,33,54.0,0,2,2.7576,49.14
Tomato,Red Soil,Seedling Stage,92,34,51.0,0,2,2.7059,46.92
Tomato,Red Soil,Seedling Stage,93,35,48.0,0,2,2.6571,44.64
Tomato,Red Soil,Seedling Stage,94,36,45.0,0,2,2.6111,42.3
Tomato,Red Soil,Seedling Stage,95,37,42.0,0,2,2.5676,39.9
Tomato,Red Soil,Seedling Stage,96,38,39.0,0,2,2.5263,37.44
Tomato,Red Soil,Seedling Stage,97,39,36.0,0,2,2.4872,34.92
Tomato,Red Soil,Seedling Stage,98,40,33.0,0,2,2.45,32.34
Tomato,Red Soil,Seedling Stage,99,41,30.0,0,2,2.4146,29.7
Tomato,Red Soil,Seedling Stage,100,42,27.0,0,2,2.381,27.0
Tomato,Red Soil,Vegetative Growth / Root or Tuber Development,1,43,24.0,1,3,0.0233,0.24
Tomato,Red Soil,Vegetative Growth / Root or Tuber Development,2,44,21.0,1,3,0.0455,0.42
Tomato,Red Soil,Vegetative Growth / Root or Tuber Development,3,45,18.0,1,3,0.0667,0.54
Tomato,Red Soil,Vegetative Growth / Root or Tuber Development,4,46,15.0,1,3,0.087,0.6
Tomato,Red Soil,Vegetative Growth / Root or Tuber Development,5,25,76.0,1,3,0.2,3.8
Tomato,Red Soil,Vegetative Growth / Root or Tuber Development,6,26,73.0,1,3,0.2308,4.38
Tomato,Red Soil,Vegetative Growth / Root or Tuber Development,7,27,70.0,1,3,0.2593,4.9
Tomato,Red Soil,Vegetative Growth / Root or Tuber Development,8,28,67.0,1,3,0.2857,5.36
Tomato,Red Soil,Vegetative Growth / Root or Tuber Development,9,29,64.0,1,3,0.3103,5.76
Tomato,Red Soil,Vegetative Growth / Root or Tuber Development,10,30,61.0,1,3,0.3333,6.1
Tomato,Red Soil,Vegetative Growth / Root or Tuber Development,11,31,58.0,1,3,0.3548,6.38
Tomato,Red Soil,Vegetative Growth / Root or Tuber Development,12,32,55.0,1,3,0.375,6.6
Tomato,Red Soil,Vegetative Growth / Root or Tuber Development,13,33,52.0,1,3,0.3939,6.76
Tomato,Red Soil,Vegetative Growth / Root or Tuber Development,14,34,49.0,1,3,0.4118,6.86
Tomato,Red Soil,Vegetative Growth / Root or Tuber Development,15,35,46.0,1,3,0.4286,6.9
Tomato,Red Soil,Vegetative Growth / Root or Tuber Development,16,36,43.0,1,3,0.4444,6.88
Tomato,Red Soil,Vegetative Growth / Root or Tuber Development,17,37,40.0,1,3,0.4595,6.8
Tomato,Red Soil,Vegetative Growth / Root or Tuber Development,18,38,37.0,1,3,0.4737,6.66
Tomato,Red Soil,Vegetative Growth / Root or Tuber Development,19,39,34.0,1,3,0.4872,6.46
Tomato,Red Soil,Vegetative Growth / Root or Tuber Development,20,40,31.0,1,3,0.5,6.2
Tomato,Red Soil,Vegetative Growth / Root or Tuber Development,21,25,80.0,1,3,0.84,16.8
Tomato,Red Soil,Vegetative Growth / Root or Tuber Development,22,26,77.0,1,3,0.8462,16.94
Tomato,Red Soil,Vegetative Growth / Root or Tuber Development,23,27,74.0,1,3,0.8519,17.02
Tomato,Red Soil,Vegetative Growth / Root or Tuber Development,24,28,71.0,1,3,0.8571,17.04
Tomato,Red Soil,Vegetative Growth / Root or Tuber Development,25,29,68.0,1,3,0.8621,17.0
Tomato,Red Soil,Vegetative Growth / Root or Tuber Development,26,30,65.0,1,3,0.8667,16.9
Tomato,Red Soil,Vegetative Growth / Root or Tuber Development,27,31,62.0,1,3,0.871,16.74
Tomato,Red Soil,Vegetative Growth / Root or Tuber Development,28,32,59.0,1,3,0.875,16.52
Tomato,Red Soil,Vegetative Growth / Root or Tuber Development,29,33,56.0,1,3,0.8788,16.24
Tomato,Red Soil,Vegetative Growth / Root or Tuber Development,30,34,53.0,1,3,0.8824,15.9
Tomato,Red Soil,Vegetative Growth / Root or Tuber Development,31,35,50.0,1,3,0.8857,15.5
Tomato,Red Soil,Vegetative Growth / Root or Tuber Development,32,36,47.0,1,3,0.8889,15.04
Tomato,Red Soil,Vegetative Growth / Root or Tuber Development,33,37,44.0,1,3,0.8919,14.52
Tomato,Red Soil,Vegetative Growth / Root or Tuber Development,34,38,41.0,1,3,0.8947,13.94
Tomato,Red Soil,Vegetative Growth / Root or Tuber Development,35,39,38.0,1,3,0.8974,13.3
Tomato,Red Soil,Vegetative Growth / Root or Tuber Development,36,40,35.0,1,3,0.9,12.6
Tomato,Red Soil,Vegetative Growth / Root or Tuber Development,37,41,32.0,1,3,0.9024,11.84
Tomato,Red Soil,Vegetative Growth / Root or Tuber Development,38,42,29.0,1,3,0.9048,11.02
Tomato,Red Soil,Vegetative Growth / Root or Tuber Development,39,43,26.0,1,3,0.907,10.14
Tomato,Red Soil,Vegetative Growth / Root or Tuber Development,40,44,23.0,1,3,0.9091,9.2
Tomato,Red Soil,Vegetative Growth / Root or Tuber Development,41,45,20.0,1,3,0.9111,8.2
Tomato,Red Soil,Vegetative Growth / Root or Tuber Development,42,46,17.0,1,3,0.913,7.14
Tomato,Red Soil,Vegetative Growth / Root or Tuber Development,43,25,78.0,1,3,1.72,33.54
Tomato,Red Soil,Vegetative Growth / Root or Tuber Development,44,26,75.0,1,3,1.6923,33.0
Tomato,Red Soil,Vegetative Growth / Root or Tuber Development,45,27,72.0,1,3,1.6667,32.4
Tomato,Red Soil,Vegetative Growth / Root or Tuber Development,46,28,69.0,1,3,1.6429,31.74
Tomato,Red Soil,Vegetative Growth / Root or Tuber Development,47,29,66.0,1,3,1.6207,31.02
Tomato,Red Soil,Vegetative Growth / Root or Tuber Development,48,30,63.0,1,3,1.6,30.24
Tomato,Red Soil,Vegetative Growth / Root or Tuber Development,49,31,60.0,1,3,1.5806,29.4
Tomato,Red Soil,Vegetative Growth / Root or Tuber Development,50,32,57.0,1,3,1.5625,28.5
Tomato,Red Soil,Vegetative Growth / Root or Tuber Development,51,33,54.0,1,3,1.5455,27.54
Tomato,Red Soil,Vegetative Growth / Root or Tuber Development,52,34,51.0,1,3,1.5294,26.52
Tomato,Red Soil,Vegetative Growth / Root or Tuber Development,53,35,48.0,1,3,1.5143,25.44
Tomato,Red Soil,Vegetative Growth / Root or Tuber Development,54,36,45.0,1,3,1.5,24.3
Tomato,Red Soil,Vegetative Growth / Root or Tuber Development,55,37,42.0,1,3,1.4865,23.1
Tomato,Red Soil,Vegetative Growth / Root or Tuber Development,56,38,39.0,1,3,1.4737,21.84
Tomato,Red Soil,Vegetative Growth / Root or Tuber Development,57,39,36.0,1,3,1.4615,20.52
Tomato,Red Soil,Vegetative Growth / Root or Tuber Development,58,40,33.0,1,3,1.45,19.14
Tomato,Red Soil,Vegetative Growth / Root or Tuber Development,59,41,30.0,1,3,1.439,17.7
Tomato,Red Soil,Vegetative Growth / Root or Tuber Development,71,31,58.0,0,3,2.2903,41.18
Tomato,Red Soil,Vegetative Growth / Root or Tuber Development,72,32,55.0,0,3,2.25,39.6
Tomato,Red Soil,Vegetative Growth / Root or Tuber Development,73,33,52.0,0,3,2.2121,37.96
Tomato,Red Soil,Vegetative Growth / Root or Tuber Development,74,34,49.0,0,3,2.1765,36.26
Tomato,Red Soil,Vegetative Growth / Root or Tuber Development,75,35,46.0,0,3,2.1429,34.5
Tomato,Red Soil,Vegetative Growth / Root or Tuber Development,76,36,43.0,0,3,2.1111,32.68
Tomato,Red Soil,Vegetative Growth / Root or Tuber Development,77,37,40.0,0,3,2.0811,30.8
Tomato,Red Soil,Vegetative Growth / Root or Tuber Development,78,38,37.0,0,3,2.0526,28.86
Tomato,Red Soil,Vegetative Growth / Root or Tuber Development,79,39,34.0,0,3,2.0256,26.86
Tomato,Red Soil,Vegetative Growth / Root or Tuber Development,80,40,31.0,0,3,2.0,24.8
Tomato,Red Soil,Vegetative Growth / Root or Tuber Development,81,25,80.0,0,3,3.24,64.8
Tomato,Red Soil,Vegetative Growth / Root or Tuber Development,82,26,77.0,0,3,3.1538,63.14
Tomato,Red Soil,Vegetative Growth / Root or Tuber Development,83,27,74.0,0,3,3.0741,61.42
Tomato,Red Soil,Vegetative Growth / Root or Tuber Development,84,28,71.0,0,3,3.0,59.64
Tomato,Red Soil,Vegetative Growth / Root or Tuber Development,85,29,68.0,0,3,2.931,57.8
Tomato,Red Soil,Vegetative Growth / Root or Tuber Development,86,30,65.0,0,3,2.8667,55.9
Tomato,Red Soil,Vegetative Growth / Root or Tuber Development,87,31,62.0,0,3,2.8065,53.94
Tomato,Red Soil,Vegetative Growth / Root or Tuber Development,88,32,59.0,0,3,2.75,51.92
Tomato,Red Soil,Vegetative Growth / Root or Tuber Development,89,33,56.0,0,3,2.697,49.84
Tomato,Red Soil,Vegetative Growth / Root or Tuber Development,90,34,53.0,0,3,2.6471,47.7
Tomato,Red Soil,Vegetative Growth / Root or Tuber Development,91,35,50.0,0,3,2.6,45.5
Tomato,Red Soil,Vegetative Growth / Root or Tuber Development,92,36,47.0,0,3,2.5556,43.24
Tomato,Red Soil,Vegetative Growth / Root or Tuber Development,93,37,44.0,0,3,2.5135,40.92
Tomato,Red Soil,Vegetative Growth / Root or Tuber Development,94,38,41.0,0,3,2.4737,38.54
Tomato,Red Soil,Vegetative Growth / Root or Tuber Development,95,39,38.0,0,3,2.4359,36.1
Tomato,Red Soil,Vegetative Growth / Root or Tuber Development,96,40,35.0,0,3,2.4,33.6
Tomato,Red Soil,Vegetative Growth / Root or Tuber Development,97,41,32.0,0,3,2.3659,31.04
Tomato,Red Soil,Vegetative Growth / Root or Tuber Development,98,42,29.0,0,3,2.3333,28.42
Tomato,Red Soil,Vegetative Growth / Root or Tuber Development,99,43,26.0,0,3,2.3023,25.74
Tomato,Red Soil,Vegetative Growth / Root or Tuber Development,100,44,23.0,0,3,2.2727,23.0
Tomato,Red Soil,Flowering,1,45,20.0,1,4,0.0222,0.2
Tomato,Red Soil,Flowering,2,46,17.0,1,4,0.0435,0.34
Tomato,Red Soil,Flowering,3,25,78.0,1,4,0.12,2.34
Tomato,Red Soil,Flowering,4,26,75.0,1,4,0.1538,3.0
Tomato,Red Soil,Flowering,5,27,72.0,1,4,0.1852,3.6
Tomato,Red Soil,Flowering,6,28,69.0,1,4,0.2143,4.14
Tomato,Red Soil,Flowering,7,29,66.0,1,4,0.2414,4.62
Tomato,Red Soil,Flowering,8,30,63.0,1,4,0.2667,5.04
Tomato,Red Soil,Flowering,9,31,60.0,1,4,0.2903,5.4
Tomato,Red Soil,Flowering,10,32,57.0,1,4,0.3125,5.7
Tomato,Red Soil,Flowering,11,33,54.0,1,4,0.3333,5.94
Tomato,Red Soil,Flowering,12,34,51.0,1,4,0.3529,6.12
Tomato,Red Soil,Flowering,13,35,48.0,1,4,0.3714,6.24
Tomato,Red Soil,Flowering,14,36,45.0,1,4,0.3889,6.3
Tomato,Red Soil,Flowering,15,37,42.0,1,4,0.4054,6.3
Tomato,Red Soil,Flowering,16,38,39.0,1,4,0.4211,6.24
Tomato,Red Soil,Flowering,17,39,36.0,1,4,0.4359,6.12
Tomato,Red Soil,Flowering,18,40,33.0,1,4,0.45,5.94
Tomato,Red Soil,Flowering,19,41,30.0,1,4,0.4634,5.7
Tomato,Red Soil,Flowering,20,42,27.0,1,4,0.4762,5.4
Tomato,Red Soil,Flowering,21,43,24.0,1,4,0.4884,5.04
Tomato,Red Soil,Flowering,22,44,21.0,1,4,0.5,4.62
Tomato,Red Soil,Flowering,23,45,18.0,1,4,0.5111,4.14
Tomato,Red Soil,Flowering,24,46,15.0,1,4,0.5217,3.6
Tomato,Red Soil,Flowering,25,25,76.0,1,4,1.0,19.0
Tomato,Red Soil,Flowering,26,26,73.0,1,4,1.0,18.98
Tomato,Red Soil,Flowering,27,27,70.0,1,4,1.0,18.9
Tomato,Red Soil,Flowering,28,28,67.0,1,4,1.0,18.76
Tomato,Red Soil,Flowering,29,29,64.0,1,4,1.0,18.56
Tomato,Red Soil,Flowering,30,30,61.0,1,4,1.0,18.3
Tomato,Red Soil,Flowering,31,31,58.0,1,4,1.0,17.98
Tomato,Red Soil,Flowering,32,32,55.0,1,4,1.0,17.6
Tomato,Red Soil,Flowering,33,33,52.0,1,4,1.0,17.16
Tomato,Red Soil,Flowering,34,34,49.0,1,4,1.0,16.66
Tomato,Red Soil,Flowering,35,35,46.0,1,4,1.0,16.1
Tomato,Red Soil,Flowering,36,36,43.0,1,4,1.0,15.48
Tomato,Red Soil,Flowering,37,37,40.0,1,4,1.0,14.8
Tomato,Red Soil,Flowering,38,38,37.0,1,4,1.0,14.06
Tomato,Red Soil,Flowering,39,39,34.0,1,4,1.0,13.26
Tomato,Red Soil,Flowering,40,40,31.0,1,4,1.0,12.4
Tomato,Red Soil,Flowering,41,25,80.0,1,4,1.64,32.8
Tomato,Red Soil,Flowering,42,26,77.0,1,4,1.6154,32.34
Tomato,Red Soil,Flowering,43,27,74.0,1,4,1.5926,31.82
Tomato,Red Soil,Flowering,44,28,71.0,1,4,1.5714,31.24
Tomato,Red Soil,Flowering,45,29,68.0,1,4,1.5517,30.6
Tomato,Red Soil,Flowering,46,30,65.0,1,4,1.5333,29.9
Tomato,Red Soil,Flowering,47,31,62.0,1,4,1.5161,29.14
Tomato,Red Soil,Flowering,48,32,59.0,1,4,1.5,28.32
Tomato,Red Soil,Flowering,49,33,56.0,1,4,1.4848,27.44
Tomato,Red Soil,Flowering,50,34,53.0,1,4,1.4706,26.5
Tomato,Red Soil,Flowering,51,35,50.0,1,4,1.4571,25.5
Tomato,Red Soil,Flowering,52,36,47.0,1,4,1.4444,24.44
Tomato,Red Soil,Flowering,53,37,44.0,1,4,1.4324,23.32
Tomato,Red Soil,Flowering,54,38,41.0,1,4,1.4211,22.14
Tomato,Red Soil,Flowering,55,39,38.0,1,4,1.4103,20.9
Tomato,Red Soil,Flowering,56,40,35.0,1,4,1.4,19.6
Tomato,Red Soil,Flowering,57,41,32.0,1,4,1.3902,18.24
Tomato,Red Soil,Flowering,58,42,29.0,1,4,1.381,16.82
Tomato,Red Soil,Flowering,59,43,26.0,1,4,1.3721,15.34
Tomato,Red Soil,Flowering,60,44,23.0,1,4,1.3636,13.8
Tomato,Red Soil,Flowering,61,45,20.0,1,4,1.3556,12.2
Tomato,Red Soil,Flowering,62,46,17.0,1,4,1.3478,10.54
Tomato,Red Soil,Flowering,63,25,78.0,1,4,2.52,49.14
Tomato,Red Soil,Flowering,64,26,75.0,1,4,2.4615,48.0
Tomato,Red Soil,Flowering,65,27,72.0,1,4,2.4074,46.8
Tomato,Red Soil,Flowering,66,28,69.0,1,4,2.3571,45.54
Tomato,Red Soil,Flowering,67,29,66.0,1,4,2.3103,44.22
Tomato,Red Soil,Flowering,68,30,63.0,1,4,2.2667,42.84
Tomato,Red Soil,Flowering,69,31,60.0,1,4,2.2258,41.4
Tomato,Red Soil,Flowering,81,43,24.0,0,4,1.8837,19.44
Tomato,Red Soil,Flowering,82,44,21.0,0,4,1.8636,17.22
Tomato,Red Soil,Flowering,83,45,18.0,0,4,1.8444,14.94
Tomato,Red Soil,Flowering,84,46,15.0,0,4,1.8261,12.6
Tomato,Red Soil,Flowering,85,25,76.0,0,4,3.4,64.6
Tomato,Red Soil,Flowering,86,26,73.0,0,4,3.3077,62.78
Tomato,Red Soil,Flowering,87,27,70.0,0,4,3.2222,60.9
Tomato,Red Soil,Flowering,88,28,67.0,0,4,3.1429,58.96
Tomato,Red Soil,Flowering,89,29,64.0,0,4,3.069,56.96
Tomato,Red Soil,Flowering,90,30,61.0,0,4,3.0,54.9
Tomato,Red Soil,Flowering,91,31,58.0,0,4,2.9355,52.78
Tomato,Red Soil,Flowering,92,32,55.0,0,4,2.875,50.6
Tomato,Red Soil,Flowering,93,33,52.0,0,4,2.8182,48.36
Tomato,Red Soil,Flowering,94,34,49.0,0,4,2.7647,46.06
Tomato,Red Soil,Flowering,95,35,46.0,0,4,2.7143,43.7
Tomato,Red Soil,Flowering,96,36,43.0,0,4,2.6667,41.28
Tomato,Red Soil,Flowering,97,37,40.0,0,4,2.6216,38.8
Tomato,Red Soil,Flowering,98,38,37.0,0,4,2.5789,36.26
Tomato,Red Soil,Flowering,99,39,34.0,0,4,2.5385,33.66
Tomato,Red Soil,Flowering,100,40,31.0,0,4,2.5,31.0
Tomato,Red Soil,Pollination,1,25,80.0,1,5,0.04,0.8
Tomato,Red Soil,Pollination,2,26,77.0,1,5,0.0769,1.54
Tomato,Red Soil,Pollination,3,27,74.0,1,5,0.1111,2.22
Tomato,Red Soil,Pollination,4,28,71.0,1,5,0.1429,2.84
Tomato,Red Soil,Pollination,5,29,68.0,1,5,0.1724,3.4
Tomato,Red Soil,Pollination,6,30,65.0,1,5,0.2,3.9
Tomato,Red Soil,Pollination,7,31,62.0,1,5,0.2258,4.34
Tomato,Red Soil,Pollination,8,32,59.0,1,5,0.25,4.72
Tomato,Red Soil,Pollination,9,33,56.0,1,5,0.2727,5.04
Tomato,Red Soil,Pollination,10,34,53.0,1,5,0.2941,5.3
Tomato,Red Soil,Pollination,11,35,50.0,1,5,0.3143,5.5
Tomato,Red Soil,Pollination,12,36,47.0,1,5,0.3333,5.64
Tomato,Red Soil,Pollination,13,37,44.0,1,5,0.3514,5.72
Tomato,Red Soil,Pollination,14,38,41.0,1,5,0.3684,5.74
Tomato,Red Soil,Pollination,15,39,38.0,1,5,0.3846,5.7
Tomato,Red Soil,Pollination,16,40,35.0,1,5,0.4,5.6
Tomato,Red Soil,Pollination,17,41,32.0,1,5,0.4146,5.44
Tomato,Red Soil,Pollination,18,42,29.0,1,5,0.4286,5.22
Tomato,Red Soil,Pollination,19,43,26.0,1,5,0.4419,4.94
Tomato,Red Soil,Pollination,20,44,23.0,1,5,0.4545,4.6
Tomato,Red Soil,Pollination,21,45,20.0,1,5,0.4667,4.2
Tomato,Red Soil,Pollination,22,46,17.0,1,5,0.4783,3.74
Tomato,Red Soil,Pollination,23,25,78.0,1,5,0.92,17.94
Tomato,Red Soil,Pollination,24,26,75.0,1,5,0.9231,18.0
Tomato,Red Soil,Pollination,25,27,72.0,1,5,0.9259,18.0
Tomato,Red Soil,Pollination,26,28,69.0,1,5,0.9286,17.94
Tomato,Red Soil,Pollination,27,29,66.0,1,5,0.931,17.82
Tomato,Red Soil,Pollination,28,30,63.0,1,5,0.9333,17.64
Tomato,Red Soil,Pollination,29,31,60.0,1,5,0.9355,17.4
Tomato,Red Soil,Pollination,30,32,57.0,1,5,0.9375,17.1
Tomato,Red Soil,Pollination,31,33,54.0,1,5,0.9394,16.74
Tomato,Red Soil,Pollination,32,34,51.0,1,5,0.9412,16.32
Tomato,Red Soil,Pollination,33,35,48.0,1,5,0.9429,15.84
Tomato,Red Soil,Pollination,34,36,45.0,1,5,0.9444,15.3
Tomato,Red Soil,Pollination,35,37,42.0,1,5,0.9459,14.7
Tomato,Red Soil,Pollination,36,38,39.0,1,5,0.9474,14.04
Tomato,Red Soil,Pollination,37,39,36.0,1,5,0.9487,13.32
Tomato,Red Soil,Pollination,38,40,33.0,1,5,0.95,12.54
Tomato,Red Soil,Pollination,39,41,30.0,1,5,0.9512,11.7
Tomato,Red Soil,Pollination,40,42,27.0,1,5,0.9524,10.8
Tomato,Red Soil,Pollination,41,43,24.0,1,5,0.9535,9.84
Tomato,Red Soil,Pollination,42,44,21.0,1,5,0.9545,8.82
Tomato,Red Soil,Pollination,43,45,18.0,1,5,0.9556,7.74
Tomato,Red Soil,Pollination,44,46,15.0,1,5,0.9565,6.6
Tomato,Red Soil,Pollination,45,25,76.0,1,5,1.8,34.2
Tomato,Red Soil,Pollination,46,26,73.0,1,5,1.7692,33.58
Tomato,Red Soil,Pollination,47,27,70.0,1,5,1.7407,32.9
Tomato,Red Soil,Pollination,48,28,67.0,1,5,1.7143,32.16
Tomato,Red Soil,Pollination,49,29,64.0,1,5,1.6897,31.36
Tomato,Red Soil,Pollination,50,30,61.0,1,5,1.6667,30.5
Tomato,Red Soil,Pollination,51,31,58.0,1,5,1.6452,29.58
Tomato,Red Soil,Pollination,52,32,55.0,1,5,1.625,28.6
Tomato,Red Soil,Pollination,53,33,52.0,1,5,1.6061,27.56
Tomato,Red Soil,Pollination,54,34,49.0,1,5,1.5882,26.46
Tomato,Red Soil,Pollination,55,35,46.0,1,5,1.5714,25.3
Tomato,Red Soil,Pollination,56,36,43.0,1,5,1.5556,24.08
Tomato,Red Soil,Pollination,57,37,40.0,1,5,1.5405,22.8
Tomato,Red Soil,Pollination,58,38,37.0,1,5,1.5263,21.46
Tomato,Red Soil,Pollination,59,39,34.0,1,5,1.5128,20.06
Tomato,Red Soil,Pollination,71,35,50.0,0,5,2.0286,35.5
Tomato,Red Soil,Pollination,72,36,47.0,0,5,2.0,33.84
Tomato,Red Soil,Pollination,73,37,44.0,0,5,1.973,32.12
Tomato,Red Soil,Pollination,74,38,41.0,0,5,1.9474,30.34
Tomato,Red Soil,Pollination,75,39,38.0,0,5,1.9231,28.5
Tomato,Red Soil,Pollination,76,40,35.0,0,5,1.9,26.6
Tomato,Red Soil,Pollination,77,41,32.0,0,5,1.878,24.64
Tomato,Red Soil,Pollination,78,42,29.0,0,5,1.8571,22.62
Tomato,Red Soil,Pollination,79,43,26.0,0,5,1.8372,20.54
Tomato,Red Soil,Pollination,80,44,23.0,0,5,1.8182,18.4
Tomato,Red Soil,Pollination,81,45,20.0,0,5,1.8,16.2
Tomato,Red Soil,Pollination,82,46,17.0,0,5,1.7826,13.94
Tomato,Red Soil,Pollination,83,25,78.0,0,5,3.32,64.74
Tomato,Red Soil,Pollination,84,26,75.0,0,5,3.2308,63.0
Tomato,Red Soil,Pollination,85,27,72.0,0,5,3.1481,61.2
Tomato,Red Soil,Pollination,86,28,69.0,0,5,3.0714,59.34
Tomato,Red Soil,Pollination,87,29,66.0,0,5,3.0,57.42
Tomato,Red Soil,Pollination,88,30,63.0,0,5,2.9333,55.44
Tomato,Red Soil,Pollination,89,31,60.0,0,5,2.871,53.4
Tomato,Red Soil,Pollination,90,32,57.0,0,5,2.8125,51.3
Tomato,Red Soil,Pollination,91,33,54.0,0,5,2.7576,49.14
Tomato,Red Soil,Pollination,92,34,51.0,0,5,2.7059,46.92
Tomato,Red Soil,Pollination,93,35,48.0,0,5,2.6571,44.64
Tomato,Red Soil,Pollination,94,36,45.0,0,5,2.6111,42.3
Tomato,Red Soil,Pollination,95,37,42.0,0,5,2.5676,39.9
Tomato,Red Soil,Pollination,96,38,39.0,0,5,2.5263,37.44
Tomato,Red Soil,Pollination,97,39,36.0,0,5,2.4872,34.92
Tomato,Red Soil,Pollination,98,40,33.0,0,5,2.45,32.34
Tomato,Red Soil,Pollination,99,41,30.0,0,5,2.4146,29.7
Tomato,Red Soil,Pollination,100,42,27.0,0,5,2.381,27.0
Tomato,Clay Soil,Germination,1,43,24.0,1,1,0.0233,0.24
Tomato,Clay Soil,Germination,2,44,21.0,1,1,0.0455,0.42
Tomato,Clay Soil,Germination,3,45,18.0,1,1,0.0667,0.54
Tomato,Clay Soil,Germination,4,46,15.0,1,1,0.087,0.6
Tomato,Clay Soil,Germination,5,25,76.0,1,1,0.2,3.8
Tomato,Clay Soil,Germination,6,26,73.0,1,1,0.2308,4.38
Tomato,Clay Soil,Germination,7,27,70.0,1,1,0.2593,4.9
Tomato,Clay Soil,Germination,8,28,67.0,1,1,0.2857,5.36
Tomato,Clay Soil,Germination,9,29,64.0,1,1,0.3103,5.76
Tomato,Clay Soil,Germination,10,30,61.0,1,1,0.3333,6.1
Tomato,Clay Soil,Germination,11,31,58.0,1,1,0.3548,6.38
Tomato,Clay Soil,Germination,12,32,55.0,1,1,0.375,6.6
Tomato,Clay Soil,Germination,13,33,52.0,1,1,0.3939,6.76
Tomato,Clay Soil,Germination,14,34,49.0,1,1,0.4118,6.86
Tomato,Clay Soil,Germination,15,35,46.0,1,1,0.4286,6.9
Tomato,Clay Soil,Germination,16,36,43.0,1,1,0.4444,6.88
Tomato,Clay Soil,Germination,17,37,40.0,1,1,0.4595,6.8
Tomato,Clay Soil,Germination,18,38,37.0,1,1,0.4737,6.66
Tomato,Clay Soil,Germination,19,39,34.0,1,1,0.4872,6.46
Tomato,Clay Soil,Germination,20,40,31.0,1,1,0.5,6.2
Tomato,Clay Soil,Germination,21,25,80.0,1,1,0.84,16.8
Tomato,Clay Soil,Germination,22,26,77.0,1,1,0.8462,16.94
Tomato,Clay Soil,Germination,23,27,74.0,1,1,0.8519,17.02
Tomato,Clay Soil,Germination,24,28,71.0,1,1,0.8571,17.04
Tomato,Clay Soil,Germination,25,29,68.0,1,1,0.8621,17.0
Tomato,Clay Soil,Germination,26,30,65.0,1,1,0.8667,16.9
Tomato,Clay Soil,Germination,27,31,62.0,1,1,0.871,16.74
Tomato,Clay Soil,Germination,28,32,59.0,1,1,0.875,16.52
Tomato,Clay Soil,Germination,29,33,56.0,1,1,0.8788,16.24
Tomato,Clay Soil,Germination,30,34,53.0,1,1,0.8824,15.9
Tomato,Clay Soil,Germination,31,35,50.0,1,1,0.8857,15.5
Tomato,Clay Soil,Germination,32,36,47.0,1,1,0.8889,15.04
Tomato,Clay Soil,Germination,33,37,44.0,1,1,0.8919,14.52
Tomato,Clay Soil,Germination,34,38,41.0,1,1,0.8947,13.94
Tomato,Clay Soil,Germination,35,39,38.0,1,1,0.8974,13.3
Tomato,Clay Soil,Germination,36,40,35.0,1,1,0.9,12.6
Tomato,Clay Soil,Germination,37,41,32.0,1,1,0.9024,11.84
Tomato,Clay Soil,Germination,38,42,29.0,1,1,0.9048,11.02
Tomato,Clay Soil,Germination,39,43,26.0,1,1,0.907,10.14
Tomato,Clay Soil,Germination,40,44,23.0,1,1,0.9091,9.2
Tomato,Clay Soil,Germination,41,45,20.0,1,1,0.9111,8.2
Tomato,Clay Soil,Germination,42,46,17.0,1,1,0.913,7.14
Tomato,Clay Soil,Germination,43,25,78.0,1,1,1.72,33.54
Tomato,Clay Soil,Germination,44,26,75.0,1,1,1.6923,33.0
Tomato,Clay Soil,Germination,45,27,72.0,1,1,1.6667,32.4
Tomato,Clay Soil,Germination,46,28,69.0,1,1,1.6429,31.74
Tomato,Clay Soil,Germination,47,29,66.0,1,1,1.6207,31.02
Tomato,Clay Soil,Germination,48,30,63.0,1,1,1.6,30.24
Tomato,Clay Soil,Germination,49,31,60.0,1,1,1.5806,29.4
Tomato,Clay Soil,Germination,50,32,57.0,1,1,1.5625,28.5
Tomato,Clay Soil,Germination,51,33,54.0,1,1,1.5455,27.54
Tomato,Clay Soil,Germination,52,34,51.0,1,1,1.5294,26.52
Tomato,Clay Soil,Germination,53,35,48.0,1,1,1.5143,25.44
Tomato,Clay Soil,Germination,54,36,45.0,1,1,1.5,24.3
Tomato,Clay Soil,Germination,55,37,42.0,1,1,1.4865,23.1
Tomato,Clay Soil,Germination,56,38,39.0,1,1,1.4737,21.84
Tomato,Clay Soil,Germination,57,39,36.0,1,1,1.4615,20.52
Tomato,Clay Soil,Germination,58,40,33.0,1,1,1.45,19.14
Tomato,Clay Soil,Germination,59,41,30.0,1,1,1.439,17.7
Tomato,Clay Soil,Germination,60,42,27.0,1,1,1.4286,16.2
Tomato,Clay Soil,Germination,61,43,24.0,1,1,1.4186,14.64
Tomato,Clay Soil,Germination,62,44,21.0,1,1,1.4091,13.02
Tomato,Clay Soil,Germination,63,45,18.0,1,1,1.4,11.34
Tomato,Clay Soil,Germination,64,46,15.0,1,1,1.3913,9.6
Tomato,Clay Soil,Germination,65,25,76.0,1,1,2.6,49.4
Tomato,Clay Soil,Germination,66,26,73.0,1,1,2.5385,48.18
Tomato,Clay Soil,Germination,67,27,70.0,1,1,2.4815,46.9
Tomato,Clay Soil,Germination,68,28,67.0,1,1,2.4286,45.56
Tomato,Clay Soil,Germination,69,29,64.0,1,1,2.3793,44.16
Tomato,Clay Soil,Germination,70,30,61.0,1,1,2.3333,42.7
Tomato,Clay Soil,Germination,71,31,58.0,1,1,2.2903,41.18
Tomato,Clay Soil,Germination,72,32,55.0,1,1,2.25,39.6
Tomato,Clay Soil,Germination,73,33,52.0,1,1,2.2121,37.96
Tomato,Clay Soil,Germination,74,34,49.0,1,1,2.1765,36.26
Tomato,Clay Soil,Germination,75,35,46.0,1,1,2.1429,34.5
Tomato,Clay Soil,Germination,76,36,43.0,1,1,2.1111,32.68
Tomato,Clay Soil,Germination,77,37,40.0,1,1,2.0811,30.8
Tomato,Clay Soil,Germination,78,38,37.0,1,1,2.0526,28.86
Tomato,Clay Soil,Germination,79,39,34.0,1,1,2.0256,26.86
Tomato,Clay Soil,Germination,91,35,50.0,0,1,2.6,45.5
Tomato,Clay Soil,Germination,92,36,47.0,0,1,2.5556,43.24
Tomato,Clay Soil,Germination,93,37,44.0,0,1,2.5135,40.92
Tomato,Clay Soil,Germination,94,38,41.0,0,1,2.4737,38.54
Tomato,Clay Soil,Germination,95,39,38.0,0,1,2.4359,36.1
Tomato,Clay Soil,Germination,96,40,35.0,0,1,2.4,33.6
Tomato,Clay Soil,Germination,97,41,32.0,0,1,2.3659,31.04
Tomato,Clay Soil,Germination,98,42,29.0,0,1,2.3333,28.42
Tomato,Clay Soil,Germination,99,43,26.0,0,1,2.3023,25.74
Tomato,Clay Soil,Germination,100,44,23.0,0,1,2.2727,23.0
Tomato,Clay Soil,Seedling Stage,1,45,20.0,1,2,0.0222,0.2
Tomato,Clay Soil,Seedling Stage,2,46,17.0,1,2,0.0435,0.34
Tomato,Clay Soil,Seedling Stage,3,25,78.0,1,2,0.12,2.34
Tomato,Clay Soil,Seedling Stage,4,26,75.0,1,2,0.1538,3.0
Tomato,Clay Soil,Seedling Stage,5,27,72.0,1,2,0.1852,3.6
Tomato,Clay Soil,Seedling Stage,6,28,69.0,1,2,0.2143,4.14
Tomato,Clay Soil,Seedling Stage,7,29,66.0,1,2,0.2414,4.62
Tomato,Clay Soil,Seedling Stage,8,30,63.0,1,2,0.2667,5.04
Tomato,Clay Soil,Seedling Stage,9,31,60.0,1,2,0.2903,5.4
Tomato,Clay Soil,Seedling Stage,10,32,57.0,1,2,0.3125,5.7
Tomato,Clay Soil,Seedling Stage,11,33,54.0,1,2,0.3333,5.94
Tomato,Clay Soil,Seedling Stage,12,34,51.0,1,2,0.3529,6.12
Tomato,Clay Soil,Seedling Stage,13,35,48.0,1,2,0.3714,6.24
Tomato,Clay Soil,Seedling Stage,14,36,45.0,1,2,0.3889,6.3
Tomato,Clay Soil,Seedling Stage,15,37,42.0,1,2,0.4054,6.3
Tomato,Clay Soil,Seedling Stage,16,38,39.0,1,2,0.4211,6.24
Tomato,Clay Soil,Seedling Stage,17,39,36.0,1,2,0.4359,6.12
Tomato,Clay Soil,Seedling Stage,18,40,33.0,1,2,0.45,5.94
Tomato,Clay Soil,Seedling Stage,19,41,30.0,1,2,0.4634,5.7
Tomato,Clay Soil,Seedling Stage,20,42,27.0,1,2,0.4762,5.4
Tomato,Clay Soil,Seedling Stage,21,43,24.0,1,2,0.4884,5.04
Tomato,Clay Soil,Seedling Stage,22,44,21.0,1,2,0.5,4.62
Tomato,Clay Soil,Seedling Stage,23,45,18.0,1,2,0.5111,4.14
Tomato,Clay Soil,Seedling Stage,24,46,15.0,1,2,0.5217,3.6
Tomato,Clay Soil,Seedling Stage,25,25,76.0,1,2,1.0,19.0
Tomato,Clay Soil,Seedling Stage,26,26,73.0,1,2,1.0,18.98
Tomato,Clay Soil,Seedling Stage,27,27,70.0,1,2,1.0,18.9
Tomato,Clay Soil,Seedling Stage,28,28,67.0,1,2,1.0,18.76
Tomato,Clay Soil,Seedling Stage,29,29,64.0,1,2,1.0,18.56
Tomato,Clay Soil,Seedling Stage,30,30,61.0,1,2,1.0,18.3
Tomato,Clay Soil,Seedling Stage,31,31,58.0,1,2,1.0,17.98
Tomato,Clay Soil,Seedling Stage,32,32,55.0,1,2,1.0,17.6
Tomato,Clay Soil,Seedling Stage,33,33,52.0,1,2,1.0,17.16
Tomato,Clay Soil,Seedling Stage,34,34,49.0,1,2,1.0,16.66
Tomato,Clay Soil,Seedling Stage,35,35,46.0,1,2,1.0,16.1
Tomato,Clay Soil,Seedling Stage,36,36,43.0,1,2,1.0,15.48
Tomato,Clay Soil,Seedling Stage,37,37,40.0,1,2,1.0,14.8
Tomato,Clay Soil,Seedling Stage,38,38,37.0,1,2,1.0,14.06
Tomato,Clay Soil,Seedling Stage,39,39,34.0,1,2,1.0,13.26
Tomato,Clay Soil,Seedling Stage,40,40,31.0,1,2,1.0,12.4
Tomato,Clay Soil,Seedling Stage,41,25,80.0,1,2,1.64,32.8
Tomato,Clay Soil,Seedling Stage,42,26,77.0,1,2,1.6154,32.34
Tomato,Clay Soil,Seedling Stage,43,27,74.0,1,2,1.5926,31.82
Tomato,Clay Soil,Seedling Stage,44,28,71.0,1,2,1.5714,31.24
Tomato,Clay Soil,Seedling Stage,45,29,68.0,1,2,1.5517,30.6
Tomato,Clay Soil,Seedling Stage,46,30,65.0,1,2,1.5333,29.9
Tomato,Clay Soil,Seedling Stage,47,31,62.0,1,2,1.5161,29.14
Tomato,Clay Soil,Seedling Stage,48,32,59.0,1,2,1.5,28.32
Tomato,Clay Soil,Seedling Stage,49,33,56.0,1,2,1.4848,27.44
Tomato,Clay Soil,Seedling Stage,50,34,53.0,1,2,1.4706,26.5
Tomato,Clay Soil,Seedling Stage,51,35,50.0,1,2,1.4571,25.5
Tomato,Clay Soil,Seedling Stage,52,36,47.0,1,2,1.4444,24.44
Tomato,Clay Soil,Seedling Stage,53,37,44.0,1,2,1.4324,23.32
Tomato,Clay Soil,Seedling Stage,54,38,41.0,1,2,1.4211,22.14
Tomato,Clay Soil,Seedling Stage,55,39,38.0,1,2,1.4103,20.9
Tomato,Clay Soil,Seedling Stage,56,40,35.0,1,2,1.4,19.6
Tomato,Clay Soil,Seedling Stage,57,41,32.0,1,2,1.3902,18.24
Tomato,Clay Soil,Seedling Stage,58,42,29.0,1,2,1.381,16.82
Tomato,Clay Soil,Seedling Stage,59,43,26.0,1,2,1.3721,15.34
Tomato,Clay Soil,Seedling Stage,60,44,23.0,1,2,1.3636,13.8
Tomato,Clay Soil,Seedling Stage,61,45,20.0,1,2,1.3556,12.2
Tomato,Clay Soil,Seedling Stage,62,46,17.0,1,2,1.3478,10.54
Tomato,Clay Soil,Seedling Stage,63,25,78.0,1,2,2.52,49.14
Tomato,Clay Soil,Seedling Stage,64,26,75.0,1,2,2.4615,48.0
Tomato,Clay Soil,Seedling Stage,65,27,72.0,1,2,2.4074,46.8
Tomato,Clay Soil,Seedling Stage,66,28,69.0,1,2,2.3571,45.54
Tomato,Clay Soil,Seedling Stage,67,29,66.0,1,2,2.3103,44.22
Tomato,Clay Soil,Seedling Stage,68,30,63.0,1,2,2.2667,42.84
Tomato,Clay Soil,Seedling Stage,69,31,60.0,1,2,2.2258,41.4
Tomato,Clay Soil,Seedling Stage,81,43,24.0,0,2,1.8837,19.44
Tomato,Clay Soil,Seedling Stage,82,44,21.0,0,2,1.8636,17.22
Tomato,Clay Soil,Seedling Stage,83,45,18.0,0,2,1.8444,14.94
Tomato,Clay Soil,Seedling Stage,84,46,15.0,0,2,1.8261,12.6
Tomato,Clay Soil,Seedling Stage,85,25,76.0,0,2,3.4,64.6
Tomato,Clay Soil,Seedling Stage,86,26,73.0,0,2,3.3077,62.78
Tomato,Clay Soil,Seedling Stage,87,27,70.0,0,2,3.2222,60.9
Tomato,Clay Soil,Seedling Stage,88,28,67.0,0,2,3.1429,58.96
Tomato,Clay Soil,Seedling Stage,89,29,64.0,0,2,3.069,56.96
Tomato,Clay Soil,Seedling Stage,90,30,61.0,0,2,3.0,54.9
Tomato,Clay Soil,Seedling Stage,91,31,58.0,0,2,2.9355,52.78
Tomato,Clay Soil,Seedling Stage,92,32,55.0,0,2,2.875,50.6
Tomato,Clay Soil,Seedling Stage,93,33,52.0,0,2,2.8182,48.36
Tomato,Clay Soil,Seedling Stage,94,34,49.0,0,2,2.7647,46.06
Tomato,Clay Soil,Seedling Stage,95,35,46.0,0,2,2.7143,43.7
Tomato,Clay Soil,Seedling Stage,96,36,43.0,0,2,2.6667,41.28
Tomato,Clay Soil,Seedling Stage,97,37,40.0,0,2,2.6216,38.8
Tomato,Clay Soil,Seedling Stage,98,38,37.0,0,2,2.5789,36.26
Tomato,Clay Soil,Seedling Stage,99,39,34.0,0,2,2.5385,33.66
Tomato,Clay Soil,Seedling Stage,100,40,31.0,0,2,2.5,31.0
Tomato,Clay Soil,Vegetative Growth / Root or Tuber Development,1,25,80.0,1,3,0.04,0.8
Tomato,Clay Soil,Vegetative Growth / Root or Tuber Development,2,26,77.0,1,3,0.0769,1.54
Tomato,Clay Soil,Vegetative Growth / Root or Tuber Development,3,27,74.0,1,3,0.1111,2.22
Tomato,Clay Soil,Vegetative Growth / Root or Tuber Development,4,28,71.0,1,3,0.1429,2.84
Tomato,Clay Soil,Vegetative Growth / Root or Tuber Development,5,29,68.0,1,3,0.1724,3.4
Tomato,Clay Soil,Vegetative Growth / Root or Tuber Development,6,30,65.0,1,3,0.2,3.9
Tomato,Clay Soil,Vegetative Growth / Root or Tuber Development,7,31,62.0,1,3,0.2258,4.34
Tomato,Clay Soil,Vegetative Growth / Root or Tuber Development,8,32,59.0,1,3,0.25,4.72
Tomato,Clay Soil,Vegetative Growth / Root or Tuber Development,9,33,56.0,1,3,0.2727,5.04
Tomato,Clay Soil,Vegetative Growth / Root or Tuber Development,10,34,53.0,1,3,0.2941,5.3
Tomato,Clay Soil,Vegetative Growth / Root or Tuber Development,11,35,50.0,1,3,0.3143,5.5
Tomato,Clay Soil,Vegetative Growth / Root or Tuber Development,12,36,47.0,1,3,0.3333,5.64
Tomato,Clay Soil,Vegetative Growth / Root or Tuber Development,13,37,44.0,1,3,0.3514,5.72
Tomato,Clay Soil,Vegetative Growth / Root or Tuber Development,14,38,41.0,1,3,0.3684,5.74
Tomato,Clay Soil,Vegetative Growth / Root or Tuber Development,15,39,38.0,1,3,0.3846,5.7
Tomato,Clay Soil,Vegetative Growth / Root or Tuber Development,16,40,35.0,1,3,0.4,5.6
Tomato,Clay Soil,Vegetative Growth / Root or Tuber Development,17,41,32.0,1,3,0.4146,5.44
Tomato,Clay Soil,Vegetative Growth / Root or Tuber Development,18,42,29.0,1,3,0.4286,5.22
Tomato,Clay Soil,Vegetative Growth / Root or Tuber Development,19,43,26.0,1,3,0.4419,4.94
Tomato,Clay Soil,Vegetative Growth / Root or Tuber Development,20,44,23.0,1,3,0.4545,4.6
Tomato,Clay Soil,Vegetative Growth / Root or Tuber Development,21,45,20.0,1,3,0.4667,4.2
Tomato,Clay Soil,Vegetative Growth / Root or Tuber Development,22,46,17.0,1,3,0.4783,3.74
Tomato,Clay Soil,Vegetative Growth / Root or Tuber Development,23,25,78.0,1,3,0.92,17.94
Tomato,Clay Soil,Vegetative Growth / Root or Tuber Development,24,26,75.0,1,3,0.9231,18.0
Tomato,Clay Soil,Vegetative Growth / Root or Tuber Development,25,27,72.0,1,3,0.9259,18.0
Tomato,Clay Soil,Vegetative Growth / Root or Tuber Development,26,28,69.0,1,3,0.9286,17.94
Tomato,Clay Soil,Vegetative Growth / Root or Tuber Development,27,29,66.0,1,3,0.931,17.82
Tomato,Clay Soil,Vegetative Growth / Root or Tuber Development,28,30,63.0,1,3,0.9333,17.64
Tomato,Clay Soil,Vegetative Growth / Root or Tuber Development,29,31,60.0,1,3,0.9355,17.4
Tomato,Clay Soil,Vegetative Growth / Root or Tuber Development,30,32,57.0,1,3,0.9375,17.1
Tomato,Clay Soil,Vegetative Growth / Root or Tuber Development,31,33,54.0,1,3,0.9394,16.74
Tomato,Clay Soil,Vegetative Growth / Root or Tuber Development,32,34,51.0,1,3,0.9412,16.32
Tomato,Clay Soil,Vegetative Growth / Root or Tuber Development,33,35,48.0,1,3,0.9429,15.84
Tomato,Clay Soil,Vegetative Growth / Root or Tuber Development,34,36,45.0,1,3,0.9444,15.3
Tomato,Clay Soil,Vegetative Growth / Root or Tuber Development,35,37,42.0,1,3,0.9459,14.7
Tomato,Clay Soil,Vegetative Growth / Root or Tuber Development,36,38,39.0,1,3,0.9474,14.04
Tomato,Clay Soil,Vegetative Growth / Root or Tuber Development,37,39,36.0,1,3,0.9487,13.32
Tomato,Clay Soil,Vegetative Growth / Root or Tuber Development,38,40,33.0,1,3,0.95,12.54
Tomato,Clay Soil,Vegetative Growth / Root or Tuber Development,39,41,30.0,1,3,0.9512,11.7
Tomato,Clay Soil,Vegetative Growth / Root or Tuber Development,40,42,27.0,1,3,0.9524,10.8
Tomato,Clay Soil,Vegetative Growth / Root or Tuber Development,41,43,24.0,1,3,0.9535,9.84
Tomato,Clay Soil,Vegetative Growth / Root or Tuber Development,42,44,21.0,1,3,0.9545,8.82
Tomato,Clay Soil,Vegetative Growth / Root or Tuber Development,43,45,18.0,1,3,0.9556,7.74
Tomato,Clay Soil,Vegetative Growth / Root or Tuber Development,44,46,15.0,1,3,0.9565,6.6
Tomato,Clay Soil,Vegetative Growth / Root or Tuber Development,45,25,76.0,1,3,1.8,34.2
Tomato,Clay Soil,Vegetative Growth / Root or Tuber Development,46,26,73.0,1,3,1.7692,33.58
Tomato,Clay Soil,Vegetative Growth / Root or Tuber Development,47,27,70.0,1,3,1.7407,32.9
Tomato,Clay Soil,Vegetative Growth / Root or Tuber Development,48,28,67.0,1,3,1.7143,32.16
Tomato,Clay Soil,Vegetative Growth / Root or Tuber Development,49,29,64.0,1,3,1.6897,31.36
Tomato,Clay Soil,Vegetative Growth / Root or Tuber Development,50,30,61.0,1,3,1.6667,30.5
Tomato,Clay Soil,Vegetative Growth / Root or Tuber Development,51,31,58.0,1,3,1.6452,29.58
Tomato,Clay Soil,Vegetative Growth / Root or Tuber Development,52,32,55.0,1,3,1.625,28.6
Tomato,Clay Soil,Vegetative Growth / Root or Tuber Development,53,33,52.0,1,3,1.6061,27.56
Tomato,Clay Soil,Vegetative Growth / Root or Tuber Development,54,34,49.0,1,3,1.5882,26.46
Tomato,Clay Soil,Vegetative Growth / Root or Tuber Development,55,35,46.0,1,3,1.5714,25.3
Tomato,Clay Soil,Vegetative Growth / Root or Tuber Development,56,36,43.0,1,3,1.5556,24.08
Tomato,Clay Soil,Vegetative Growth / Root or Tuber Development,57,37,40.0,1,3,1.5405,22.8
Tomato,Clay Soil,Vegetative Growth / Root or Tuber Development,58,38,37.0,1,3,1.5263,21.46
Tomato,Clay Soil,Vegetative Growth / Root or Tuber Development,59,39,34.0,1,3,1.5128,20.06
Tomato,Clay Soil,Vegetative Growth / Root or Tuber Development,71,35,50.0,0,3,2.0286,35.5
Tomato,Clay Soil,Vegetative Growth / Root or Tuber Development,72,36,47.0,0,3,2.0,33.84
Tomato,Clay Soil,Vegetative Growth / Root or Tuber Development,73,37,44.0,0,3,1.973,32.12
Tomato,Clay Soil,Vegetative Growth / Root or Tuber Development,74,38,41.0,0,3,1.9474,30.34
Tomato,Clay Soil,Vegetative Growth / Root or Tuber Development,75,39,38.0,0,3,1.9231,28.5
Tomato,Clay Soil,Vegetative Growth / Root or Tuber Development,76,40,35.0,0,3,1.9,26.6
Tomato,Clay Soil,Vegetative Growth / Root or Tuber Development,77,41,32.0,0,3,1.878,24.64
Tomato,Clay Soil,Vegetative Growth / Root or Tuber Development,78,42,29.0,0,3,1.8571,22.62
Tomato,Clay Soil,Vegetative Growth / Root or Tuber Development,79,43,26.0,0,3,1.8372,20.54
Tomato,Clay Soil,Vegetative Growth / Root or Tuber Development,80,44,23.0,0,3,1.8182,18.4
Tomato,Clay Soil,Vegetative Growth / Root or Tuber Development,81,45,20.0,0,3,1.8,16.2
Tomato,Clay Soil,Vegetative Growth / Root or Tuber Development,82,46,17.0,0,3,1.7826,13.94
Tomato,Clay Soil,Vegetative Growth / Root or Tuber Development,83,25,78.0,0,3,3.32,64.74
Tomato,Clay Soil,Vegetative Growth / Root or Tuber Development,84,26,75.0,0,3,3.2308,63.0
Tomato,Clay Soil,Vegetative Growth / Root or Tuber Development,85,27,72.0,0,3,3.1481,61.2
Tomato,Clay Soil,Vegetative Growth / Root or Tuber Development,86,28,69.0,0,3,3.0714,59.34
Tomato,Clay Soil,Vegetative Growth / Root or Tuber Development,87,29,66.0,0,3,3.0,57.42
Tomato,Clay Soil,Vegetative Growth / Root or Tuber Development,88,30,63.0,0,3,2.9333,55.44
Tomato,Clay Soil,Vegetative Growth / Root or Tuber Development,89,31,60.0,0,3,2.871,53.4
Tomato,Clay Soil,Vegetative Growth / Root or Tuber Development,90,32,57.0,0,3,2.8125,51.3
Tomato,Clay Soil,Vegetative Growth / Root or Tuber Development,91,33,54.0,0,3,2.7576,49.14
Tomato,Clay Soil,Vegetative Growth / Root or Tuber Development,92,34,51.0,0,3,2.7059,46.92
Tomato,Clay Soil,Vegetative Growth / Root or Tuber Development,93,35,48.0,0,3,2.6571,44.64
Tomato,Clay Soil,Vegetative Growth / Root or Tuber Development,94,36,45.0,0,3,2.6111,42.3
Tomato,Clay Soil,Vegetative Growth / Root or Tuber Development,95,37,42.0,0,3,2.5676,39.9
Tomato,Clay Soil,Vegetative Growth / Root or Tuber Development,96,38,39.0,0,3,2.5263,37.44
Tomato,Clay Soil,Vegetative Growth / Root or Tuber Development,97,39,36.0,0,3,2.4872,34.92
Tomato,Clay Soil,Vegetative Growth / Root or Tuber Development,98,40,33.0,0,3,2.45,32.34
Tomato,Clay Soil,Vegetative Growth / Root or Tuber Development,99,41,30.0,0,3,2.4146,29.7
Tomato,Clay Soil,Vegetative Growth / Root or Tuber Development,100,42,27.0,0,3,2.381,27.0
Tomato,Clay Soil,Flowering,1,43,24.0,1,4,0.0233,0.24
Tomato,Clay Soil,Flowering,2,44,21.0,1,4,0.0455,0.42
Tomato,Clay Soil,Flowering,3,45,18.0,1,4,0.0667,0.54
Tomato,Clay Soil,Flowering,4,46,15.0,1,4,0.087,0.6
Tomato,Clay Soil,Flowering,5,25,76.0,1,4,0.2,3.8
Tomato,Clay Soil,Flowering,6,26,73.0,1,4,0.2308,4.38
Tomato,Clay Soil,Flowering,7,27,70.0,1,4,0.2593,4.9
Tomato,Clay Soil,Flowering,8,28,67.0,1,4,0.2857,5.36
Tomato,Clay Soil,Flowering,9,29,64.0,1,4,0.3103,5.76
Tomato,Clay Soil,Flowering,10,30,61.0,1,4,0.3333,6.1
Tomato,Clay Soil,Flowering,11,31,58.0,1,4,0.3548,6.38
Tomato,Clay Soil,Flowering,12,32,55.0,1,4,0.375,6.6
Tomato,Clay Soil,Flowering,13,33,52.0,1,4,0.3939,6.76
Tomato,Clay Soil,Flowering,14,34,49.0,1,4,0.4118,6.86
Tomato,Clay Soil,Flowering,15,35,46.0,1,4,0.4286,6.9
Tomato,Clay Soil,Flowering,16,36,43.0,1,4,0.4444,6.88
Tomato,Clay Soil,Flowering,17,37,40.0,1,4,0.4595,6.8
Tomato,Clay Soil,Flowering,18,38,37.0,1,4,0.4737,6.66
Tomato,Clay Soil,Flowering,19,39,34.0,1,4,0.4872,6.46
Tomato,Clay Soil,Flowering,20,40,31.0,1,4,0.5,6.2
Tomato,Clay Soil,Flowering,21,25,80.0,1,4,0.84,16.8
Tomato,Clay Soil,Flowering,22,26,77.0,1,4,0.8462,16.94
Tomato,Clay Soil,Flowering,23,27,74.0,1,4,0.8519,17.02
Tomato,Clay Soil,Flowering,24,28,71.0,1,4,0.8571,17.04
Tomato,Clay Soil,Flowering,25,29,68.0,1,4,0.8621,17.0
Tomato,Clay Soil,Flowering,26,30,65.0,1,4,0.8667,16.9
Tomato,Clay Soil,Flowering,27,31,62.0,1,4,0.871,16.74
Tomato,Clay Soil,Flowering,28,32,59.0,1,4,0.875,16.52
Tomato,Clay Soil,Flowering,29,33,56.0,1,4,0.8788,16.24
Tomato,Clay Soil,Flowering,30,34,53.0,1,4,0.8824,15.9
Tomato,Clay Soil,Flowering,31,35,50.0,1,4,0.8857,15.5
Tomato,Clay Soil,Flowering,32,36,47.0,1,4,0.8889,15.04
Tomato,Clay Soil,Flowering,33,37,44.0,1,4,0.8919,14.52
Tomato,Clay Soil,Flowering,34,38,41.0,1,4,0.8947,13.94
Tomato,Clay Soil,Flowering,35,39,38.0,1,4,0.8974,13.3
Tomato,Clay Soil,Flowering,36,40,35.0,1,4,0.9,12.6
Tomato,Clay Soil,Flowering,37,41,32.0,1,4,0.9024,11.84
Tomato,Clay Soil,Flowering,38,42,29.0,1,4,0.9048,11.02
Tomato,Clay Soil,Flowering,39,43,26.0,1,4,0.907,10.14
Tomato,Clay Soil,Flowering,40,44,23.0,1,4,0.9091,9.2
Tomato,Clay Soil,Flowering,41,45,20.0,1,4,0.9111,8.2
Tomato,Clay Soil,Flowering,42,46,17.0,1,4,0.913,7.14
Tomato,Clay Soil,Flowering,43,25,78.0,1,4,1.72,33.54
Tomato,Clay Soil,Flowering,44,26,75.0,1,4,1.6923,33.0
Tomato,Clay Soil,Flowering,45,27,72.0,1,4,1.6667,32.4
Tomato,Clay Soil,Flowering,46,28,69.0,1,4,1.6429,31.74
Tomato,Clay Soil,Flowering,47,29,66.0,1,4,1.6207,31.02
Tomato,Clay Soil,Flowering,48,30,63.0,1,4,1.6,30.24
Tomato,Clay Soil,Flowering,49,31,60.0,1,4,1.5806,29.4
Tomato,Clay Soil,Flowering,50,32,57.0,1,4,1.5625,28.5
Tomato,Clay Soil,Flowering,51,33,54.0,1,4,1.5455,27.54
Tomato,Clay Soil,Flowering,52,34,51.0,1,4,1.5294,26.52
Tomato,Clay Soil,Flowering,53,35,48.0,1,4,1.5143,25.44
Tomato,Clay Soil,Flowering,54,36,45.0,1,4,1.5,24.3
Tomato,Clay Soil,Flowering,55,37,42.0,1,4,1.4865,23.1
Tomato,Clay Soil,Flowering,56,38,39.0,1,4,1.4737,21.84
Tomato,Clay Soil,Flowering,57,39,36.0,1,4,1.4615,20.52
Tomato,Clay Soil,Flowering,58,40,33.0,1,4,1.45,19.14
Tomato,Clay Soil,Flowering,59,41,30.0,1,4,1.439,17.7
Tomato,Clay Soil,Flowering,60,42,27.0,1,4,1.4286,16.2
Tomato,Clay Soil,Flowering,61,43,24.0,1,4,1.4186,14.64
Tomato,Clay Soil,Flowering,62,44,21.0,1,4,1.4091,13.02
Tomato,Clay Soil,Flowering,63,45,18.0,1,4,1.4,11.34
Tomato,Clay Soil,Flowering,64,46,15.0,1,4,1.3913,9.6
Tomato,Clay Soil,Flowering,65,25,76.0,1,4,2.6,49.4
Tomato,Clay Soil,Flowering,66,26,73.0,1,4,2.5385,48.18
Tomato,Clay Soil,Flowering,67,27,70.0,1,4,2.4815,46.9
Tomato,Clay Soil,Flowering,68,28,67.0,1,4,2.4286,45.56
Tomato,Clay Soil,Flowering,69,29,64.0,1,4,2.3793,44.16
Tomato,Clay Soil,Flowering,81,25,80.0,0,4,3.24,64.8
Tomato,Clay Soil,Flowering,82,26,77.0,0,4,3.1538,63.14
Tomato,Clay Soil,Flowering,83,27,74.0,0,4,3.0741,61.42
Tomato,Clay Soil,Flowering,84,28,71.0,0,4,3.0,59.64
Tomato,Clay Soil,Flowering,85,29,68.0,0,4,2.931,57.8
Tomato,Clay Soil,Flowering,86,30,65.0,0,4,2.8667,55.9
Tomato,Clay Soil,Flowering,87,31,62.0,0,4,2.8065,53.94
Tomato,Clay Soil,Flowering,88,32,59.0,0,4,2.75,51.92
Tomato,Clay Soil,Flowering,89,33,56.0,0,4,2.697,49.84
Tomato,Clay Soil,Flowering,90,34,53.0,0,4,2.6471,47.7
Tomato,Clay Soil,Flowering,91,35,50.0,0,4,2.6,45.5
Tomato,Clay Soil,Flowering,92,36,47.0,0,4,2.5556,43.24
Tomato,Clay Soil,Flowering,93,37,44.0,0,4,2.5135,40.92
Tomato,Clay Soil,Flowering,94,38,41.0,0,4,2.4737,38.54
Tomato,Clay Soil,Flowering,95,39,38.0,0,4,2.4359,36.1
Tomato,Clay Soil,Flowering,96,40,35.0,0,4,2.4,33.6
Tomato,Clay Soil,Flowering,97,41,32.0,0,4,2.3659,31.04
Tomato,Clay Soil,Flowering,98,42,29.0,0,4,2.3333,28.42
Tomato,Clay Soil,Flowering,99,43,26.0,0,4,2.3023,25.74
Tomato,Clay Soil,Flowering,100,44,23.0,0,4,2.2727,23.0
Tomato,Clay Soil,Pollination,1,45,20.0,1,5,0.0222,0.2
Tomato,Clay Soil,Pollination,2,46,17.0,1,5,0.0435,0.34
Tomato,Clay Soil,Pollination,3,25,78.0,1,5,0.12,2.34
Tomato,Clay Soil,Pollination,4,26,75.0,1,5,0.1538,3.0
Tomato,Clay Soil,Pollination,5,27,72.0,1,5,0.1852,3.6
Tomato,Clay Soil,Pollination,6,28,69.0,1,5,0.2143,4.14
Tomato,Clay Soil,Pollination,7,29,66.0,1,5,0.2414,4.62
Tomato,Clay Soil,Pollination,8,30,63.0,1,5,0.2667,5.04
Tomato,Clay Soil,Pollination,9,31,60.0,1,5,0.2903,5.4
Tomato,Clay Soil,Pollination,10,32,57.0,1,5,0.3125,5.7
Tomato,Clay Soil,Pollination,11,33,54.0,1,5,0.3333,5.94
Tomato,Clay Soil,Pollination,12,34,51.0,1,5,0.3529,6.12
Tomato,Clay Soil,Pollination,13,35,48.0,1,5,0.3714,6.24
Tomato,Clay Soil,Pollination,14,36,45.0,1,5,0.3889,6.3
Tomato,Clay Soil,Pollination,15,37,42.0,1,5,0.4054,6.3
Tomato,Clay Soil,Pollination,16,38,39.0,1,5,0.4211,6.24
Tomato,Clay Soil,Pollination,17,39,36.0,1,5,0.4359,6.12
Tomato,Clay Soil,Pollination,18,40,33.0,1,5,0.45,5.94
Tomato,Clay Soil,Pollination,19,41,30.0,1,5,0.4634,5.7
Tomato,Clay Soil,Pollination,20,42,27.0,1,5,0.4762,5.4
Tomato,Clay Soil,Pollination,21,43,24.0,1,5,0.4884,5.04
Tomato,Clay Soil,Pollination,22,44,21.0,1,5,0.5,4.62
Tomato,Clay Soil,Pollination,23,45,18.0,1,5,0.5111,4.14
Tomato,Clay Soil,Pollination,24,46,15.0,1,5,0.5217,3.6
Tomato,Clay Soil,Pollination,25,25,76.0,1,5,1.0,19.0
Tomato,Clay Soil,Pollination,26,26,73.0,1,5,1.0,18.98
Tomato,Clay Soil,Pollination,27,27,70.0,1,5,1.0,18.9
Tomato,Clay Soil,Pollination,28,28,67.0,1,5,1.0,18.76
Tomato,Clay Soil,Pollination,29,29,64.0,1,5,1.0,18.56
Tomato,Clay Soil,Pollination,30,30,61.0,1,5,1.0,18.3
Tomato,Clay Soil,Pollination,31,31,58.0,1,5,1.0,17.98
Tomato,Clay Soil,Pollination,32,32,55.0,1,5,1.0,17.6
Tomato,Clay Soil,Pollination,33,33,52.0,1,5,1.0,17.16
Tomato,Clay Soil,Pollination,34,34,49.0,1,5,1.0,16.66
Tomato,Clay Soil,Pollination,35,35,46.0,1,5,1.0,16.1
Tomato,Clay Soil,Pollination,36,36,43.0,1,5,1.0,15.48
Tomato,Clay Soil,Pollination,37,37,40.0,1,5,1.0,14.8
Tomato,Clay Soil,Pollination,38,38,37.0,1,5,1.0,14.06
Tomato,Clay Soil,Pollination,39,39,34.0,1,5,1.0,13.26
Tomato,Clay Soil,Pollination,40,40,31.0,1,5,1.0,12.4
Tomato,Clay Soil,Pollination,41,25,80.0,1,5,1.64,32.8
Tomato,Clay Soil,Pollination,42,26,77.0,1,5,1.6154,32.34
Tomato,Clay Soil,Pollination,43,27,74.0,1,5,1.5926,31.82
Tomato,Clay Soil,Pollination,44,28,71.0,1,5,1.5714,31.24
Tomato,Clay Soil,Pollination,45,29,68.0,1,5,1.5517,30.6
Tomato,Clay Soil,Pollination,46,30,65.0,1,5,1.5333,29.9
Tomato,Clay Soil,Pollination,47,31,62.0,1,5,1.5161,29.14
Tomato,Clay Soil,Pollination,48,32,59.0,1,5,1.5,28.32
Tomato,Clay Soil,Pollination,49,33,56.0,1,5,1.4848,27.44
Tomato,Clay Soil,Pollination,50,34,53.0,1,5,1.4706,26.5
Tomato,Clay Soil,Pollination,51,35,50.0,1,5,1.4571,25.5
Tomato,Clay Soil,Pollination,52,36,47.0,1,5,1.4444,24.44
Tomato,Clay Soil,Pollination,53,37,44.0,1,5,1.4324,23.32
Tomato,Clay Soil,Pollination,54,38,41.0,1,5,1.4211,22.14
Tomato,Clay Soil,Pollination,55,39,38.0,1,5,1.4103,20.9
Tomato,Clay Soil,Pollination,56,40,35.0,1,5,1.4,19.6
Tomato,Clay Soil,Pollination,57,41,32.0,1,5,1.3902,18.24
Tomato,Clay Soil,Pollination,58,42,29.0,1,5,1.381,16.82
Tomato,Clay Soil,Pollination,59,43,26.0,1,5,1.3721,15.34
Tomato,Clay Soil,Pollination,71,33,54.0,0,5,2.1515,38.34
Tomato,Clay Soil,Pollination,72,34,51.0,0,5,2.1176,36.72
Tomato,Clay Soil,Pollination,73,35,48.0,0,5,2.0857,35.04
Tomato,Clay Soil,Pollination,74,36,45.0,0,5,2.0556,33.3
Tomato,Clay Soil,Pollination,75,37,42.0,0,5,2.027,31.5
Tomato,Clay Soil,Pollination,76,38,39.0,0,5,2.0,29.64
Tomato,Clay Soil,Pollination,77,39,36.0,0,5,1.9744,27.72
Tomato,Clay Soil,Pollination,78,40,33.0,0,5,1.95,25.74
Tomato,Clay Soil,Pollination,79,41,30.0,0,5,1.9268,23.7
Tomato,Clay Soil,Pollination,80,42,27.0,0,5,1.9048,21.6
Tomato,Clay Soil,Pollination,81,43,24.0,0,5,1.8837,19.44
Tomato,Clay Soil,Pollination,82,44,21.0,0,5,1.8636,17.22
Tomato,Clay Soil,Pollination,83,45,18.0,0,5,1.8444,14.94
Tomato,Clay Soil,Pollination,84,46,15.0,0,5,1.8261,12.6
Tomato,Clay Soil,Pollination,85,25,76.0,0,5,3.4,64.6
Tomato,Clay Soil,Pollination,86,26,73.0,0,5,3.3077,62.78
Tomato,Clay Soil,Pollination,87,27,70.0,0,5,3.2222,60.9
Tomato,Clay Soil,Pollination,88,28,67.0,0,5,3.1429,58.96
Tomato,Clay Soil,Pollination,89,29,64.0,0,5,3.069,56.96
Tomato,Clay Soil,Pollination,90,30,61.0,0,5,3.0,54.9
Tomato,Clay Soil,Pollination,91,31,58.0,0,5,2.9355,52.78
Tomato,Clay Soil,Pollination,92,32,55.0,0,5,2.875,50.6
Tomato,Clay Soil,Pollination,93,33,52.0,0,5,2.8182,48.36
Tomato,Clay Soil,Pollination,94,34,49.0,0,5,2.7647,46.06
Tomato,Clay Soil,Pollination,95,35,46.0,0,5,2.7143,43.7
Tomato,Clay Soil,Pollination,96,36,43.0,0,5,2.6667,41.28
Tomato,Clay Soil,Pollination,97,37,40.0,0,5,2.6216,38.8
Tomato,Clay Soil,Pollination,98,38,37.0,0,5,2.5789,36.26
Tomato,Clay Soil,Pollination,99,39,34.0,0,5,2.5385,33.66
Tomato,Clay Soil,Pollination,100,40,31.0,0,5,2.5,31.0
Carrot,Loam Soil,Germination,1,24,80.0,0,1,0.0417,0.8
Carrot,Loam Soil,Germination,2,23,81.0,0,1,0.087,1.62
Carrot,Loam Soil,Germination,3,22,82.0,0,1,0.1364,2.46
Carrot,Loam Soil,Germination,4,21,83.0,0,1,0.1905,3.32
Carrot,Loam Soil,Germination,5,20,84.0,0,1,0.25,4.2
Carrot,Loam Soil,Germination,6,19,85.0,0,1,0.3158,5.1
Carrot,Loam Soil,Germination,7,18,86.0,0,1,0.3889,6.02
Carrot,Loam Soil,Germination,8,17,87.0,0,1,0.4706,6.96
Carrot,Loam Soil,Germination,9,16,88.0,0,1,0.5625,7.92
Carrot,Loam Soil,Germination,10,15,89.0,0,1,0.6667,8.9
Carrot,Loam Soil,Germination,11,14,90.0,0,1,0.7857,9.9
Carrot,Loam Soil,Germination,12,13,91.0,0,1,0.9231,10.92
Carrot,Loam Soil,Germination,13,24,80.0,0,1,0.5417,10.4
Carrot,Loam Soil,Germination,14,23,81.0,0,1,0.6087,11.34
Carrot,Loam Soil,Germination,15,22,82.0,0,1,0.6818,12.3
Carrot,Loam Soil,Germination,16,21,83.0,0,1,0.7619,13.28
Carrot,Loam Soil,Germination,17,20,84.0,0,1,0.85,14.28
Carrot,Loam Soil,Germination,18,19,85.0,0,1,0.9474,15.3
Carrot,Loam Soil,Germination,19,18,86.0,0,1,1.0556,16.34
Carrot,Loam Soil,Germination,20,17,87.0,0,1,1.1765,17.4
Carrot,Loam Soil,Germination,21,16,88.0,0,1,1.3125,18.48
Carrot,Loam Soil,Germination,22,15,89.0,0,1,1.4667,19.58
Carrot,Loam Soil,Germination,23,14,90.0,0,1,1.6429,20.7
Carrot,Loam Soil,Germination,24,13,91.0,0,1,1.8462,21.84
Carrot,Loam Soil,Germination,25,24,80.0,0,1,1.0417,20.0
Carrot,Loam Soil,Germination,26,23,81.0,0,1,1.1304,21.06
Carrot,Loam Soil,Germination,27,22,82.0,0,1,1.2273,22.14
Carrot,Loam Soil,Germination,28,21,83.0,0,1,1.3333,23.24
Carrot,Loam Soil,Germination,29,20,84.0,0,1,1.45,24.36
Carrot,Loam Soil,Germination,30,19,85.0,0,1,1.5789,25.5
Carrot,Loam Soil,Germination,31,18,86.0,0,1,1.7222,26.66
Carrot,Loam Soil,Germination,32,17,87.0,0,1,1.8824,27.84
Carrot,Loam Soil,Germination,33,16,88.0,0,1,2.0625,29.04
Carrot,Loam Soil,Germination,34,15,89.0,0,1,2.2667,30.26
Carrot,Loam Soil,Germination,35,14,90.0,0,1,2.5,31.5
Carrot,Loam Soil,Germination,36,13,91.0,0,1,2.7692,32.76
Carrot,Loam Soil,Germination,37,24,80.0,0,1,1.5417,29.6
Carrot,Loam Soil,Germination,38,23,81.0,0,1,1.6522,30.78
Carrot,Loam Soil,Germination,39,22,82.0,0,1,1.7727,31.98
Carrot,Loam Soil,Germination,40,21,83.0,0,1,1.9048,33.2
Carrot,Loam Soil,Germination,41,20,84.0,0,1,2.05,34.44
Carrot,Loam Soil,Germination,42,19,85.0,0,1,2.2105,35.7
Carrot,Loam Soil,Germination,43,18,86.0,0,1,2.3889,36.98
Carrot,Loam Soil,Germination,44,17,87.0,0,1,2.5882,38.28
Carrot,Loam Soil,Germination,45,16,88.0,0,1,2.8125,39.6
Carrot,Loam Soil,Germination,46,15,89.0,0,1,3.0667,40.94
Carrot,Loam Soil,Germination,47,14,90.0,0,1,3.3571,42.3
Carrot,Loam Soil,Germination,48,13,91.0,0,1,3.6923,43.68
Carrot,Loam Soil,Germination,49,24,80.0,0,1,2.0417,39.2
Carrot,Loam Soil,Germination,50,23,81.0,0,1,2.1739,40.5
Carrot,Loam Soil,Germination,51,22,82.0,0,1,2.3182,41.82
Carrot,Loam Soil,Germination,52,21,83.0,0,1,2.4762,43.16
Carrot,Loam Soil,Germination,53,20,84.0,0,1,2.65,44.52
Carrot,Loam Soil,Germination,54,19,85.0,0,1,2.8421,45.9
Carrot,Loam Soil,Germination,55,18,86.0,0,1,3.0556,47.3
Carrot,Loam Soil,Germination,56,17,87.0,0,1,3.2941,48.72
Carrot,Loam Soil,Germination,57,16,88.0,0,1,3.5625,50.16
Carrot,Loam Soil,Germination,58,15,89.0,0,1,3.8667,51.62
Carrot,Loam Soil,Germination,59,14,90.0,0,1,4.2143,53.1
Carrot,Loam Soil,Germination,60,13,91.0,0,1,4.6154,54.6
Carrot,Loam Soil,Germination,61,24,80.0,0,1,2.5417,48.8
Carrot,Loam Soil,Germination,62,23,81.0,0,1,2.6957,50.22
Carrot,Loam Soil,Germination,63,22,82.0,0,1,2.8636,51.66
Carrot,Loam Soil,Germination,64,21,83.0,0,1,3.0476,53.12
Carrot,Loam Soil,Germination,65,20,84.0,0,1,3.25,54.6
Carrot,Loam Soil,Germination,66,19,85.0,0,1,3.4737,56.1
Carrot,Loam Soil,Germination,67,18,86.0,0,1,3.7222,57.62
Carrot,Loam Soil,Germination,68,17,87.0,0,1,4.0,59.16
Carrot,Loam Soil,Germination,69,16,88.0,0,1,4.3125,60.72
Carrot,Loam Soil,Germination,70,15,89.0,0,1,4.6667,62.3
Carrot,Loam Soil,Germination,71,14,90.0,0,1,5.0714,63.9
Carrot,Loam Soil,Germination,72,13,91.0,0,1,5.5385,65.52
Carrot,Loam Soil,Germination,73,24,80.0,0,1,3.0417,58.4
Carrot,Loam Soil,Germination,74,23,81.0,0,1,3.2174,59.94
Carrot,Loam Soil,Germination,75,22,82.0,0,1,3.4091,61.5
Carrot,Loam Soil,Germination,76,21,83.0,0,1,3.619,63.08
Carrot,Loam Soil,Germination,77,20,84.0,0,1,3.85,64.68
Carrot,Loam Soil,Germination,78,19,85.0,0,1,4.1053,66.3
Carrot,Loam Soil,Germination,79,18,86.0,0,1,4.3889,67.94
Carrot,Loam Soil,Seedling Stage,1,24,80.0,0,2,0.0417,0.8
Carrot,Loam Soil,Seedling Stage,2,23,81.0,0,2,0.087,1.62
Carrot,Loam Soil,Seedling Stage,3,22,82.0,0,2,0.1364,2.46
Carrot,Loam Soil,Seedling Stage,4,21,83.0,0,2,0.1905,3.32
Carrot,Loam Soil,Seedling Stage,5,20,84.0,0,2,0.25,4.2
Carrot,Loam Soil,Seedling Stage,6,19,85.0,0,2,0.3158,5.1
Carrot,Loam Soil,Seedling Stage,7,18,86.0,0,2,0.3889,6.02
Carrot,Loam Soil,Seedling Stage,8,17,87.0,0,2,0.4706,6.96
Carrot,Loam Soil,Seedling Stage,9,16,88.0,0,2,0.5625,7.92
Carrot,Loam Soil,Seedling Stage,10,15,89.0,0,2,0.6667,8.9
Carrot,Loam Soil,Seedling Stage,11,14,90.0,0,2,0.7857,9.9
Carrot,Loam Soil,Seedling Stage,12,13,91.0,0,2,0.9231,10.92
Carrot,Loam Soil,Seedling Stage,13,24,80.0,0,2,0.5417,10.4
Carrot,Loam Soil,Seedling Stage,14,23,81.0,0,2,0.6087,11.34
Carrot,Loam Soil,Seedling Stage,15,22,82.0,0,2,0.6818,12.3
Carrot,Loam Soil,Seedling Stage,16,21,83.0,0,2,0.7619,13.28
Carrot,Loam Soil,Seedling Stage,17,20,84.0,0,2,0.85,14.28
Carrot,Loam Soil,Seedling Stage,18,19,85.0,0,2,0.9474,15.3
Carrot,Loam Soil,Seedling Stage,19,18,86.0,0,2,1.0556,16.34
Carrot,Loam Soil,Seedling Stage,20,17,87.0,0,2,1.1765,17.4
Carrot,Loam Soil,Seedling Stage,21,16,88.0,0,2,1.3125,18.48
Carrot,Loam Soil,Seedling Stage,22,15,89.0,0,2,1.4667,19.58
Carrot,Loam Soil,Seedling Stage,23,14,90.0,0,2,1.6429,20.7
Carrot,Loam Soil,Seedling Stage,24,13,91.0,0,2,1.8462,21.84
Carrot,Loam Soil,Seedling Stage,25,24,80.0,0,2,1.0417,20.0
Carrot,Loam Soil,Seedling Stage,26,23,81.0,0,2,1.1304,21.06
Carrot,Loam Soil,Seedling Stage,27,22,82.0,0,2,1.2273,22.14
Carrot,Loam Soil,Seedling Stage,28,21,83.0,0,2,1.3333,23.24
Carrot,Loam Soil,Seedling Stage,29,20,84.0,0,2,1.45,24.36
Carrot,Loam Soil,Seedling Stage,30,19,85.0,0,2,1.5789,25.5
Carrot,Loam Soil,Seedling Stage,31,18,86.0,0,2,1.7222,26.66
Carrot,Loam Soil,Seedling Stage,32,17,87.0,0,2,1.8824,27.84
Carrot,Loam Soil,Seedling Stage,33,16,88.0,0,2,2.0625,29.04
Carrot,Loam Soil,Seedling Stage,34,15,89.0,0,2,2.2667,30.26
Carrot,Loam Soil,Seedling Stage,35,14,90.0,0,2,2.5,31.5
Carrot,Loam Soil,Seedling Stage,36,13,91.0,0,2,2.7692,32.76
Carrot,Loam Soil,Seedling Stage,37,24,80.0,0,2,1.5417,29.6
Carrot,Loam Soil,Seedling Stage,38,23,81.0,0,2,1.6522,30.78
Carrot,Loam Soil,Seedling Stage,39,22,82.0,0,2,1.7727,31.98
Carrot,Loam Soil,Seedling Stage,40,21,83.0,0,2,1.9048,33.2
Carrot,Loam Soil,Seedling Stage,41,20,84.0,0,2,2.05,34.44
Carrot,Loam Soil,Seedling Stage,42,19,85.0,0,2,2.2105,35.7
Carrot,Loam Soil,Seedling Stage,43,18,86.0,0,2,2.3889,36.98
Carrot,Loam Soil,Seedling Stage,44,17,87.0,0,2,2.5882,38.28
Carrot,Loam Soil,Seedling Stage,45,16,88.0,0,2,2.8125,39.6
Carrot,Loam Soil,Seedling Stage,46,15,89.0,0,2,3.0667,40.94
Carrot,Loam Soil,Seedling Stage,47,14,90.0,0,2,3.3571,42.3
Carrot,Loam Soil,Seedling Stage,48,13,91.0,0,2,3.6923,43.68
Carrot,Loam Soil,Seedling Stage,49,24,80.0,0,2,2.0417,39.2
Carrot,Loam Soil,Seedling Stage,50,23,81.0,0,2,2.1739,40.5
Carrot,Loam Soil,Seedling Stage,51,22,82.0,0,2,2.3182,41.82
Carrot,Loam Soil,Seedling Stage,52,21,83.0,0,2,2.4762,43.16
Carrot,Loam Soil,Seedling Stage,53,20,84.0,0,2,2.65,44.52
Carrot,Loam Soil,Seedling Stage,54,19,85.0,0,2,2.8421,45.9
Carrot,Loam Soil,Seedling Stage,55,18,86.0,0,2,3.0556,47.3
Carrot,Loam Soil,Seedling Stage,56,17,87.0,0,2,3.2941,48.72
Carrot,Loam Soil,Seedling Stage,57,16,88.0,0,2,3.5625,50.16
Carrot,Loam Soil,Seedling Stage,58,15,89.0,0,2,3.8667,51.62
Carrot,Loam Soil,Seedling Stage,59,14,90.0,0,2,4.2143,53.1
Carrot,Loam Soil,Seedling Stage,60,13,91.0,0,2,4.6154,54.6
Carrot,Loam Soil,Seedling Stage,61,24,80.0,0,2,2.5417,48.8
Carrot,Loam Soil,Seedling Stage,62,23,81.0,0,2,2.6957,50.22
Carrot,Loam Soil,Seedling Stage,63,22,82.0,0,2,2.8636,51.66
Carrot,Loam Soil,Seedling Stage,64,21,83.0,0,2,3.0476,53.12
Carrot,Loam Soil,Seedling Stage,65,20,84.0,0,2,3.25,54.6
Carrot,Loam Soil,Seedling Stage,66,19,85.0,0,2,3.4737,56.1
Carrot,Loam Soil,Seedling Stage,67,18,86.0,0,2,3.7222,57.62
Carrot,Loam Soil,Seedling Stage,68,17,87.0,0,2,4.0,59.16
Carrot,Loam Soil,Seedling Stage,69,16,88.0,0,2,4.3125,60.72
Carrot,Loam Soil,Vegetative Growth / Root or Tuber Development,1,24,80.0,0,3,0.0417,0.8
Carrot,Loam Soil,Vegetative Growth / Root or Tuber Development,2,23,81.0,0,3,0.087,1.62
Carrot,Loam Soil,Vegetative Growth / Root or Tuber Development,3,22,82.0,0,3,0.1364,2.46
Carrot,Loam Soil,Vegetative Growth / Root or Tuber Development,4,21,83.0,0,3,0.1905,3.32
Carrot,Loam Soil,Vegetative Growth / Root or Tuber Development,5,20,84.0,0,3,0.25,4.2
Carrot,Loam Soil,Vegetative Growth / Root or Tuber Development,6,19,85.0,0,3,0.3158,5.1
Carrot,Loam Soil,Vegetative Growth / Root or Tuber Development,7,18,86.0,0,3,0.3889,6.02
Carrot,Loam Soil,Vegetative Growth / Root or Tuber Development,8,17,87.0,0,3,0.4706,6.96
Carrot,Loam Soil,Vegetative Growth / Root or Tuber Development,9,16,88.0,0,3,0.5625,7.92
Carrot,Loam Soil,Vegetative Growth / Root or Tuber Development,10,15,89.0,0,3,0.6667,8.9
Carrot,Loam Soil,Vegetative Growth / Root or Tuber Development,11,14,90.0,0,3,0.7857,9.9
Carrot,Loam Soil,Vegetative Growth / Root or Tuber Development,12,13,91.0,0,3,0.9231,10.92
Carrot,Loam Soil,Vegetative Growth / Root or Tuber Development,13,24,80.0,0,3,0.5417,10.4
Carrot,Loam Soil,Vegetative Growth / Root or Tuber Development,14,23,81.0,0,3,0.6087,11.34
Carrot,Loam Soil,Vegetative Growth / Root or Tuber Development,15,22,82.0,0,3,0.6818,12.3
Carrot,Loam Soil,Vegetative Growth / Root or Tuber Development,16,21,83.0,0,3,0.7619,13.28
Carrot,Loam Soil,Vegetative Growth / Root or Tuber Development,17,20,84.0,0,3,0.85,14.28
Carrot,Loam Soil,Vegetative Growth / Root or Tuber Development,18,19,85.0,0,3,0.9474,15.3
Carrot,Loam Soil,Vegetative Growth / Root or Tuber Development,19,18,86.0,0,3,1.0556,16.34
Carrot,Loam Soil,Vegetative Growth / Root or Tuber Development,20,17,87.0,0,3,1.1765,17.4
Carrot,Loam Soil,Vegetative Growth / Root or Tuber Development,21,16,88.0,0,3,1.3125,18.48
Carrot,Loam Soil,Vegetative Growth / Root or Tuber Development,22,15,89.0,0,3,1.4667,19.58
Carrot,Loam Soil,Vegetative Growth / Root or Tuber Development,23,14,90.0,0,3,1.6429,20.7
Carrot,Loam Soil,Vegetative Growth / Root or Tuber Development,24,13,91.0,0,3,1.8462,21.84
Carrot,Loam Soil,Vegetative Growth / Root or Tuber Development,25,24,80.0,0,3,1.0417,20.0
Carrot,Loam Soil,Vegetative Growth / Root or Tuber Development,26,23,81.0,0,3,1.1304,21.06
Carrot,Loam Soil,Vegetative Growth / Root or Tuber Development,27,22,82.0,0,3,1.2273,22.14
Carrot,Loam Soil,Vegetative Growth / Root or Tuber Development,28,21,83.0,0,3,1.3333,23.24
Carrot,Loam Soil,Vegetative Growth / Root or Tuber Development,29,20,84.0,0,3,1.45,24.36
Carrot,Loam Soil,Vegetative Growth / Root or Tuber Development,30,19,85.0,0,3,1.5789,25.5
Carrot,Loam Soil,Vegetative Growth / Root or Tuber Development,31,18,86.0,0,3,1.7222,26.66
Carrot,Loam Soil,Vegetative Growth / Root or Tuber Development,32,17,87.0,0,3,1.8824,27.84
Carrot,Loam Soil,Vegetative Growth / Root or Tuber Development,33,16,88.0,0,3,2.0625,29.04
Carrot,Loam Soil,Vegetative Growth / Root or Tuber Development,34,15,89.0,0,3,2.2667,30.26
Carrot,Loam Soil,Vegetative Growth / Root or Tuber Development,35,14,90.0,0,3,2.5,31.5
Carrot,Loam Soil,Vegetative Growth / Root or Tuber Development,36,13,91.0,0,3,2.7692,32.76
Carrot,Loam Soil,Vegetative Growth / Root or Tuber Development,37,24,80.0,0,3,1.5417,29.6
Carrot,Loam Soil,Vegetative Growth / Root or Tuber Development,38,23,81.0,0,3,1.6522,30.78
Carrot,Loam Soil,Vegetative Growth / Root or Tuber Development,39,22,82.0,0,3,1.7727,31.98
Carrot,Loam Soil,Vegetative Growth / Root or Tuber Development,40,21,83.0,0,3,1.9048,33.2
Carrot,Loam Soil,Vegetative Growth / Root or Tuber Development,41,20,84.0,0,3,2.05,34.44
Carrot,Loam Soil,Vegetative Growth / Root or Tuber Development,42,19,85.0,0,3,2.2105,35.7
Carrot,Loam Soil,Vegetative Growth / Root or Tuber Development,43,18,86.0,0,3,2.3889,36.98
Carrot,Loam Soil,Vegetative Growth / Root or Tuber Development,44,17,87.0,0,3,2.5882,38.28
Carrot,Loam Soil,Vegetative Growth / Root or Tuber Development,45,16,88.0,0,3,2.8125,39.6
Carrot,Loam Soil,Vegetative Growth / Root or Tuber Development,46,15,89.0,0,3,3.0667,40.94
Carrot,Loam Soil,Vegetative Growth / Root or Tuber Development,47,14,90.0,0,3,3.3571,42.3
Carrot,Loam Soil,Vegetative Growth / Root or Tuber Development,48,13,91.0,0,3,3.6923,43.68
Carrot,Loam Soil,Vegetative Growth / Root or Tuber Development,49,24,80.0,0,3,2.0417,39.2
Carrot,Loam Soil,Vegetative Growth / Root or Tuber Development,50,23,81.0,0,3,2.1739,40.5
Carrot,Loam Soil,Vegetative Growth / Root or Tuber Development,51,22,82.0,0,3,2.3182,41.82
Carrot,Loam Soil,Vegetative Growth / Root or Tuber Development,52,21,83.0,0,3,2.4762,43.16
Carrot,Loam Soil,Vegetative Growth / Root or Tuber Development,53,20,84.0,0,3,2.65,44.52
Carrot,Loam Soil,Vegetative Growth / Root or Tuber Development,54,19,85.0,0,3,2.8421,45.9
Carrot,Loam Soil,Vegetative Growth / Root or Tuber Development,55,18,86.0,0,3,3.0556,47.3
Carrot,Loam Soil,Vegetative Growth / Root or Tuber Development,56,17,87.0,0,3,3.2941,48.72
Carrot,Loam Soil,Vegetative Growth / Root or Tuber Development,57,16,88.0,0,3,3.5625,50.16
Carrot,Loam Soil,Vegetative Growth / Root or Tuber Development,58,15,89.0,0,3,3.8667,51.62
Carrot,Loam Soil,Vegetative Growth / Root or Tuber Development,59,14,90.0,0,3,4.2143,53.1
Carrot,Sandy Soil,Flowering,1,24,80.0,0,4,0.0417,0.8
Carrot,Sandy Soil,Flowering,2,23,81.0,0,4,0.087,1.62
Carrot,Sandy Soil,Flowering,3,22,82.0,0,4,0.1364,2.46
Carrot,Sandy Soil,Flowering,4,21,83.0,0,4,0.1905,3.32
Carrot,Sandy Soil,Flowering,5,20,84.0,0,4,0.25,4.2
Carrot,Sandy Soil,Flowering,6,19,85.0,0,4,0.3158,5.1
Carrot,Sandy Soil,Flowering,7,18,86.0,0,4,0.3889,6.02
Carrot,Sandy Soil,Flowering,8,17,87.0,0,4,0.4706,6.96
Carrot,Sandy Soil,Flowering,9,16,88.0,0,4,0.5625,7.92
Carrot,Sandy Soil,Flowering,10,15,89.0,0,4,0.6667,8.9
Carrot,Sandy Soil,Flowering,11,14,90.0,0,4,0.7857,9.9
Carrot,Sandy Soil,Flowering,12,13,91.0,0,4,0.9231,10.92
Carrot,Sandy Soil,Flowering,13,24,80.0,0,4,0.5417,10.4
Carrot,Sandy Soil,Flowering,14,23,81.0,0,4,0.6087,11.34
Carrot,Sandy Soil,Flowering,15,22,82.0,0,4,0.6818,12.3
Carrot,Sandy Soil,Flowering,16,21,83.0,0,4,0.7619,13.28
Carrot,Sandy Soil,Flowering,17,20,84.0,0,4,0.85,14.28
Carrot,Sandy Soil,Flowering,18,19,85.0,0,4,0.9474,15.3
Carrot,Sandy Soil,Flowering,19,18,86.0,0,4,1.0556,16.34
Carrot,Sandy Soil,Flowering,20,17,87.0,0,4,1.1765,17.4
Carrot,Sandy Soil,Flowering,21,16,88.0,0,4,1.3125,18.48
Carrot,Sandy Soil,Flowering,22,15,89.0,0,4,1.4667,19.58
Carrot,Sandy Soil,Flowering,23,14,90.0,0,4,1.6429,20.7
Carrot,Sandy Soil,Flowering,24,13,91.0,0,4,1.8462,21.84
Carrot,Sandy Soil,Flowering,25,24,80.0,0,4,1.0417,20.0
Carrot,Sandy Soil,Flowering,26,23,81.0,0,4,1.1304,21.06
Carrot,Sandy Soil,Flowering,27,22,82.0,0,4,1.2273,22.14
Carrot,Sandy Soil,Flowering,28,21,83.0,0,4,1.3333,23.24
Carrot,Sandy Soil,Flowering,29,20,84.0,0,4,1.45,24.36
Carrot,Sandy Soil,Flowering,30,19,85.0,0,4,1.5789,25.5
Carrot,Sandy Soil,Flowering,31,18,86.0,0,4,1.7222,26.66
Carrot,Sandy Soil,Flowering,32,17,87.0,0,4,1.8824,27.84
Carrot,Sandy Soil,Flowering,33,16,88.0,0,4,2.0625,29.04
Carrot,Sandy Soil,Flowering,34,15,89.0,0,4,2.2667,30.26
Carrot,Sandy Soil,Flowering,35,14,90.0,0,4,2.5,31.5
Carrot,Sandy Soil,Flowering,36,13,91.0,0,4,2.7692,32.76
Carrot,Sandy Soil,Flowering,37,24,80.0,0,4,1.5417,29.6
Carrot,Sandy Soil,Flowering,38,23,81.0,0,4,1.6522,30.78
Carrot,Sandy Soil,Flowering,39,22,82.0,0,4,1.7727,31.98
Carrot,Sandy Soil,Flowering,40,21,83.0,0,4,1.9048,33.2
Carrot,Sandy Soil,Flowering,41,20,84.0,0,4,2.05,34.44
Carrot,Sandy Soil,Flowering,42,19,85.0,0,4,2.2105,35.7
Carrot,Sandy Soil,Flowering,43,18,86.0,0,4,2.3889,36.98
Carrot,Sandy Soil,Flowering,44,17,87.0,0,4,2.5882,38.28
Carrot,Sandy Soil,Flowering,45,16,88.0,0,4,2.8125,39.6
Carrot,Sandy Soil,Flowering,46,15,89.0,0,4,3.0667,40.94
Carrot,Sandy Soil,Flowering,47,14,90.0,0,4,3.3571,42.3
Carrot,Sandy Soil,Flowering,48,13,91.0,0,4,3.6923,43.68
Carrot,Sandy Soil,Flowering,49,24,80.0,0,4,2.0417,39.2
Carrot,Sandy Soil,Flowering,50,23,81.0,0,4,2.1739,40.5
Carrot,Sandy Soil,Flowering,51,22,82.0,0,4,2.3182,41.82
Carrot,Sandy Soil,Flowering,52,21,83.0,0,4,2.4762,43.16
Carrot,Sandy Soil,Flowering,53,20,84.0,0,4,2.65,44.52
Carrot,Sandy Soil,Flowering,54,19,85.0,0,4,2.8421,45.9
Carrot,Sandy Soil,Flowering,55,18,86.0,0,4,3.0556,47.3
Carrot,Sandy Soil,Flowering,56,17,87.0,0,4,3.2941,48.72
Carrot,Sandy Soil,Flowering,57,16,88.0,0,4,3.5625,50.16
Carrot,Sandy Soil,Flowering,58,15,89.0,0,4,3.8667,51.62
Carrot,Sandy Soil,Flowering,59,14,90.0,0,4,4.2143,53.1
Carrot,Sandy Soil,Flowering,60,24,80.0,0,4,2.5,48.0
Carrot,Sandy Soil,Flowering,61,23,81.0,0,4,2.6522,49.41
Carrot,Sandy Soil,Flowering,62,22,82.0,0,4,2.8182,50.84
Carrot,Sandy Soil,Flowering,63,21,83.0,0,4,3.0,52.29
Carrot,Sandy Soil,Flowering,64,20,84.0,0,4,3.2,53.76
Carrot,Sandy Soil,Flowering,65,19,85.0,0,4,3.4211,55.25
Carrot,Sandy Soil,Flowering,66,18,86.0,0,4,3.6667,56.76
Carrot,Sandy Soil,Flowering,67,17,87.0,0,4,3.9412,58.29
Carrot,Sandy Soil,Flowering,68,16,88.0,0,4,4.25,59.84
Carrot,Sandy Soil,Flowering,69,15,89.0,0,4,4.6,61.41
Carrot,Loam Soil,Pollination,1,24,80.0,0,5,0.0417,0.8
Carrot,Loam Soil,Pollination,2,23,81.0,0,5,0.087,1.62
Carrot,Loam Soil,Pollination,3,22,82.0,0,5,0.1364,2.46
Carrot,Loam Soil,Pollination,4,21,83.0,0,5,0.1905,3.32
Carrot,Loam Soil,Pollination,5,20,84.0,0,5,0.25,4.2
Carrot,Loam Soil,Pollination,6,19,85.0,0,5,0.3158,5.1
Carrot,Loam Soil,Pollination,7,18,86.0,0,5,0.3889,6.02
Carrot,Loam Soil,Pollination,8,17,87.0,0,5,0.4706,6.96
Carrot,Loam Soil,Pollination,9,16,88.0,0,5,0.5625,7.92
Carrot,Loam Soil,Pollination,10,15,89.0,0,5,0.6667,8.9
Carrot,Loam Soil,Pollination,11,14,90.0,0,5,0.7857,9.9
Carrot,Loam Soil,Pollination,12,13,91.0,0,5,0.9231,10.92
Carrot,Loam Soil,Pollination,13,24,80.0,0,5,0.5417,10.4
Carrot,Loam Soil,Pollination,14,23,81.0,0,5,0.6087,11.34
Carrot,Loam Soil,Pollination,15,22,82.0,0,5,0.6818,12.3
Carrot,Loam Soil,Pollination,16,21,83.0,0,5,0.7619,13.28
Carrot,Loam Soil,Pollination,17,20,84.0,0,5,0.85,14.28
Carrot,Loam Soil,Pollination,18,19,85.0,0,5,0.9474,15.3
Carrot,Loam Soil,Pollination,19,18,86.0,0,5,1.0556,16.34
Carrot,Loam Soil,Pollination,20,17,87.0,0,5,1.1765,17.4
Carrot,Loam Soil,Pollination,21,16,88.0,0,5,1.3125,18.48
Carrot,Loam Soil,Pollination,22,15,89.0,0,5,1.4667,19.58
Carrot,Loam Soil,Pollination,23,14,90.0,0,5,1.6429,20.7
Carrot,Loam Soil,Pollination,24,13,91.0,0,5,1.8462,21.84
Carrot,Loam Soil,Pollination,25,24,80.0,0,5,1.0417,20.0
Carrot,Loam Soil,Pollination,26,23,81.0,0,5,1.1304,21.06
Carrot,Loam Soil,Pollination,27,22,82.0,0,5,1.2273,22.14
Carrot,Loam Soil,Pollination,28,21,83.0,0,5,1.3333,23.24
Carrot,Loam Soil,Pollination,29,20,84.0,0,5,1.45,24.36
Carrot,Loam Soil,Pollination,30,19,85.0,0,5,1.5789,25.5
Carrot,Loam Soil,Pollination,31,18,86.0,0,5,1.7222,26.66
Carrot,Loam Soil,Pollination,32,17,87.0,0,5,1.8824,27.84
Carrot,Loam Soil,Pollination,33,16,88.0,0,5,2.0625,29.04
Carrot,Loam Soil,Pollination,34,15,89.0,0,5,2.2667,30.26
Carrot,Loam Soil,Pollination,35,14,90.0,0,5,2.5,31.5
Carrot,Loam Soil,Pollination,36,13,91.0,0,5,2.7692,32.76
Carrot,Loam Soil,Pollination,37,24,80.0,0,5,1.5417,29.6
Carrot,Loam Soil,Pollination,38,23,81.0,0,5,1.6522,30.78
Carrot,Loam Soil,Pollination,39,22,82.0,0,5,1.7727,31.98
Carrot,Loam Soil,Pollination,40,21,83.0,0,5,1.9048,33.2
Carrot,Loam Soil,Pollination,41,20,84.0,0,5,2.05,34.44
Carrot,Loam Soil,Pollination,42,19,85.0,0,5,2.2105,35.7
Carrot,Loam Soil,Pollination,43,18,86.0,0,5,2.3889,36.98
Carrot,Loam Soil,Pollination,44,17,87.0,0,5,2.5882,38.28
Carrot,Loam Soil,Pollination,45,16,88.0,0,5,2.8125,39.6
Carrot,Loam Soil,Pollination,46,15,89.0,0,5,3.0667,40.94
Carrot,Loam Soil,Pollination,47,14,90.0,0,5,3.3571,42.3
Carrot,Loam Soil,Pollination,48,13,91.0,0,5,3.6923,43.68
Carrot,Loam Soil,Pollination,49,24,80.0,0,5,2.0417,39.2
Carrot,Sandy Soil,Germination,1,24,80.0,0,1,0.0417,0.8
Carrot,Sandy Soil,Germination,2,23,81.0,0,1,0.087,1.62
Carrot,Sandy Soil,Germination,3,22,82.0,0,1,0.1364,2.46
Carrot,Sandy Soil,Germination,4,21,83.0,0,1,0.1905,3.32
Carrot,Sandy Soil,Germination,5,20,84.0,0,1,0.25,4.2
Carrot,Sandy Soil,Germination,6,19,85.0,0,1,0.3158,5.1
Carrot,Sandy Soil,Germination,7,18,86.0,0,1,0.3889,6.02
Carrot,Sandy Soil,Germination,8,17,87.0,0,1,0.4706,6.96
Carrot,Sandy Soil,Germination,9,16,88.0,0,1,0.5625,7.92
Carrot,Sandy Soil,Germination,10,15,89.0,0,1,0.6667,8.9
Carrot,Sandy Soil,Germination,11,14,90.0,0,1,0.7857,9.9
Carrot,Sandy Soil,Germination,12,13,91.0,0,1,0.9231,10.92
Carrot,Sandy Soil,Germination,13,24,80.0,0,1,0.5417,10.4
Carrot,Sandy Soil,Germination,14,23,81.0,0,1,0.6087,11.34
Carrot,Sandy Soil,Germination,15,22,82.0,0,1,0.6818,12.3
Carrot,Sandy Soil,Germination,16,21,83.0,0,1,0.7619,13.28
Carrot,Sandy Soil,Germination,17,20,84.0,0,1,0.85,14.28
Carrot,Sandy Soil,Germination,18,19,85.0,0,1,0.9474,15.3
Carrot,Sandy Soil,Germination,19,18,86.0,0,1,1.0556,16.34
Carrot,Sandy Soil,Germination,20,17,87.0,0,1,1.1765,17.4
Carrot,Sandy Soil,Germination,21,16,88.0,0,1,1.3125,18.48
Carrot,Sandy Soil,Germination,22,15,89.0,0,1,1.4667,19.58
Carrot,Sandy Soil,Germination,23,14,90.0,0,1,1.6429,20.7
Carrot,Sandy Soil,Germination,24,13,91.0,0,1,1.8462,21.84
Carrot,Sandy Soil,Germination,25,24,80.0,0,1,1.0417,20.0
Carrot,Sandy Soil,Germination,26,23,81.0,0,1,1.1304,21.06
Carrot,Sandy Soil,Germination,27,22,82.0,0,1,1.2273,22.14
Carrot,Sandy Soil,Germination,28,21,83.0,0,1,1.3333,23.24
Carrot,Sandy Soil,Germination,29,20,84.0,0,1,1.45,24.36
Carrot,Sandy Soil,Germination,30,19,85.0,0,1,1.5789,25.5
Carrot,Sandy Soil,Germination,31,18,86.0,0,1,1.7222,26.66
Carrot,Sandy Soil,Germination,32,17,87.0,0,1,1.8824,27.84
Carrot,Sandy Soil,Germination,33,16,88.0,0,1,2.0625,29.04
Carrot,Sandy Soil,Germination,34,15,89.0,0,1,2.2667,30.26
Carrot,Sandy Soil,Germination,35,14,90.0,0,1,2.5,31.5
Carrot,Sandy Soil,Germination,36,13,91.0,0,1,2.7692,32.76
Carrot,Sandy Soil,Germination,37,24,80.0,0,1,1.5417,29.6
Carrot,Sandy Soil,Germination,38,23,81.0,0,1,1.6522,30.78
Carrot,Sandy Soil,Germination,39,22,82.0,0,1,1.7727,31.98
Carrot,Sandy Soil,Germination,40,21,83.0,0,1,1.9048,33.2
Carrot,Sandy Soil,Germination,41,20,84.0,0,1,2.05,34.44
Carrot,Sandy Soil,Germination,42,19,85.0,0,1,2.2105,35.7
Carrot,Sandy Soil,Germination,43,18,86.0,0,1,2.3889,36.98
Carrot,Sandy Soil,Germination,44,17,87.0,0,1,2.5882,38.28
Carrot,Sandy Soil,Germination,45,16,88.0,0,1,2.8125,39.6
Carrot,Sandy Soil,Germination,46,15,89.0,0,1,3.0667,40.94
Carrot,Sandy Soil,Germination,47,14,90.0,0,1,3.3571,42.3
Carrot,Sandy Soil,Germination,48,13,91.0,0,1,3.6923,43.68
Carrot,Sandy Soil,Germination,49,24,80.0,0,1,2.0417,39.2
Carrot,Sandy Soil,Germination,50,23,81.0,0,1,2.1739,40.5
Carrot,Sandy Soil,Germination,51,22,82.0,0,1,2.3182,41.82
Carrot,Sandy Soil,Germination,52,21,83.0,0,1,2.4762,43.16
Carrot,Sandy Soil,Germination,53,20,84.0,0,1,2.65,44.52
Carrot,Sandy Soil,Germination,54,19,85.0,0,1,2.8421,45.9
Carrot,Sandy Soil,Germination,55,18,86.0,0,1,3.0556,47.3
Carrot,Sandy Soil,Germination,56,17,87.0,0,1,3.2941,48.72
Carrot,Sandy Soil,Germination,57,16,88.0,0,1,3.5625,50.16
Carrot,Sandy Soil,Germination,58,15,89.0,0,1,3.8667,51.62
Carrot,Sandy Soil,Germination,59,14,90.0,0,1,4.2143,53.1
Carrot,Sandy Soil,Germination,60,13,91.0,0,1,4.6154,54.6
Carrot,Sandy Soil,Germination,61,24,80.0,0,1,2.5417,48.8
Carrot,Sandy Soil,Germination,62,23,81.0,0,1,2.6957,50.22
Carrot,Sandy Soil,Germination,63,22,82.0,0,1,2.8636,51.66
Carrot,Sandy Soil,Germination,64,21,83.0,0,1,3.0476,53.12
Carrot,Sandy Soil,Germination,65,20,84.0,0,1,3.25,54.6
Carrot,Sandy Soil,Germination,66,19,85.0,0,1,3.4737,56.1
Carrot,Sandy Soil,Germination,67,18,86.0,0,1,3.7222,57.62
Carrot,Sandy Soil,Germination,68,17,87.0,0,1,4.0,59.16
Carrot,Sandy Soil,Germination,69,16,88.0,0,1,4.3125,60.72
Carrot,Sandy Soil,Germination,70,15,89.0,0,1,4.6667,62.3
Carrot,Sandy Soil,Germination,71,14,90.0,0,1,5.0714,63.9
Carrot,Sandy Soil,Germination,72,13,91.0,0,1,5.5385,65.52
Carrot,Sandy Soil,Germination,73,24,80.0,0,1,3.0417,58.4
Carrot,Sandy Soil,Germination,74,23,81.0,0,1,3.2174,59.94
Carrot,Sandy Soil,Germination,75,22,82.0,0,1,3.4091,61.5
Carrot,Sandy Soil,Germination,76,21,83.0,0,1,3.619,63.08
Carrot,Sandy Soil,Germination,77,20,84.0,0,1,3.85,64.68
Carrot,Sandy Soil,Germination,78,19,85.0,0,1,4.1053,66.3
Carrot,Sandy Soil,Germination,79,18,86.0,0,1,4.3889,67.94
Carrot,Sandy Soil,Seedling Stage,1,24,80.0,0,2,0.0417,0.8
Carrot,Sandy Soil,Seedling Stage,2,23,81.0,0,2,0.087,1.62
Carrot,Sandy Soil,Seedling Stage,3,22,82.0,0,2,0.1364,2.46
Carrot,Sandy Soil,Seedling Stage,4,21,83.0,0,2,0.1905,3.32
Carrot,Sandy Soil,Seedling Stage,5,20,84.0,0,2,0.25,4.2
Carrot,Sandy Soil,Seedling Stage,6,19,85.0,0,2,0.3158,5.1
Carrot,Sandy Soil,Seedling Stage,7,18,86.0,0,2,0.3889,6.02
Carrot,Sandy Soil,Seedling Stage,8,17,87.0,0,2,0.4706,6.96
Carrot,Sandy Soil,Seedling Stage,9,16,88.0,0,2,0.5625,7.92
Carrot,Sandy Soil,Seedling Stage,10,15,89.0,0,2,0.6667,8.9
Carrot,Sandy Soil,Seedling Stage,11,14,90.0,0,2,0.7857,9.9
Carrot,Sandy Soil,Seedling Stage,12,13,91.0,0,2,0.9231,10.92
Carrot,Sandy Soil,Seedling Stage,13,24,80.0,0,2,0.5417,10.4
Carrot,Sandy Soil,Seedling Stage,14,23,81.0,0,2,0.6087,11.34
Carrot,Sandy Soil,Seedling Stage,15,22,82.0,0,2,0.6818,12.3
Carrot,Sandy Soil,Seedling Stage,16,21,83.0,0,2,0.7619,13.28
Carrot,Sandy Soil,Seedling Stage,17,20,84.0,0,2,0.85,14.28
Carrot,Sandy Soil,Seedling Stage,18,19,85.0,0,2,0.9474,15.3
Carrot,Sandy Soil,Seedling Stage,19,18,86.0,0,2,1.0556,16.34
Carrot,Sandy Soil,Seedling Stage,20,17,87.0,0,2,1.1765,17.4
Carrot,Sandy Soil,Seedling Stage,21,16,88.0,0,2,1.3125,18.48
Carrot,Sandy Soil,Seedling Stage,22,15,89.0,0,2,1.4667,19.58
Carrot,Sandy Soil,Seedling Stage,23,14,90.0,0,2,1.6429,20.7
Carrot,Sandy Soil,Seedling Stage,24,13,91.0,0,2,1.8462,21.84
Carrot,Sandy Soil,Seedling Stage,25,24,80.0,0,2,1.0417,20.0
Carrot,Sandy Soil,Seedling Stage,26,23,81.0,0,2,1.1304,21.06
Carrot,Sandy Soil,Seedling Stage,27,22,82.0,0,2,1.2273,22.14
Carrot,Sandy Soil,Seedling Stage,28,21,83.0,0,2,1.3333,23.24
Carrot,Sandy Soil,Seedling Stage,29,20,84.0,0,2,1.45,24.36
Carrot,Sandy Soil,Seedling Stage,30,19,85.0,0,2,1.5789,25.5
Carrot,Sandy Soil,Seedling Stage,31,18,86.0,0,2,1.7222,26.66
Carrot,Sandy Soil,Seedling Stage,32,17,87.0,0,2,1.8824,27.84
Carrot,Sandy Soil,Seedling Stage,33,16,88.0,0,2,2.0625,29.04
Carrot,Sandy Soil,Seedling Stage,34,15,89.0,0,2,2.2667,30.26
Carrot,Sandy Soil,Seedling Stage,35,14,90.0,0,2,2.5,31.5
Carrot,Sandy Soil,Seedling Stage,36,13,91.0,0,2,2.7692,32.76
Carrot,Sandy Soil,Seedling Stage,37,24,80.0,0,2,1.5417,29.6
Carrot,Sandy Soil,Seedling Stage,38,23,81.0,0,2,1.6522,30.78
Carrot,Sandy Soil,Seedling Stage,39,22,82.0,0,2,1.7727,31.98
Carrot,Sandy Soil,Seedling Stage,40,21,83.0,0,2,1.9048,33.2
Carrot,Sandy Soil,Seedling Stage,41,20,84.0,0,2,2.05,34.44
Carrot,Sandy Soil,Seedling Stage,42,19,85.0,0,2,2.2105,35.7
Carrot,Sandy Soil,Seedling Stage,43,18,86.0,0,2,2.3889,36.98
Carrot,Sandy Soil,Seedling Stage,44,17,87.0,0,2,2.5882,38.28
Carrot,Sandy Soil,Seedling Stage,45,16,88.0,0,2,2.8125,39.6
Carrot,Sandy Soil,Seedling Stage,46,15,89.0,0,2,3.0667,40.94
Carrot,Sandy Soil,Seedling Stage,47,14,90.0,0,2,3.3571,42.3
Carrot,Sandy Soil,Seedling Stage,48,13,91.0,0,2,3.6923,43.68
Carrot,Sandy Soil,Seedling Stage,49,24,80.0,0,2,2.0417,39.2
Carrot,Sandy Soil,Seedling Stage,50,23,81.0,0,2,2.1739,40.5
Carrot,Sandy Soil,Seedling Stage,51,22,82.0,0,2,2.3182,41.82
Carrot,Sandy Soil,Seedling Stage,52,21,83.0,0,2,2.4762,43.16
Carrot,Sandy Soil,Seedling Stage,53,20,84.0,0,2,2.65,44.52
Carrot,Sandy Soil,Seedling Stage,54,19,85.0,0,2,2.8421,45.9
Carrot,Sandy Soil,Seedling Stage,55,18,86.0,0,2,3.0556,47.3
Carrot,Sandy Soil,Seedling Stage,56,17,87.0,0,2,3.2941,48.72
Carrot,Sandy Soil,Seedling Stage,57,16,88.0,0,2,3.5625,50.16
Carrot,Sandy Soil,Seedling Stage,58,15,89.0,0,2,3.8667,51.62
Carrot,Sandy Soil,Seedling Stage,59,14,90.0,0,2,4.2143,53.1
Carrot,Sandy Soil,Seedling Stage,60,13,91.0,0,2,4.6154,54.6
Carrot,Sandy Soil,Seedling Stage,61,24,80.0,0,2,2.5417,48.8
Carrot,Sandy Soil,Seedling Stage,62,23,81.0,0,2,2.6957,50.22
Carrot,Sandy Soil,Seedling Stage,63,22,82.0,0,2,2.8636,51.66
Carrot,Sandy Soil,Seedling Stage,64,21,83.0,0,2,3.0476,53.12
Carrot,Sandy Soil,Seedling Stage,65,20,84.0,0,2,3.25,54.6
Carrot,Sandy Soil,Seedling Stage,66,19,85.0,0,2,3.4737,56.1
Carrot,Sandy Soil,Seedling Stage,67,18,86.0,0,2,3.7222,57.62
Carrot,Sandy Soil,Seedling Stage,68,17,87.0,0,2,4.0,59.16
Carrot,Sandy Soil,Seedling Stage,69,16,88.0,0,2,4.3125,60.72
Carrot,Sandy Soil,Vegetative Growth / Root or Tuber Development,1,24,80.0,0,3,0.0417,0.8
Carrot,Sandy Soil,Vegetative Growth / Root or Tuber Development,2,23,81.0,0,3,0.087,1.62
Carrot,Sandy Soil,Vegetative Growth / Root or Tuber Development,3,22,82.0,0,3,0.1364,2.46
Carrot,Sandy Soil,Vegetative Growth / Root or Tuber Development,4,21,83.0,0,3,0.1905,3.32
Carrot,Sandy Soil,Vegetative Growth / Root or Tuber Development,5,20,84.0,0,3,0.25,4.2
Carrot,Sandy Soil,Vegetative Growth / Root or Tuber Development,6,19,85.0,0,3,0.3158,5.1
Carrot,Sandy Soil,Vegetative Growth / Root or Tuber Development,7,18,86.0,0,3,0.3889,6.02
Carrot,Sandy Soil,Vegetative Growth / Root or Tuber Development,8,17,87.0,0,3,0.4706,6.96
Carrot,Sandy Soil,Vegetative Growth / Root or Tuber Development,9,16,88.0,0,3,0.5625,7.92
Carrot,Sandy Soil,Vegetative Growth / Root or Tuber Development,10,15,89.0,0,3,0.6667,8.9
Carrot,Sandy Soil,Vegetative Growth / Root or Tuber Development,11,14,90.0,0,3,0.7857,9.9
Carrot,Sandy Soil,Vegetative Growth / Root or Tuber Development,12,13,91.0,0,3,0.9231,10.92
Carrot,Sandy Soil,Vegetative Growth / Root or Tuber Development,13,24,80.0,0,3,0.5417,10.4
Carrot,Sandy Soil,Vegetative Growth / Root or Tuber Development,14,23,81.0,0,3,0.6087,11.34
Carrot,Sandy Soil,Vegetative Growth / Root or Tuber Development,15,22,82.0,0,3,0.6818,12.3
Carrot,Sandy Soil,Vegetative Growth / Root or Tuber Development,16,21,83.0,0,3,0.7619,13.28
Carrot,Sandy Soil,Vegetative Growth / Root or Tuber Development,17,20,84.0,0,3,0.85,14.28
Carrot,Sandy Soil,Vegetative Growth / Root or Tuber Development,18,19,85.0,0,3,0.9474,15.3
Carrot,Sandy Soil,Vegetative Growth / Root or Tuber Development,19,18,86.0,0,3,1.0556,16.34
Carrot,Sandy Soil,Vegetative Growth / Root or Tuber Development,20,17,87.0,0,3,1.1765,17.4
Carrot,Sandy Soil,Vegetative Growth / Root or Tuber Development,21,16,88.0,0,3,1.3125,18.48
Carrot,Sandy Soil,Vegetative Growth / Root or Tuber Development,22,15,89.0,0,3,1.4667,19.58
Carrot,Sandy Soil,Vegetative Growth / Root or Tuber Development,23,14,90.0,0,3,1.6429,20.7
Carrot,Sandy Soil,Vegetative Growth / Root or Tuber Development,24,13,91.0,0,3,1.8462,21.84
Carrot,Sandy Soil,Vegetative Growth / Root or Tuber Development,25,24,80.0,0,3,1.0417,20.0
Carrot,Sandy Soil,Vegetative Growth / Root or Tuber Development,26,23,81.0,0,3,1.1304,21.06
Carrot,Sandy Soil,Vegetative Growth / Root or Tuber Development,27,22,82.0,0,3,1.2273,22.14
Carrot,Sandy Soil,Vegetative Growth / Root or Tuber Development,28,21,83.0,0,3,1.3333,23.24
Carrot,Sandy Soil,Vegetative Growth / Root or Tuber Development,29,20,84.0,0,3,1.45,24.36
Carrot,Sandy Soil,Vegetative Growth / Root or Tuber Development,30,19,85.0,0,3,1.5789,25.5
Carrot,Sandy Soil,Vegetative Growth / Root or Tuber Development,31,18,86.0,0,3,1.7222,26.66
Carrot,Sandy Soil,Vegetative Growth / Root or Tuber Development,32,17,87.0,0,3,1.8824,27.84
Carrot,Sandy Soil,Vegetative Growth / Root or Tuber Development,33,16,88.0,0,3,2.0625,29.04
Carrot,Sandy Soil,Vegetative Growth / Root or Tuber Development,34,15,89.0,0,3,2.2667,30.26
Carrot,Sandy Soil,Vegetative Growth / Root or Tuber Development,35,14,90.0,0,3,2.5,31.5
Carrot,Sandy Soil,Vegetative Growth / Root or Tuber Development,36,13,91.0,0,3,2.7692,32.76
Carrot,Sandy Soil,Vegetative Growth / Root or Tuber Development,37,24,80.0,0,3,1.5417,29.6
Carrot,Sandy Soil,Vegetative Growth / Root or Tuber Development,38,23,81.0,0,3,1.6522,30.78
Carrot,Sandy Soil,Vegetative Growth / Root or Tuber Development,39,22,82.0,0,3,1.7727,31.98
Carrot,Sandy Soil,Vegetative Growth / Root or Tuber Development,40,21,83.0,0,3,1.9048,33.2
Carrot,Sandy Soil,Vegetative Growth / Root or Tuber Development,41,20,84.0,0,3,2.05,34.44
Carrot,Sandy Soil,Vegetative Growth / Root or Tuber Development,42,19,85.0,0,3,2.2105,35.7
Carrot,Sandy Soil,Vegetative Growth / Root or Tuber Development,43,18,86.0,0,3,2.3889,36.98
Carrot,Sandy Soil,Vegetative Growth / Root or Tuber Development,44,17,87.0,0,3,2.5882,38.28
Carrot,Sandy Soil,Vegetative Growth / Root or Tuber Development,45,16,88.0,0,3,2.8125,39.6
Carrot,Sandy Soil,Vegetative Growth / Root or Tuber Development,46,15,89.0,0,3,3.0667,40.94
Carrot,Sandy Soil,Vegetative Growth / Root or Tuber Development,47,14,90.0,0,3,3.3571,42.3
Carrot,Sandy Soil,Vegetative Growth / Root or Tuber Development,48,13,91.0,0,3,3.6923,43.68
Carrot,Sandy Soil,Vegetative Growth / Root or Tuber Development,49,24,80.0,0,3,2.0417,39.2
Carrot,Sandy Soil,Vegetative Growth / Root or Tuber Development,50,23,81.0,0,3,2.1739,40.5
Carrot,Sandy Soil,Vegetative Growth / Root or Tuber Development,51,22,82.0,0,3,2.3182,41.82
Carrot,Sandy Soil,Vegetative Growth / Root or Tuber Development,52,21,83.0,0,3,2.4762,43.16
Carrot,Sandy Soil,Vegetative Growth / Root or Tuber Development,53,20,84.0,0,3,2.65,44.52
Carrot,Sandy Soil,Vegetative Growth / Root or Tuber Development,54,19,85.0,0,3,2.8421,45.9
Carrot,Sandy Soil,Vegetative Growth / Root or Tuber Development,55,18,86.0,0,3,3.0556,47.3
Carrot,Sandy Soil,Vegetative Growth / Root or Tuber Development,56,17,87.0,0,3,3.2941,48.72
Carrot,Sandy Soil,Vegetative Growth / Root or Tuber Development,57,16,88.0,0,3,3.5625,50.16
Carrot,Sandy Soil,Vegetative Growth / Root or Tuber Development,58,15,89.0,0,3,3.8667,51.62
Carrot,Sandy Soil,Vegetative Growth / Root or Tuber Development,59,14,90.0,0,3,4.2143,53.1
Carrot,Sandy Soil,Pollination,1,24,80.0,0,5,0.0417,0.8
Carrot,Sandy Soil,Pollination,2,23,81.0,0,5,0.087,1.62
Carrot,Sandy Soil,Pollination,3,22,82.0,0,5,0.1364,2.46
Carrot,Sandy Soil,Pollination,4,21,83.0,0,5,0.1905,3.32
Carrot,Sandy Soil,Pollination,5,20,84.0,0,5,0.25,4.2
Carrot,Sandy Soil,Pollination,6,19,85.0,0,5,0.3158,5.1
Carrot,Sandy Soil,Pollination,7,18,86.0,0,5,0.3889,6.02
Carrot,Sandy Soil,Pollination,8,17,87.0,0,5,0.4706,6.96
Carrot,Sandy Soil,Pollination,9,16,88.0,0,5,0.5625,7.92
Carrot,Sandy Soil,Pollination,10,15,89.0,0,5,0.6667,8.9
Carrot,Sandy Soil,Pollination,11,14,90.0,0,5,0.7857,9.9
Carrot,Sandy Soil,Pollination,12,13,91.0,0,5,0.9231,10.92
Carrot,Sandy Soil,Pollination,13,24,80.0,0,5,0.5417,10.4
Carrot,Sandy Soil,Pollination,14,23,81.0,0,5,0.6087,11.34
Carrot,Sandy Soil,Pollination,15,22,82.0,0,5,0.6818,12.3
Carrot,Sandy Soil,Pollination,16,21,83.0,0,5,0.7619,13.28
Carrot,Sandy Soil,Pollination,17,20,84.0,0,5,0.85,14.28
Carrot,Sandy Soil,Pollination,18,19,85.0,0,5,0.9474,15.3
Carrot,Sandy Soil,Pollination,19,18,86.0,0,5,1.0556,16.34
Carrot,Sandy Soil,Pollination,20,17,87.0,0,5,1.1765,17.4
Carrot,Sandy Soil,Pollination,21,16,88.0,0,5,1.3125,18.48
Carrot,Sandy Soil,Pollination,22,15,89.0,0,5,1.4667,19.58
Carrot,Sandy Soil,Pollination,23,14,90.0,0,5,1.6429,20.7
Carrot,Sandy Soil,Pollination,24,13,91.0,0,5,1.8462,21.84
Carrot,Sandy Soil,Pollination,25,24,80.0,0,5,1.0417,20.0
Carrot,Sandy Soil,Pollination,26,23,81.0,0,5,1.1304,21.06
Carrot,Sandy Soil,Pollination,27,22,82.0,0,5,1.2273,22.14
Carrot,Sandy Soil,Pollination,28,21,83.0,0,5,1.3333,23.24
Carrot,Sandy Soil,Pollination,29,20,84.0,0,5,1.45,24.36
Carrot,Sandy Soil,Pollination,30,19,85.0,0,5,1.5789,25.5
Carrot,Sandy Soil,Pollination,31,18,86.0,0,5,1.7222,26.66
Carrot,Sandy Soil,Pollination,32,17,87.0,0,5,1.8824,27.84
Carrot,Sandy Soil,Pollination,33,16,88.0,0,5,2.0625,29.04
Carrot,Sandy Soil,Pollination,34,15,89.0,0,5,2.2667,30.26
Carrot,Sandy Soil,Pollination,35,14,90.0,0,5,2.5,31.5
Carrot,Sandy Soil,Pollination,36,13,91.0,0,5,2.7692,32.76
Carrot,Sandy Soil,Pollination,37,24,80.0,0,5,1.5417,29.6
Carrot,Sandy Soil,Pollination,38,23,81.0,0,5,1.6522,30.78
Carrot,Sandy Soil,Pollination,39,22,82.0,0,5,1.7727,31.98
Carrot,Sandy Soil,Pollination,40,21,83.0,0,5,1.9048,33.2
Carrot,Sandy Soil,Pollination,41,20,84.0,0,5,2.05,34.44
Carrot,Sandy Soil,Pollination,42,19,85.0,0,5,2.2105,35.7
Carrot,Sandy Soil,Pollination,43,18,86.0,0,5,2.3889,36.98
Carrot,Sandy Soil,Pollination,44,17,87.0,0,5,2.5882,38.28
Carrot,Sandy Soil,Pollination,45,16,88.0,0,5,2.8125,39.6
Carrot,Sandy Soil,Pollination,46,15,89.0,0,5,3.0667,40.94
Carrot,Sandy Soil,Pollination,47,14,90.0,0,5,3.3571,42.3
Carrot,Sandy Soil,Pollination,48,13,91.0,0,5,3.6923,43.68
Carrot,Sandy Soil,Pollination,49,24,80.0,0,5,2.0417,39.2
Carrot,Sandy Soil,Pollination,50,24,80.0,0,5,2.0833,40.0
Carrot,Sandy Soil,Pollination,51,23,81.0,0,5,2.2174,41.31
Carrot,Sandy Soil,Pollination,52,22,82.0,0,5,2.3636,42.64
Carrot,Sandy Soil,Pollination,53,21,83.0,0,5,2.5238,43.99
Carrot,Sandy Soil,Pollination,54,20,84.0,0,5,2.7,45.36
Carrot,Sandy Soil,Pollination,55,19,85.0,0,5,2.8947,46.75
Carrot,Sandy Soil,Pollination,56,18,86.0,0,5,3.1111,48.16
Carrot,Sandy Soil,Pollination,57,17,87.0,0,5,3.3529,49.59
Carrot,Sandy Soil,Pollination,58,16,88.0,0,5,3.625,51.04
Carrot,Sandy Soil,Pollination,59,15,89.0,0,5,3.9333,52.51
Carrot,Clay Soil,Germination,1,14,90.0,0,1,0.0714,0.9
Carrot,Clay Soil,Germination,2,13,91.0,0,1,0.1538,1.82
Carrot,Clay Soil,Germination,3,24,80.0,0,1,0.125,2.4
Carrot,Clay Soil,Germination,4,23,81.0,0,1,0.1739,3.24
Carrot,Clay Soil,Germination,5,22,82.0,0,1,0.2273,4.1
Carrot,Clay Soil,Germination,6,21,83.0,0,1,0.2857,4.98
Carrot,Clay Soil,Germination,7,20,84.0,0,1,0.35,5.88
Carrot,Clay Soil,Germination,8,19,85.0,0,1,0.4211,6.8
Carrot,Clay Soil,Germination,9,18,86.0,0,1,0.5,7.74
Carrot,Clay Soil,Germination,10,17,87.0,0,1,0.5882,8.7
Carrot,Clay Soil,Germination,11,16,88.0,0,1,0.6875,9.68
Carrot,Clay Soil,Germination,12,15,89.0,0,1,0.8,10.68
Carrot,Clay Soil,Germination,13,14,90.0,0,1,0.9286,11.7
Carrot,Clay Soil,Germination,14,13,91.0,0,1,1.0769,12.74
Carrot,Clay Soil,Germination,15,24,80.0,0,1,0.625,12.0
Carrot,Clay Soil,Germination,16,23,81.0,0,1,0.6957,12.96
Carrot,Clay Soil,Germination,17,22,82.0,0,1,0.7727,13.94
Carrot,Clay Soil,Germination,18,21,83.0,0,1,0.8571,14.94
Carrot,Clay Soil,Germination,19,20,84.0,0,1,0.95,15.96
Carrot,Clay Soil,Germination,20,19,85.0,0,1,1.0526,17.0
Carrot,Clay Soil,Germination,21,18,86.0,0,1,1.1667,18.06
Carrot,Clay Soil,Germination,22,17,87.0,0,1,1.2941,19.14
Carrot,Clay Soil,Germination,23,16,88.0,0,1,1.4375,20.24
Carrot,Clay Soil,Germination,24,15,89.0,0,1,1.6,21.36
Carrot,Clay Soil,Germination,25,14,90.0,0,1,1.7857,22.5
Carrot,Clay Soil,Germination,26,13,91.0,0,1,2.0,23.66
Carrot,Clay Soil,Germination,27,24,80.0,0,1,1.125,21.6
Carrot,Clay Soil,Germination,28,23,81.0,0,1,1.2174,22.68
Carrot,Clay Soil,Germination,29,22,82.0,0,1,1.3182,23.78
Carrot,Clay Soil,Germination,30,21,83.0,0,1,1.4286,24.9
Carrot,Clay Soil,Germination,31,20,84.0,0,1,1.55,26.04
Carrot,Clay Soil,Germination,32,19,85.0,0,1,1.6842,27.2
Carrot,Clay Soil,Germination,33,18,86.0,0,1,1.8333,28.38
Carrot,Clay Soil,Germination,34,17,87.0,0,1,2.0,29.58
Carrot,Clay Soil,Germination,35,16,88.0,0,1,2.1875,30.8
Carrot,Clay Soil,Germination,36,15,89.0,0,1,2.4,32.04
Carrot,Clay Soil,Germination,37,14,90.0,0,1,2.6429,33.3
Carrot,Clay Soil,Germination,38,13,91.0,0,1,2.9231,34.58
Carrot,Clay Soil,Germination,39,24,80.0,0,1,1.625,31.2
Carrot,Clay Soil,Germination,40,23,81.0,0,1,1.7391,32.4
Carrot,Clay Soil,Germination,41,22,82.0,0,1,1.8636,33.62
Carrot,Clay Soil,Germination,42,21,83.0,0,1,2.0,34.86
Carrot,Clay Soil,Germination,43,20,84.0,0,1,2.15,36.12
Carrot,Clay Soil,Germination,44,19,85.0,0,1,2.3158,37.4
Carrot,Clay Soil,Germination,45,18,86.0,0,1,2.5,38.7
Carrot,Clay Soil,Germination,46,17,87.0,0,1,2.7059,40.02
Carrot,Clay Soil,Germination,47,16,88.0,0,1,2.9375,41.36
Carrot,Clay Soil,Germination,48,15,89.0,0,1,3.2,42.72
Carrot,Clay Soil,Germination,49,14,90.0,0,1,3.5,44.1
Carrot,Clay Soil,Germination,50,13,91.0,0,1,3.8462,45.5
Carrot,Clay Soil,Germination,51,24,80.0,0,1,2.125,40.8
Carrot,Clay Soil,Germination,52,23,81.0,0,1,2.2609,42.12
Carrot,Clay Soil,Germination,53,22,82.0,0,1,2.4091,43.46
Carrot,Clay Soil,Germination,54,21,83.0,0,1,2.5714,44.82
Carrot,Clay Soil,Germination,55,20,84.0,0,1,2.75,46.2
Carrot,Clay Soil,Germination,56,19,85.0,0,1,2.9474,47.6
Carrot,Clay Soil,Germination,57,18,86.0,0,1,3.1667,49.02
Carrot,Clay Soil,Germination,58,17,87.0,0,1,3.4118,50.46
Carrot,Clay Soil,Germination,59,16,88.0,0,1,3.6875,51.92
Carrot,Clay Soil,Germination,60,15,89.0,0,1,4.0,53.4
Carrot,Clay Soil,Germination,61,14,90.0,0,1,4.3571,54.9
Carrot,Clay Soil,Germination,62,13,91.0,0,1,4.7692,56.42
Carrot,Clay Soil,Germination,63,24,80.0,0,1,2.625,50.4
Carrot,Clay Soil,Germination,64,23,81.0,0,1,2.7826,51.84
Carrot,Clay Soil,Germination,65,22,82.0,0,1,2.9545,53.3
Carrot,Clay Soil,Germination,66,21,83.0,0,1,3.1429,54.78
Carrot,Clay Soil,Germination,67,20,84.0,0,1,3.35,56.28
Carrot,Clay Soil,Germination,68,19,85.0,0,1,3.5789,57.8
Carrot,Clay Soil,Germination,69,18,86.0,0,1,3.8333,59.34
Carrot,Clay Soil,Germination,70,24,80.0,0,1,2.9167,56.0
Carrot,Clay Soil,Germination,71,23,81.0,0,1,3.087,57.51
Carrot,Clay Soil,Germination,72,22,82.0,0,1,3.2727,59.04
Carrot,Clay Soil,Germination,73,21,83.0,0,1,3.4762,60.59
Carrot,Clay Soil,Germination,74,20,84.0,0,1,3.7,62.16
Carrot,Clay Soil,Germination,75,19,85.0,0,1,3.9474,63.75
Carrot,Clay Soil,Germination,76,18,86.0,0,1,4.2222,65.36
Carrot,Clay Soil,Germination,77,17,87.0,0,1,4.5294,66.99
Carrot,Clay Soil,Germination,78,16,88.0,0,1,4.875,68.64
Carrot,Clay Soil,Germination,79,15,89.0,0,1,5.2667,70.31
Carrot,Clay Soil,Seedling Stage,1,14,90.0,0,2,0.0714,0.9
Carrot,Clay Soil,Seedling Stage,2,13,91.0,0,2,0.1538,1.82
Carrot,Clay Soil,Seedling Stage,3,24,80.0,0,2,0.125,2.4
Carrot,Clay Soil,Seedling Stage,4,23,81.0,0,2,0.1739,3.24
Carrot,Clay Soil,Seedling Stage,5,22,82.0,0,2,0.2273,4.1
Carrot,Clay Soil,Seedling Stage,6,21,83.0,0,2,0.2857,4.98
Carrot,Clay Soil,Seedling Stage,7,20,84.0,0,2,0.35,5.88
Carrot,Clay Soil,Seedling Stage,8,19,85.0,0,2,0.4211,6.8
Carrot,Clay Soil,Seedling Stage,9,18,86.0,0,2,0.5,7.74
Carrot,Clay Soil,Seedling Stage,10,17,87.0,0,2,0.5882,8.7
Carrot,Clay Soil,Seedling Stage,11,16,88.0,0,2,0.6875,9.68
Carrot,Clay Soil,Seedling Stage,12,15,89.0,0,2,0.8,10.68
Carrot,Clay Soil,Seedling Stage,13,14,90.0,0,2,0.9286,11.7
Carrot,Clay Soil,Seedling Stage,14,13,91.0,0,2,1.0769,12.74
Carrot,Clay Soil,Seedling Stage,15,24,80.0,0,2,0.625,12.0
Carrot,Clay Soil,Seedling Stage,16,23,81.0,0,2,0.6957,12.96
Carrot,Clay Soil,Seedling Stage,17,22,82.0,0,2,0.7727,13.94
Carrot,Clay Soil,Seedling Stage,18,21,83.0,0,2,0.8571,14.94
Carrot,Clay Soil,Seedling Stage,19,20,84.0,0,2,0.95,15.96
Carrot,Clay Soil,Seedling Stage,20,19,85.0,0,2,1.0526,17.0
Carrot,Clay Soil,Seedling Stage,21,18,86.0,0,2,1.1667,18.06
Carrot,Clay Soil,Seedling Stage,22,17,87.0,0,2,1.2941,19.14
Carrot,Clay Soil,Seedling Stage,23,16,88.0,0,2,1.4375,20.24
Carrot,Clay Soil,Seedling Stage,24,15,89.0,0,2,1.6,21.36
Carrot,Clay Soil,Seedling Stage,25,14,90.0,0,2,1.7857,22.5
Carrot,Clay Soil,Seedling Stage,26,13,91.0,0,2,2.0,23.66
Carrot,Clay Soil,Seedling Stage,27,24,80.0,0,2,1.125,21.6
Carrot,Clay Soil,Seedling Stage,28,23,81.0,0,2,1.2174,22.68
Carrot,Clay Soil,Seedling Stage,29,22,82.0,0,2,1.3182,23.78
Carrot,Clay Soil,Seedling Stage,30,21,83.0,0,2,1.4286,24.9
Carrot,Clay Soil,Seedling Stage,31,20,84.0,0,2,1.55,26.04
Carrot,Clay Soil,Seedling Stage,32,19,85.0,0,2,1.6842,27.2
Carrot,Clay Soil,Seedling Stage,33,18,86.0,0,2,1.8333,28.38
Carrot,Clay Soil,Seedling Stage,34,17,87.0,0,2,2.0,29.58
Carrot,Clay Soil,Seedling Stage,35,16,88.0,0,2,2.1875,30.8
Carrot,Clay Soil,Seedling Stage,36,15,89.0,0,2,2.4,32.04
Carrot,Clay Soil,Seedling Stage,37,14,90.0,0,2,2.6429,33.3
Carrot,Clay Soil,Seedling Stage,38,13,91.0,0,2,2.9231,34.58
Carrot,Clay Soil,Seedling Stage,39,24,80.0,0,2,1.625,31.2
Carrot,Clay Soil,Seedling Stage,40,23,81.0,0,2,1.7391,32.4
Carrot,Clay Soil,Seedling Stage,41,22,82.0,0,2,1.8636,33.62
Carrot,Clay Soil,Seedling Stage,42,21,83.0,0,2,2.0,34.86
Carrot,Clay Soil,Seedling Stage,43,20,84.0,0,2,2.15,36.12
Carrot,Clay Soil,Seedling Stage,44,19,85.0,0,2,2.3158,37.4
Carrot,Clay Soil,Seedling Stage,45,18,86.0,0,2,2.5,38.7
Carrot,Clay Soil,Seedling Stage,46,17,87.0,0,2,2.7059,40.02
Carrot,Clay Soil,Seedling Stage,47,16,88.0,0,2,2.9375,41.36
Carrot,Clay Soil,Seedling Stage,48,15,89.0,0,2,3.2,42.72
Carrot,Clay Soil,Seedling Stage,49,14,90.0,0,2,3.5,44.1
Carrot,Clay Soil,Seedling Stage,50,13,91.0,0,2,3.8462,45.5
Carrot,Clay Soil,Seedling Stage,51,24,80.0,0,2,2.125,40.8
Carrot,Clay Soil,Seedling Stage,52,23,81.0,0,2,2.2609,42.12
Carrot,Clay Soil,Seedling Stage,53,22,82.0,0,2,2.4091,43.46
Carrot,Clay Soil,Seedling Stage,54,21,83.0,0,2,2.5714,44.82
Carrot,Clay Soil,Seedling Stage,55,20,84.0,0,2,2.75,46.2
Carrot,Clay Soil,Seedling Stage,56,19,85.0,0,2,2.9474,47.6
Carrot,Clay Soil,Seedling Stage,57,18,86.0,0,2,3.1667,49.02
Carrot,Clay Soil,Seedling Stage,58,17,87.0,0,2,3.4118,50.46
Carrot,Clay Soil,Seedling Stage,59,16,88.0,0,2,3.6875,51.92
Carrot,Clay Soil,Seedling Stage,60,24,80.0,0,2,2.5,48.0
Carrot,Clay Soil,Seedling Stage,61,23,81.0,0,2,2.6522,49.41
Carrot,Clay Soil,Seedling Stage,62,22,82.0,0,2,2.8182,50.84
Carrot,Clay Soil,Seedling Stage,63,21,83.0,0,2,3.0,52.29
Carrot,Clay Soil,Seedling Stage,64,20,84.0,0,2,3.2,53.76
Carrot,Clay Soil,Seedling Stage,65,19,85.0,0,2,3.4211,55.25
Carrot,Clay Soil,Seedling Stage,66,18,86.0,0,2,3.6667,56.76
Carrot,Clay Soil,Seedling Stage,67,17,87.0,0,2,3.9412,58.29
Carrot,Clay Soil,Seedling Stage,68,16,88.0,0,2,4.25,59.84
Carrot,Clay Soil,Seedling Stage,69,15,89.0,0,2,4.6,61.41
Carrot,Clay Soil,Vegetative Growth / Root or Tuber Development,1,14,90.0,0,3,0.0714,0.9
Carrot,Clay Soil,Vegetative Growth / Root or Tuber Development,2,13,91.0,0,3,0.1538,1.82
Carrot,Clay Soil,Vegetative Growth / Root or Tuber Development,3,24,80.0,0,3,0.125,2.4
Carrot,Clay Soil,Vegetative Growth / Root or Tuber Development,4,23,81.0,0,3,0.1739,3.24
Carrot,Clay Soil,Vegetative Growth / Root or Tuber Development,5,22,82.0,0,3,0.2273,4.1
Carrot,Clay Soil,Vegetative Growth / Root or Tuber Development,6,21,83.0,0,3,0.2857,4.98
Carrot,Clay Soil,Vegetative Growth / Root or Tuber Development,7,20,84.0,0,3,0.35,5.88
Carrot,Clay Soil,Vegetative Growth / Root or Tuber Development,8,19,85.0,0,3,0.4211,6.8
Carrot,Clay Soil,Vegetative Growth / Root or Tuber Development,9,18,86.0,0,3,0.5,7.74
Carrot,Clay Soil,Vegetative Growth / Root or Tuber Development,10,17,87.0,0,3,0.5882,8.7
Carrot,Clay Soil,Vegetative Growth / Root or Tuber Development,11,16,88.0,0,3,0.6875,9.68
Carrot,Clay Soil,Vegetative Growth / Root or Tuber Development,12,15,89.0,0,3,0.8,10.68
Carrot,Clay Soil,Vegetative Growth / Root or Tuber Development,13,14,90.0,0,3,0.9286,11.7
Carrot,Clay Soil,Vegetative Growth / Root or Tuber Development,14,13,91.0,0,3,1.0769,12.74
Carrot,Clay Soil,Vegetative Growth / Root or Tuber Development,15,24,80.0,0,3,0.625,12.0
Carrot,Clay Soil,Vegetative Growth / Root or Tuber Development,16,23,81.0,0,3,0.6957,12.96
Carrot,Clay Soil,Vegetative Growth / Root or Tuber Development,17,22,82.0,0,3,0.7727,13.94
Carrot,Clay Soil,Vegetative Growth / Root or Tuber Development,18,21,83.0,0,3,0.8571,14.94
Carrot,Clay Soil,Vegetative Growth / Root or Tuber Development,19,20,84.0,0,3,0.95,15.96
Carrot,Clay Soil,Vegetative Growth / Root or Tuber Development,20,19,85.0,0,3,1.0526,17.0
Carrot,Clay Soil,Vegetative Growth / Root or Tuber Development,21,18,86.0,0,3,1.1667,18.06
Carrot,Clay Soil,Vegetative Growth / Root or Tuber Development,22,17,87.0,0,3,1.2941,19.14
Carrot,Clay Soil,Vegetative Growth / Root or Tuber Development,23,16,88.0,0,3,1.4375,20.24
Carrot,Clay Soil,Vegetative Growth / Root or Tuber Development,24,15,89.0,0,3,1.6,21.36
Carrot,Clay Soil,Vegetative Growth / Root or Tuber Development,25,14,90.0,0,3,1.7857,22.5
Carrot,Clay Soil,Vegetative Growth / Root or Tuber Development,26,13,91.0,0,3,2.0,23.66
Carrot,Clay Soil,Vegetative Growth / Root or Tuber Development,27,24,80.0,0,3,1.125,21.6
Carrot,Clay Soil,Vegetative Growth / Root or Tuber Development,28,23,81.0,0,3,1.2174,22.68
Carrot,Clay Soil,Vegetative Growth / Root or Tuber Development,29,22,82.0,0,3,1.3182,23.78
Carrot,Clay Soil,Vegetative Growth / Root or Tuber Development,30,21,83.0,0,3,1.4286,24.9
Carrot,Clay Soil,Vegetative Growth / Root or Tuber Development,31,20,84.0,0,3,1.55,26.04
Carrot,Clay Soil,Vegetative Growth / Root or Tuber Development,32,19,85.0,0,3,1.6842,27.2
Carrot,Clay Soil,Vegetative Growth / Root or Tuber Development,33,18,86.0,0,3,1.8333,28.38
Carrot,Clay Soil,Vegetative Growth / Root or Tuber Development,34,17,87.0,0,3,2.0,29.58
Carrot,Clay Soil,Vegetative Growth / Root or Tuber Development,35,16,88.0,0,3,2.1875,30.8
Carrot,Clay Soil,Vegetative Growth / Root or Tuber Development,36,15,89.0,0,3,2.4,32.04
Carrot,Clay Soil,Vegetative Growth / Root or Tuber Development,37,14,90.0,0,3,2.6429,33.3
Carrot,Clay Soil,Vegetative Growth / Root or Tuber Development,38,13,91.0,0,3,2.9231,34.58
Carrot,Clay Soil,Vegetative Growth / Root or Tuber Development,39,24,80.0,0,3,1.625,31.2
Carrot,Clay Soil,Vegetative Growth / Root or Tuber Development,40,23,81.0,0,3,1.7391,32.4
Carrot,Clay Soil,Vegetative Growth / Root or Tuber Development,41,22,82.0,0,3,1.8636,33.62
Carrot,Clay Soil,Vegetative Growth / Root or Tuber Development,42,21,83.0,0,3,2.0,34.86
Carrot,Clay Soil,Vegetative Growth / Root or Tuber Development,43,20,84.0,0,3,2.15,36.12
Carrot,Clay Soil,Vegetative Growth / Root or Tuber Development,44,19,85.0,0,3,2.3158,37.4
Carrot,Clay Soil,Vegetative Growth / Root or Tuber Development,45,18,86.0,0,3,2.5,38.7
Carrot,Clay Soil,Vegetative Growth / Root or Tuber Development,46,17,87.0,0,3,2.7059,40.02
Carrot,Clay Soil,Vegetative Growth / Root or Tuber Development,47,16,88.0,0,3,2.9375,41.36
Carrot,Clay Soil,Vegetative Growth / Root or Tuber Development,48,15,89.0,0,3,3.2,42.72
Carrot,Clay Soil,Vegetative Growth / Root or Tuber Development,49,14,90.0,0,3,3.5,44.1
Carrot,Clay Soil,Vegetative Growth / Root or Tuber Development,50,24,80.0,0,3,2.0833,40.0
Carrot,Clay Soil,Vegetative Growth / Root or Tuber Development,51,23,81.0,0,3,2.2174,41.31
Carrot,Clay Soil,Vegetative Growth / Root or Tuber Development,52,22,82.0,0,3,2.3636,42.64
Carrot,Clay Soil,Vegetative Growth / Root or Tuber Development,53,21,83.0,0,3,2.5238,43.99
Carrot,Clay Soil,Vegetative Growth / Root or Tuber Development,54,20,84.0,0,3,2.7,45.36
Carrot,Clay Soil,Vegetative Growth / Root or Tuber Development,55,19,85.0,0,3,2.8947,46.75
Carrot,Clay Soil,Vegetative Growth / Root or Tuber Development,56,18,86.0,0,3,3.1111,48.16
Carrot,Clay Soil,Vegetative Growth / Root or Tuber Development,57,17,87.0,0,3,3.3529,49.59
Carrot,Clay Soil,Vegetative Growth / Root or Tuber Development,58,16,88.0,0,3,3.625,51.04
Carrot,Clay Soil,Vegetative Growth / Root or Tuber Development,59,15,89.0,0,3,3.9333,52.51
Carrot,Clay Soil,Flowering,1,14,90.0,0,4,0.0714,0.9
Carrot,Clay Soil,Flowering,2,13,91.0,0,4,0.1538,1.82
Carrot,Clay Soil,Flowering,3,24,80.0,0,4,0.125,2.4
Carrot,Clay Soil,Flowering,4,23,81.0,0,4,0.1739,3.24
Carrot,Clay Soil,Flowering,5,22,82.0,0,4,0.2273,4.1
Carrot,Clay Soil,Flowering,6,21,83.0,0,4,0.2857,4.98
Carrot,Clay Soil,Flowering,7,20,84.0,0,4,0.35,5.88
Carrot,Clay Soil,Flowering,8,19,85.0,0,4,0.4211,6.8
Carrot,Clay Soil,Flowering,9,18,86.0,0,4,0.5,7.74
Carrot,Clay Soil,Flowering,10,17,87.0,0,4,0.5882,8.7
Carrot,Clay Soil,Flowering,11,16,88.0,0,4,0.6875,9.68
Carrot,Clay Soil,Flowering,12,15,89.0,0,4,0.8,10.68
Carrot,Clay Soil,Flowering,13,14,90.0,0,4,0.9286,11.7
Carrot,Clay Soil,Flowering,14,13,91.0,0,4,1.0769,12.74
Carrot,Clay Soil,Flowering,15,24,80.0,0,4,0.625,12.0
Carrot,Clay Soil,Flowering,16,23,81.0,0,4,0.6957,12.96
Carrot,Clay Soil,Flowering,17,22,82.0,0,4,0.7727,13.94
Carrot,Clay Soil,Flowering,18,21,83.0,0,4,0.8571,14.94
Carrot,Clay Soil,Flowering,19,20,84.0,0,4,0.95,15.96
Carrot,Clay Soil,Flowering,20,19,85.0,0,4,1.0526,17.0
Carrot,Clay Soil,Flowering,21,18,86.0,0,4,1.1667,18.06
Carrot,Clay Soil,Flowering,22,17,87.0,0,4,1.2941,19.14
Carrot,Clay Soil,Flowering,23,16,88.0,0,4,1.4375,20.24
Carrot,Clay Soil,Flowering,24,15,89.0,0,4,1.6,21.36
Carrot,Clay Soil,Flowering,25,14,90.0,0,4,1.7857,22.5
Carrot,Clay Soil,Flowering,26,13,91.0,0,4,2.0,23.66
Carrot,Clay Soil,Flowering,27,24,80.0,0,4,1.125,21.6
Carrot,Clay Soil,Flowering,28,23,81.0,0,4,1.2174,22.68
Carrot,Clay Soil,Flowering,29,22,82.0,0,4,1.3182,23.78
Carrot,Clay Soil,Flowering,30,21,83.0,0,4,1.4286,24.9
Carrot,Clay Soil,Flowering,31,20,84.0,0,4,1.55,26.04
Carrot,Clay Soil,Flowering,32,19,85.0,0,4,1.6842,27.2
Carrot,Clay Soil,Flowering,33,18,86.0,0,4,1.8333,28.38
Carrot,Clay Soil,Flowering,34,17,87.0,0,4,2.0,29.58
Carrot,Clay Soil,Flowering,35,16,88.0,0,4,2.1875,30.8
Carrot,Clay Soil,Flowering,36,15,89.0,0,4,2.4,32.04
Carrot,Clay Soil,Flowering,37,14,90.0,0,4,2.6429,33.3
Carrot,Clay Soil,Flowering,38,13,91.0,0,4,2.9231,34.58
Carrot,Clay Soil,Flowering,39,24,80.0,0,4,1.625,31.2
Carrot,Clay Soil,Flowering,40,23,81.0,0,4,1.7391,32.4
Carrot,Clay Soil,Flowering,41,22,82.0,0,4,1.8636,33.62
Carrot,Clay Soil,Flowering,42,21,83.0,0,4,2.0,34.86
Carrot,Clay Soil,Flowering,43,20,84.0,0,4,2.15,36.12
Carrot,Clay Soil,Flowering,44,19,85.0,0,4,2.3158,37.4
Carrot,Clay Soil,Flowering,45,18,86.0,0,4,2.5,38.7
Carrot,Clay Soil,Flowering,46,17,87.0,0,4,2.7059,40.02
Carrot,Clay Soil,Flowering,47,16,88.0,0,4,2.9375,41.36
Carrot,Clay Soil,Flowering,48,15,89.0,0,4,3.2,42.72
Carrot,Clay Soil,Flowering,49,14,90.0,0,4,3.5,44.1
Carrot,Clay Soil,Flowering,50,24,80.0,0,4,2.0833,40.0
Carrot,Clay Soil,Flowering,51,23,81.0,0,4,2.2174,41.31
Carrot,Clay Soil,Flowering,52,22,82.0,0,4,2.3636,42.64
Carrot,Clay Soil,Flowering,53,21,83.0,0,4,2.5238,43.99
Carrot,Clay Soil,Flowering,54,20,84.0,0,4,2.7,45.36
Carrot,Clay Soil,Flowering,55,19,85.0,0,4,2.8947,46.75
Carrot,Clay Soil,Flowering,56,18,86.0,0,4,3.1111,48.16
Carrot,Clay Soil,Flowering,57,17,87.0,0,4,3.3529,49.59
Carrot,Clay Soil,Flowering,58,16,88.0,0,4,3.625,51.04
Carrot,Clay Soil,Flowering,59,15,89.0,0,4,3.9333,52.51
Carrot,Clay Soil,Flowering,60,24,80.0,0,4,2.5,48.0
Carrot,Clay Soil,Flowering,61,23,81.0,0,4,2.6522,49.41
Carrot,Clay Soil,Flowering,62,22,82.0,0,4,2.8182,50.84
Carrot,Clay Soil,Flowering,63,21,83.0,0,4,3.0,52.29
Carrot,Clay Soil,Flowering,64,20,84.0,0,4,3.2,53.76
Carrot,Clay Soil,Flowering,65,19,85.0,0,4,3.4211,55.25
Carrot,Clay Soil,Flowering,66,18,86.0,0,4,3.6667,56.76
Carrot,Clay Soil,Flowering,67,17,87.0,0,4,3.9412,58.29
Carrot,Clay Soil,Flowering,68,16,88.0,0,4,4.25,59.84
Carrot,Clay Soil,Flowering,69,15,89.0,0,4,4.6,61.41
Carrot,Clay Soil,Pollination,1,14,90.0,0,5,0.0714,0.9
Carrot,Clay Soil,Pollination,2,13,91.0,0,5,0.1538,1.82
Carrot,Clay Soil,Pollination,3,24,80.0,0,5,0.125,2.4
Carrot,Clay Soil,Pollination,4,23,81.0,0,5,0.1739,3.24
Carrot,Clay Soil,Pollination,5,22,82.0,0,5,0.2273,4.1
Carrot,Clay Soil,Pollination,6,21,83.0,0,5,0.2857,4.98
Carrot,Clay Soil,Pollination,7,20,84.0,0,5,0.35,5.88
Carrot,Clay Soil,Pollination,8,19,85.0,0,5,0.4211,6.8
Carrot,Clay Soil,Pollination,9,18,86.0,0,5,0.5,7.74
Carrot,Clay Soil,Pollination,10,17,87.0,0,5,0.5882,8.7
Carrot,Clay Soil,Pollination,11,16,88.0,0,5,0.6875,9.68
Carrot,Clay Soil,Pollination,12,15,89.0,0,5,0.8,10.68
Carrot,Clay Soil,Pollination,13,14,90.0,0,5,0.9286,11.7
Carrot,Clay Soil,Pollination,14,13,91.0,0,5,1.0769,12.74
Carrot,Clay Soil,Pollination,15,24,80.0,0,5,0.625,12.0
Carrot,Clay Soil,Pollination,16,23,81.0,0,5,0.6957,12.96
Carrot,Clay Soil,Pollination,17,22,82.0,0,5,0.7727,13.94
Carrot,Clay Soil,Pollination,18,21,83.0,0,5,0.8571,14.94
Carrot,Clay Soil,Pollination,19,20,84.0,0,5,0.95,15.96
Carrot,Clay Soil,Pollination,20,19,85.0,0,5,1.0526,17.0
Carrot,Clay Soil,Pollination,21,18,86.0,0,5,1.1667,18.06
Carrot,Clay Soil,Pollination,22,17,87.0,0,5,1.2941,19.14
Carrot,Clay Soil,Pollination,23,16,88.0,0,5,1.4375,20.24
Carrot,Clay Soil,Pollination,24,15,89.0,0,5,1.6,21.36
Carrot,Clay Soil,Pollination,25,14,90.0,0,5,1.7857,22.5
Carrot,Clay Soil,Pollination,26,13,91.0,0,5,2.0,23.66
Carrot,Clay Soil,Pollination,27,24,80.0,0,5,1.125,21.6
Carrot,Clay Soil,Pollination,28,23,81.0,0,5,1.2174,22.68
Carrot,Clay Soil,Pollination,29,22,82.0,0,5,1.3182,23.78
Carrot,Clay Soil,Pollination,30,21,83.0,0,5,1.4286,24.9
Carrot,Clay Soil,Pollination,31,20,84.0,0,5,1.55,26.04
Carrot,Clay Soil,Pollination,32,19,85.0,0,5,1.6842,27.2
Carrot,Clay Soil,Pollination,33,18,86.0,0,5,1.8333,28.38
Carrot,Clay Soil,Pollination,34,17,87.0,0,5,2.0,29.58
Carrot,Clay Soil,Pollination,35,16,88.0,0,5,2.1875,30.8
Carrot,Clay Soil,Pollination,36,15,89.0,0,5,2.4,32.04
Carrot,Clay Soil,Pollination,37,14,90.0,0,5,2.6429,33.3
Carrot,Clay Soil,Pollination,38,13,91.0,0,5,2.9231,34.58
Carrot,Clay Soil,Pollination,39,24,80.0,0,5,1.625,31.2
Tomato,Loam Soil,Germination,1,24,80.0,0,1,0.0417,0.8
Tomato,Loam Soil,Germination,2,23,81.0,0,1,0.087,1.62
Tomato,Loam Soil,Germination,3,22,82.0,0,1,0.1364,2.46
Tomato,Loam Soil,Germination,4,21,83.0,0,1,0.1905,3.32
Tomato,Loam Soil,Germination,5,20,84.0,0,1,0.25,4.2
Tomato,Loam Soil,Germination,6,19,85.0,0,1,0.3158,5.1
Tomato,Loam Soil,Germination,7,18,86.0,0,1,0.3889,6.02
Tomato,Loam Soil,Germination,8,17,87.0,0,1,0.4706,6.96
Tomato,Loam Soil,Germination,9,16,88.0,0,1,0.5625,7.92
Tomato,Loam Soil,Germination,10,15,89.0,0,1,0.6667,8.9
Tomato,Loam Soil,Germination,11,14,90.0,0,1,0.7857,9.9
Tomato,Loam Soil,Germination,12,13,91.0,0,1,0.9231,10.92
Tomato,Loam Soil,Germination,13,24,80.0,0,1,0.5417,10.4
Tomato,Loam Soil,Germination,14,23,81.0,0,1,0.6087,11.34
Tomato,Loam Soil,Germination,15,22,82.0,0,1,0.6818,12.3
Tomato,Loam Soil,Germination,16,21,83.0,0,1,0.7619,13.28
Tomato,Loam Soil,Germination,17,20,84.0,0,1,0.85,14.28
Tomato,Loam Soil,Germination,18,19,85.0,0,1,0.9474,15.3
Tomato,Loam Soil,Germination,19,18,86.0,0,1,1.0556,16.34
Tomato,Loam Soil,Germination,20,17,87.0,0,1,1.1765,17.4
Tomato,Loam Soil,Germination,21,16,88.0,0,1,1.3125,18.48
Tomato,Loam Soil,Germination,22,15,89.0,0,1,1.4667,19.58
Tomato,Loam Soil,Germination,23,14,90.0,0,1,1.6429,20.7
Tomato,Loam Soil,Germination,24,13,91.0,0,1,1.8462,21.84
Tomato,Loam Soil,Germination,25,24,80.0,0,1,1.0417,20.0
Tomato,Loam Soil,Germination,26,23,81.0,0,1,1.1304,21.06
Tomato,Loam Soil,Germination,27,22,82.0,0,1,1.2273,22.14
Tomato,Loam Soil,Germination,28,21,83.0,0,1,1.3333,23.24
Tomato,Loam Soil,Germination,29,20,84.0,0,1,1.45,24.36
Tomato,Loam Soil,Germination,30,19,85.0,0,1,1.5789,25.5
Tomato,Loam Soil,Germination,31,18,86.0,0,1,1.7222,26.66
Tomato,Loam Soil,Germination,32,17,87.0,0,1,1.8824,27.84
Tomato,Loam Soil,Germination,33,16,88.0,0,1,2.0625,29.04
Tomato,Loam Soil,Germination,34,15,89.0,0,1,2.2667,30.26
Tomato,Loam Soil,Germination,35,14,90.0,0,1,2.5,31.5
Tomato,Loam Soil,Germination,36,13,91.0,0,1,2.7692,32.76
Tomato,Loam Soil,Germination,37,24,80.0,0,1,1.5417,29.6
Tomato,Loam Soil,Germination,38,23,81.0,0,1,1.6522,30.78
Tomato,Loam Soil,Germination,39,22,82.0,0,1,1.7727,31.98
Tomato,Loam Soil,Germination,40,21,83.0,0,1,1.9048,33.2
Tomato,Loam Soil,Germination,41,20,84.0,0,1,2.05,34.44
Tomato,Loam Soil,Germination,42,19,85.0,0,1,2.2105,35.7
Tomato,Loam Soil,Germination,43,18,86.0,0,1,2.3889,36.98
Tomato,Loam Soil,Germination,44,17,87.0,0,1,2.5882,38.28
Tomato,Loam Soil,Germination,45,16,88.0,0,1,2.8125,39.6
Tomato,Loam Soil,Germination,46,15,89.0,0,1,3.0667,40.94
Tomato,Loam Soil,Germination,47,14,90.0,0,1,3.3571,42.3
Tomato,Loam Soil,Germination,48,13,91.0,0,1,3.6923,43.68
Tomato,Loam Soil,Germination,49,24,80.0,0,1,2.0417,39.2
Tomato,Loam Soil,Germination,50,23,81.0,0,1,2.1739,40.5
Tomato,Loam Soil,Germination,51,22,82.0,0,1,2.3182,41.82
Tomato,Loam Soil,Germination,52,21,83.0,0,1,2.4762,43.16
Tomato,Loam Soil,Germination,53,20,84.0,0,1,2.65,44.52
Tomato,Loam Soil,Germination,54,19,85.0,0,1,2.8421,45.9
Tomato,Loam Soil,Germination,55,18,86.0,0,1,3.0556,47.3
Tomato,Loam Soil,Germination,56,17,87.0,0,1,3.2941,48.72
Tomato,Loam Soil,Germination,57,16,88.0,0,1,3.5625,50.16
Tomato,Loam Soil,Germination,58,15,89.0,0,1,3.8667,51.62
Tomato,Loam Soil,Germination,59,14,90.0,0,1,4.2143,53.1
Tomato,Loam Soil,Germination,60,13,91.0,0,1,4.6154,54.6
Tomato,Loam Soil,Germination,61,24,80.0,0,1,2.5417,48.8
Tomato,Loam Soil,Germination,62,23,81.0,0,1,2.6957,50.22
Tomato,Loam Soil,Germination,63,22,82.0,0,1,2.8636,51.66
Tomato,Loam Soil,Germination,64,21,83.0,0,1,3.0476,53.12
Tomato,Loam Soil,Germination,65,20,84.0,0,1,3.25,54.6
Tomato,Loam Soil,Germination,66,19,85.0,0,1,3.4737,56.1
Tomato,Loam Soil,Germination,67,18,86.0,0,1,3.7222,57.62
Tomato,Loam Soil,Germination,68,17,87.0,0,1,4.0,59.16
Tomato,Loam Soil,Germination,69,16,88.0,0,1,4.3125,60.72
Tomato,Loam Soil,Seedling Stage,1,15,89.0,0,2,0.0667,0.89
Tomato,Loam Soil,Seedling Stage,2,14,90.0,0,2,0.1429,1.8
Tomato,Loam Soil,Seedling Stage,3,13,91.0,0,2,0.2308,2.73
Tomato,Loam Soil,Seedling Stage,4,24,80.0,0,2,0.1667,3.2
Tomato,Loam Soil,Seedling Stage,5,23,81.0,0,2,0.2174,4.05
Tomato,Loam Soil,Seedling Stage,6,22,82.0,0,2,0.2727,4.92
Tomato,Loam Soil,Seedling Stage,7,21,83.0,0,2,0.3333,5.81
Tomato,Loam Soil,Seedling Stage,8,20,84.0,0,2,0.4,6.72
Tomato,Loam Soil,Seedling Stage,9,19,85.0,0,2,0.4737,7.65
Tomato,Loam Soil,Seedling Stage,10,18,86.0,0,2,0.5556,8.6
Tomato,Loam Soil,Seedling Stage,11,24,80.0,0,2,0.4583,8.8
Tomato,Loam Soil,Seedling Stage,12,23,81.0,0,2,0.5217,9.72
Tomato,Loam Soil,Seedling Stage,13,22,82.0,0,2,0.5909,10.66
Tomato,Loam Soil,Seedling Stage,14,21,83.0,0,2,0.6667,11.62
Tomato,Loam Soil,Seedling Stage,15,20,84.0,0,2,0.75,12.6
Tomato,Loam Soil,Seedling Stage,16,19,85.0,0,2,0.8421,13.6
Tomato,Loam Soil,Seedling Stage,17,18,86.0,0,2,0.9444,14.62
Tomato,Loam Soil,Seedling Stage,18,17,87.0,0,2,1.0588,15.66
Tomato,Loam Soil,Seedling Stage,19,16,88.0,0,2,1.1875,16.72
Tomato,Loam Soil,Seedling Stage,20,15,89.0,0,2,1.3333,17.8
Tomato,Loam Soil,Seedling Stage,21,14,90.0,0,2,1.5,18.9
Tomato,Loam Soil,Seedling Stage,22,13,91.0,0,2,1.6923,20.02
Tomato,Loam Soil,Seedling Stage,23,24,80.0,0,2,0.9583,18.4
Tomato,Loam Soil,Seedling Stage,24,23,81.0,0,2,1.0435,19.44
Tomato,Loam Soil,Seedling Stage,25,22,82.0,0,2,1.1364,20.5
Tomato,Loam Soil,Seedling Stage,26,21,83.0,0,2,1.2381,21.58
Tomato,Loam Soil,Seedling Stage,27,20,84.0,0,2,1.35,22.68
Tomato,Loam Soil,Seedling Stage,28,19,85.0,0,2,1.4737,23.8
Tomato,Loam Soil,Seedling Stage,29,18,86.0,0,2,1.6111,24.94
Tomato,Loam Soil,Seedling Stage,30,17,87.0,0,2,1.7647,26.1
Tomato,Loam Soil,Seedling Stage,31,16,88.0,0,2,1.9375,27.28
Tomato,Loam Soil,Seedling Stage,32,15,89.0,0,2,2.1333,28.48
Tomato,Loam Soil,Seedling Stage,33,14,90.0,0,2,2.3571,29.7
Tomato,Loam Soil,Seedling Stage,34,13,91.0,0,2,2.6154,30.94
Tomato,Loam Soil,Seedling Stage,35,24,80.0,0,2,1.4583,28.0
Tomato,Loam Soil,Seedling Stage,36,23,81.0,0,2,1.5652,29.16
Tomato,Loam Soil,Seedling Stage,37,22,82.0,0,2,1.6818,30.34
Tomato,Loam Soil,Seedling Stage,38,21,83.0,0,2,1.8095,31.54
Tomato,Loam Soil,Seedling Stage,39,20,84.0,0,2,1.95,32.76
Tomato,Loam Soil,Seedling Stage,40,19,85.0,0,2,2.1053,34.0
Tomato,Loam Soil,Seedling Stage,41,18,86.0,0,2,2.2778,35.26
Tomato,Loam Soil,Seedling Stage,42,17,87.0,0,2,2.4706,36.54
Tomato,Loam Soil,Seedling Stage,43,16,88.0,0,2,2.6875,37.84
Tomato,Loam Soil,Seedling Stage,44,15,89.0,0,2,2.9333,39.16
Tomato,Loam Soil,Seedling Stage,45,14,90.0,0,2,3.2143,40.5
Tomato,Loam Soil,Seedling Stage,46,13,91.0,0,2,3.5385,41.86
Tomato,Loam Soil,Seedling Stage,47,24,80.0,0,2,1.9583,37.6
Tomato,Loam Soil,Seedling Stage,48,23,81.0,0,2,2.087,38.88
Tomato,Loam Soil,Seedling Stage,49,22,82.0,0,2,2.2273,40.18
Tomato,Loam Soil,Seedling Stage,50,21,83.0,0,2,2.381,41.5
Tomato,Loam Soil,Seedling Stage,51,20,84.0,0,2,2.55,42.84
Tomato,Loam Soil,Seedling Stage,52,19,85.0,0,2,2.7368,44.2
Tomato,Loam Soil,Seedling Stage,53,18,86.0,0,2,2.9444,45.58
Tomato,Loam Soil,Seedling Stage,54,17,87.0,0,2,3.1765,46.98
Tomato,Loam Soil,Seedling Stage,55,16,88.0,0,2,3.4375,48.4
Tomato,Loam Soil,Seedling Stage,56,15,89.0,0,2,3.7333,49.84
Tomato,Loam Soil,Seedling Stage,57,14,90.0,0,2,4.0714,51.3
Tomato,Loam Soil,Seedling Stage,58,13,91.0,0,2,4.4615,52.78
Tomato,Loam Soil,Seedling Stage,59,24,80.0,0,2,2.4583,47.2
Tomato,Loam Soil,Vegetative Growth / Root or Tuber Development,1,23,81.0,0,3,0.0435,0.81
Tomato,Loam Soil,Vegetative Growth / Root or Tuber Development,2,22,82.0,0,3,0.0909,1.64
Tomato,Loam Soil,Vegetative Growth / Root or Tuber Development,3,21,83.0,0,3,0.1429,2.49
Tomato,Loam Soil,Vegetative Growth / Root or Tuber Development,4,20,84.0,0,3,0.2,3.36
Tomato,Loam Soil,Vegetative Growth / Root or Tuber Development,5,19,85.0,0,3,0.2632,4.25
Tomato,Loam Soil,Vegetative Growth / Root or Tuber Development,6,18,86.0,0,3,0.3333,5.16
Tomato,Loam Soil,Vegetative Growth / Root or Tuber Development,7,17,87.0,0,3,0.4118,6.09
Tomato,Loam Soil,Vegetative Growth / Root or Tuber Development,8,16,88.0,0,3,0.5,7.04
Tomato,Loam Soil,Vegetative Growth / Root or Tuber Development,9,15,89.0,0,3,0.6,8.01
Tomato,Loam Soil,Vegetative Growth / Root or Tuber Development,10,14,90.0,0,3,0.7143,9.0
Tomato,Loam Soil,Vegetative Growth / Root or Tuber Development,11,13,91.0,0,3,0.8462,10.01
Tomato,Loam Soil,Vegetative Growth / Root or Tuber Development,12,24,80.0,0,3,0.5,9.6
Tomato,Loam Soil,Vegetative Growth / Root or Tuber Development,13,23,81.0,0,3,0.5652,10.53
Tomato,Loam Soil,Vegetative Growth / Root or Tuber Development,14,22,82.0,0,3,0.6364,11.48
Tomato,Loam Soil,Vegetative Growth / Root or Tuber Development,15,21,83.0,0,3,0.7143,12.45
Tomato,Loam Soil,Vegetative Growth / Root or Tuber Development,16,20,84.0,0,3,0.8,13.44
Tomato,Loam Soil,Vegetative Growth / Root or Tuber Development,17,19,85.0,0,3,0.8947,14.45
Tomato,Loam Soil,Vegetative Growth / Root or Tuber Development,18,18,86.0,0,3,1.0,15.48
Tomato,Loam Soil,Vegetative Growth / Root or Tuber Development,19,17,87.0,0,3,1.1176,16.53
Tomato,Loam Soil,Vegetative Growth / Root or Tuber Development,20,16,88.0,0,3,1.25,17.6
Tomato,Loam Soil,Vegetative Growth / Root or Tuber Development,21,24,80.0,0,3,0.875,16.8
Tomato,Loam Soil,Vegetative Growth / Root or Tuber Development,22,23,81.0,0,3,0.9565,17.82
Tomato,Loam Soil,Vegetative Growth / Root or Tuber Development,23,22,82.0,0,3,1.0455,18.86
Tomato,Loam Soil,Vegetative Growth / Root or Tuber Development,24,21,83.0,0,3,1.1429,19.92
Tomato,Loam Soil,Vegetative Growth / Root or Tuber Development,25,20,84.0,0,3,1.25,21.0
Tomato,Loam Soil,Vegetative Growth / Root or Tuber Development,26,19,85.0,0,3,1.3684,22.1
Tomato,Loam Soil,Vegetative Growth / Root or Tuber Development,27,18,86.0,0,3,1.5,23.22
Tomato,Loam Soil,Vegetative Growth / Root or Tuber Development,28,17,87.0,0,3,1.6471,24.36
Tomato,Loam Soil,Vegetative Growth / Root or Tuber Development,29,16,88.0,0,3,1.8125,25.52
Tomato,Loam Soil,Vegetative Growth / Root or Tuber Development,30,15,89.0,0,3,2.0,26.7
Tomato,Loam Soil,Vegetative Growth / Root or Tuber Development,31,14,90.0,0,3,2.2143,27.9
Tomato,Loam Soil,Vegetative Growth / Root or Tuber Development,32,13,91.0,0,3,2.4615,29.12
Tomato,Loam Soil,Vegetative Growth / Root or Tuber Development,33,24,80.0,0,3,1.375,26.4
Tomato,Loam Soil,Vegetative Growth / Root or Tuber Development,34,23,81.0,0,3,1.4783,27.54
Tomato,Loam Soil,Vegetative Growth / Root or Tuber Development,35,22,82.0,0,3,1.5909,28.7
Tomato,Loam Soil,Vegetative Growth / Root or Tuber Development,36,21,83.0,0,3,1.7143,29.88
Tomato,Loam Soil,Vegetative Growth / Root or Tuber Development,37,20,84.0,0,3,1.85,31.08
Tomato,Loam Soil,Vegetative Growth / Root or Tuber Development,38,19,85.0,0,3,2.0,32.3
Tomato,Loam Soil,Vegetative Growth / Root or Tuber Development,39,18,86.0,0,3,2.1667,33.54
Tomato,Loam Soil,Vegetative Growth / Root or Tuber Development,40,17,87.0,0,3,2.3529,34.8
Tomato,Loam Soil,Vegetative Growth / Root or Tuber Development,41,16,88.0,0,3,2.5625,36.08
Tomato,Loam Soil,Vegetative Growth / Root or Tuber Development,42,15,89.0,0,3,2.8,37.38
Tomato,Loam Soil,Vegetative Growth / Root or Tuber Development,43,14,90.0,0,3,3.0714,38.7
Tomato,Loam Soil,Vegetative Growth / Root or Tuber Development,44,13,91.0,0,3,3.3846,40.04
Tomato,Loam Soil,Vegetative Growth / Root or Tuber Development,45,24,80.0,0,3,1.875,36.0
Tomato,Loam Soil,Vegetative Growth / Root or Tuber Development,46,23,81.0,0,3,2.0,37.26
Tomato,Loam Soil,Vegetative Growth / Root or Tuber Development,47,22,82.0,0,3,2.1364,38.54
Tomato,Loam Soil,Vegetative Growth / Root or Tuber Development,48,21,83.0,0,3,2.2857,39.84
Tomato,Loam Soil,Vegetative Growth / Root or Tuber Development,49,20,84.0,0,3,2.45,41.16
Tomato,Loam Soil,Flowering,1,19,85.0,0,4,0.0526,0.85
Tomato,Loam Soil,Flowering,2,18,86.0,0,4,0.1111,1.72
Tomato,Loam Soil,Flowering,3,17,87.0,0,4,0.1765,2.61
Tomato,Loam Soil,Flowering,4,16,88.0,0,4,0.25,3.52
Tomato,Loam Soil,Flowering,5,15,89.0,0,4,0.3333,4.45
Tomato,Loam Soil,Flowering,6,14,90.0,0,4,0.4286,5.4
Tomato,Loam Soil,Flowering,7,13,91.0,0,4,0.5385,6.37
Tomato,Loam Soil,Flowering,8,24,80.0,0,4,0.3333,6.4
Tomato,Loam Soil,Flowering,9,23,81.0,0,4,0.3913,7.29
Tomato,Loam Soil,Flowering,10,22,82.0,0,4,0.4545,8.2
Tomato,Loam Soil,Flowering,11,21,83.0,0,4,0.5238,9.13
Tomato,Loam Soil,Flowering,12,20,84.0,0,4,0.6,10.08
Tomato,Loam Soil,Flowering,13,19,85.0,0,4,0.6842,11.05
Tomato,Loam Soil,Flowering,14,18,86.0,0,4,0.7778,12.04
Tomato,Loam Soil,Flowering,15,17,87.0,0,4,0.8824,13.05
Tomato,Loam Soil,Flowering,16,16,88.0,0,4,1.0,14.08
Tomato,Loam Soil,Flowering,17,15,89.0,0,4,1.1333,15.13
Tomato,Loam Soil,Flowering,18,14,90.0,0,4,1.2857,16.2
Tomato,Loam Soil,Flowering,19,13,91.0,0,4,1.4615,17.29
Tomato,Loam Soil,Flowering,20,24,80.0,0,4,0.8333,16.0
Tomato,Loam Soil,Flowering,21,23,81.0,0,4,0.913,17.01
Tomato,Loam Soil,Flowering,22,22,82.0,0,4,1.0,18.04
Tomato,Loam Soil,Flowering,23,21,83.0,0,4,1.0952,19.09
Tomato,Loam Soil,Flowering,24,20,84.0,0,4,1.2,20.16
Tomato,Loam Soil,Flowering,25,19,85.0,0,4,1.3158,21.25
Tomato,Loam Soil,Flowering,26,18,86.0,0,4,1.4444,22.36
Tomato,Loam Soil,Flowering,27,17,87.0,0,4,1.5882,23.49
Tomato,Loam Soil,Flowering,28,16,88.0,0,4,1.75,24.64
Tomato,Loam Soil,Flowering,29,15,89.0,0,4,1.9333,25.81
Tomato,Loam Soil,Flowering,30,14,90.0,0,4,2.1429,27.0
Tomato,Loam Soil,Flowering,31,24,80.0,0,4,1.2917,24.8
Tomato,Loam Soil,Flowering,32,23,81.0,0,4,1.3913,25.92
Tomato,Loam Soil,Flowering,33,22,82.0,0,4,1.5,27.06
Tomato,Loam Soil,Flowering,34,21,83.0,0,4,1.619,28.22
Tomato,Loam Soil,Flowering,35,20,84.0,0,4,1.75,29.4
Tomato,Loam Soil,Flowering,36,19,85.0,0,4,1.8947,30.6
Tomato,Loam Soil,Flowering,37,18,86.0,0,4,2.0556,31.82
Tomato,Loam Soil,Flowering,38,17,87.0,0,4,2.2353,33.06
Tomato,Loam Soil,Flowering,39,16,88.0,0,4,2.4375,34.32
Tomato,Loam Soil,Flowering,40,15,89.0,0,4,2.6667,35.6
Tomato,Loam Soil,Flowering,41,14,90.0,0,4,2.9286,36.9
Tomato,Loam Soil,Flowering,42,13,91.0,0,4,3.2308,38.22
Tomato,Loam Soil,Flowering,43,24,80.0,0,4,1.7917,34.4
Tomato,Loam Soil,Flowering,44,23,81.0,0,4,1.913,35.64
Tomato,Loam Soil,Flowering,45,22,82.0,0,4,2.0455,36.9
Tomato,Loam Soil,Flowering,46,21,83.0,0,4,2.1905,38.18
Tomato,Loam Soil,Flowering,47,20,84.0,0,4,2.35,39.48
Tomato,Loam Soil,Flowering,48,19,85.0,0,4,2.5263,40.8
Tomato,Loam Soil,Flowering,49,18,86.0,0,4,2.7222,42.14
Tomato,Loam Soil,Flowering,50,17,87.0,0,4,2.9412,43.5
Tomato,Loam Soil,Flowering,51,16,88.0,0,4,3.1875,44.88
Tomato,Loam Soil,Flowering,52,15,89.0,0,4,3.4667,46.28
Tomato,Loam Soil,Flowering,53,14,90.0,0,4,3.7857,47.7
Tomato,Loam Soil,Flowering,54,13,91.0,0,4,4.1538,49.14
Tomato,Loam Soil,Flowering,55,24,80.0,0,4,2.2917,44.0
Tomato,Loam Soil,Flowering,56,23,81.0,0,4,2.4348,45.36
Tomato,Loam Soil,Flowering,57,22,82.0,0,4,2.5909,46.74
Tomato,Loam Soil,Flowering,58,21,83.0,0,4,2.7619,48.14
Tomato,Loam Soil,Flowering,59,20,84.0,0,4,2.95,49.56
Tomato,Loam Soil,Pollination,1,19,85.0,0,5,0.0526,0.85
Tomato,Loam Soil,Pollination,2,18,86.0,0,5,0.1111,1.72
Tomato,Loam Soil,Pollination,3,17,87.0,0,5,0.1765,2.61
Tomato,Loam Soil,Pollination,4,16,88.0,0,5,0.25,3.52
Tomato,Loam Soil,Pollination,5,15,89.0,0,5,0.3333,4.45
Tomato,Loam Soil,Pollination,6,14,90.0,0,5,0.4286,5.4
Tomato,Loam Soil,Pollination,7,13,91.0,0,5,0.5385,6.37
Tomato,Loam Soil,Pollination,8,24,80.0,0,5,0.3333,6.4
Tomato,Loam Soil,Pollination,9,23,81.0,0,5,0.3913,7.29
Tomato,Loam Soil,Pollination,10,22,82.0,0,5,0.4545,8.2
Tomato,Loam Soil,Pollination,11,21,83.0,0,5,0.5238,9.13
Tomato,Loam Soil,Pollination,12,20,84.0,0,5,0.6,10.08
Tomato,Loam Soil,Pollination,13,19,85.0,0,5,0.6842,11.05
Tomato,Loam Soil,Pollination,14,18,86.0,0,5,0.7778,12.04
Tomato,Loam Soil,Pollination,15,17,87.0,0,5,0.8824,13.05
Tomato,Loam Soil,Pollination,16,16,88.0,0,5,1.0,14.08
Tomato,Loam Soil,Pollination,17,15,89.0,0,5,1.1333,15.13
Tomato,Loam Soil,Pollination,18,14,90.0,0,5,1.2857,16.2
Tomato,Loam Soil,Pollination,19,13,91.0,0,5,1.4615,17.29
Tomato,Loam Soil,Pollination,20,24,80.0,0,5,0.8333,16.0
Tomato,Loam Soil,Pollination,21,23,81.0,0,5,0.913,17.01
Tomato,Loam Soil,Pollination,22,22,82.0,0,5,1.0,18.04
Tomato,Loam Soil,Pollination,23,21,83.0,0,5,1.0952,19.09
Tomato,Loam Soil,Pollination,24,20,84.0,0,5,1.2,20.16
Tomato,Loam Soil,Pollination,25,19,85.0,0,5,1.3158,21.25
Tomato,Loam Soil,Pollination,26,18,86.0,0,5,1.4444,22.36
Tomato,Loam Soil,Pollination,27,17,87.0,0,5,1.5882,23.49
Tomato,Loam Soil,Pollination,28,16,88.0,0,5,1.75,24.64
Tomato,Loam Soil,Pollination,29,15,89.0,0,5,1.9333,25.81
Tomato,Loam Soil,Pollination,30,14,90.0,0,5,2.1429,27.0
Tomato,Loam Soil,Pollination,31,24,80.0,0,5,1.2917,24.8
Tomato,Loam Soil,Pollination,32,23,81.0,0,5,1.3913,25.92
Tomato,Loam Soil,Pollination,33,22,82.0,0,5,1.5,27.06
Tomato,Loam Soil,Pollination,34,21,83.0,0,5,1.619,28.22
Tomato,Loam Soil,Pollination,35,20,84.0,0,5,1.75,29.4
Tomato,Loam Soil,Pollination,36,19,85.0,0,5,1.8947,30.6
Tomato,Loam Soil,Pollination,37,18,86.0,0,5,2.0556,31.82
Tomato,Loam Soil,Pollination,38,17,87.0,0,5,2.2353,33.06
Tomato,Loam Soil,Pollination,39,16,88.0,0,5,2.4375,34.32
Tomato,Loam Soil,Pollination,40,15,89.0,0,5,2.6667,35.6
Tomato,Loam Soil,Pollination,41,24,80.0,0,5,1.7083,32.8
Tomato,Loam Soil,Pollination,42,23,81.0,0,5,1.8261,34.02
Tomato,Loam Soil,Pollination,43,22,82.0,0,5,1.9545,35.26
Tomato,Loam Soil,Pollination,44,21,83.0,0,5,2.0952,36.52
Tomato,Loam Soil,Pollination,45,20,84.0,0,5,2.25,37.8
Tomato,Loam Soil,Pollination,46,19,85.0,0,5,2.4211,39.1
Tomato,Loam Soil,Pollination,47,18,86.0,0,5,2.6111,40.42
Tomato,Loam Soil,Pollination,48,17,87.0,0,5,2.8235,41.76
Tomato,Loam Soil,Pollination,49,16,88.0,0,5,3.0625,43.12
Tomato,Red Soil,Germination,1,15,89.0,0,1,0.0667,0.89
Tomato,Red Soil,Germination,2,14,90.0,0,1,0.1429,1.8
Tomato,Red Soil,Germination,3,13,91.0,0,1,0.2308,2.73
Tomato,Red Soil,Germination,4,24,80.0,0,1,0.1667,3.2
Tomato,Red Soil,Germination,5,23,81.0,0,1,0.2174,4.05
Tomato,Red Soil,Germination,6,22,82.0,0,1,0.2727,4.92
Tomato,Red Soil,Germination,7,21,83.0,0,1,0.3333,5.81
Tomato,Red Soil,Germination,8,20,84.0,0,1,0.4,6.72
Tomato,Red Soil,Germination,9,19,85.0,0,1,0.4737,7.65
Tomato,Red Soil,Germination,10,18,86.0,0,1,0.5556,8.6
Tomato,Red Soil,Germination,11,17,87.0,0,1,0.6471,9.57
Tomato,Red Soil,Germination,12,16,88.0,0,1,0.75,10.56
Tomato,Red Soil,Germination,13,15,89.0,0,1,0.8667,11.57
Tomato,Red Soil,Germination,14,14,90.0,0,1,1.0,12.6
Tomato,Red Soil,Germination,15,13,91.0,0,1,1.1538,13.65
Tomato,Red Soil,Germination,16,24,80.0,0,1,0.6667,12.8
Tomato,Red Soil,Germination,17,23,81.0,0,1,0.7391,13.77
Tomato,Red Soil,Germination,18,22,82.0,0,1,0.8182,14.76
Tomato,Red Soil,Germination,19,21,83.0,0,1,0.9048,15.77
Tomato,Red Soil,Germination,20,20,84.0,0,1,1.0,16.8
Tomato,Red Soil,Germination,21,19,85.0,0,1,1.1053,17.85
Tomato,Red Soil,Germination,22,18,86.0,0,1,1.2222,18.92
Tomato,Red Soil,Germination,23,17,87.0,0,1,1.3529,20.01
Tomato,Red Soil,Germination,24,16,88.0,0,1,1.5,21.12
Tomato,Red Soil,Germination,25,15,89.0,0,1,1.6667,22.25
Tomato,Red Soil,Germination,26,14,90.0,0,1,1.8571,23.4
Tomato,Red Soil,Germination,27,13,91.0,0,1,2.0769,24.57
Tomato,Red Soil,Germination,28,24,80.0,0,1,1.1667,22.4
Tomato,Red Soil,Germination,29,23,81.0,0,1,1.2609,23.49
Tomato,Red Soil,Germination,30,22,82.0,0,1,1.3636,24.6
Tomato,Red Soil,Germination,31,21,83.0,0,1,1.4762,25.73
Tomato,Red Soil,Germination,32,20,84.0,0,1,1.6,26.88
Tomato,Red Soil,Germination,33,19,85.0,0,1,1.7368,28.05
Tomato,Red Soil,Germination,34,18,86.0,0,1,1.8889,29.24
Tomato,Red Soil,Germination,35,17,87.0,0,1,2.0588,30.45
Tomato,Red Soil,Germination,36,16,88.0,0,1,2.25,31.68
Tomato,Red Soil,Germination,37,15,89.0,0,1,2.4667,32.93
Tomato,Red Soil,Germination,38,14,90.0,0,1,2.7143,34.2
Tomato,Red Soil,Germination,39,13,91.0,0,1,3.0,35.49
Tomato,Red Soil,Germination,40,24,80.0,0,1,1.6667,32.0
Tomato,Red Soil,Germination,41,24,80.0,0,1,1.7083,32.8
Tomato,Red Soil,Germination,42,23,81.0,0,1,1.8261,34.02
Tomato,Red Soil,Germination,43,22,82.0,0,1,1.9545,35.26
Tomato,Red Soil,Germination,44,21,83.0,0,1,2.0952,36.52
Tomato,Red Soil,Germination,45,20,84.0,0,1,2.25,37.8
Tomato,Red Soil,Germination,46,19,85.0,0,1,2.4211,39.1
Tomato,Red Soil,Germination,47,18,86.0,0,1,2.6111,40.42
Tomato,Red Soil,Germination,48,17,87.0,0,1,2.8235,41.76
Tomato,Red Soil,Germination,49,16,88.0,0,1,3.0625,43.12
Tomato,Red Soil,Germination,50,15,89.0,0,1,3.3333,44.5
Tomato,Red Soil,Germination,51,14,90.0,0,1,3.6429,45.9
Tomato,Red Soil,Germination,52,13,91.0,0,1,4.0,47.32
Tomato,Red Soil,Germination,53,24,80.0,0,1,2.2083,42.4
Tomato,Red Soil,Germination,54,23,81.0,0,1,2.3478,43.74
Tomato,Red Soil,Germination,55,22,82.0,0,1,2.5,45.1
Tomato,Red Soil,Germination,56,21,83.0,0,1,2.6667,46.48
Tomato,Red Soil,Germination,57,20,84.0,0,1,2.85,47.88
Tomato,Red Soil,Germination,58,19,85.0,0,1,3.0526,49.3
Tomato,Red Soil,Germination,59,18,86.0,0,1,3.2778,50.74
Tomato,Red Soil,Germination,60,17,87.0,0,1,3.5294,52.2
Tomato,Red Soil,Germination,61,16,88.0,0,1,3.8125,53.68
Tomato,Red Soil,Germination,62,15,89.0,0,1,4.1333,55.18
Tomato,Red Soil,Germination,63,14,90.0,0,1,4.5,56.7
Tomato,Red Soil,Germination,64,13,91.0,0,1,4.9231,58.24
Tomato,Red Soil,Germination,65,24,80.0,0,1,2.7083,52.0
Tomato,Red Soil,Germination,66,23,81.0,0,1,2.8696,53.46
Tomato,Red Soil,Germination,67,22,82.0,0,1,3.0455,54.94
Tomato,Red Soil,Germination,68,21,83.0,0,1,3.2381,56.44
Tomato,Red Soil,Germination,69,20,84.0,0,1,3.45,57.96
Tomato,Red Soil,Germination,70,19,85.0,0,1,3.6842,59.5
Tomato,Red Soil,Germination,71,18,86.0,0,1,3.9444,61.06
Tomato,Red Soil,Germination,72,17,87.0,0,1,4.2353,62.64
Tomato,Red Soil,Germination,73,16,88.0,0,1,4.5625,64.24
Tomato,Red Soil,Germination,74,15,89.0,0,1,4.9333,65.86
Tomato,Red Soil,Germination,75,14,90.0,0,1,5.3571,67.5
Tomato,Red Soil,Germination,76,13,91.0,0,1,5.8462,69.16
Tomato,Red Soil,Germination,77,24,80.0,0,1,3.2083,61.6
Tomato,Red Soil,Germination,78,23,81.0,0,1,3.3913,63.18
Tomato,Red Soil,Germination,79,22,82.0,0,1,3.5909,64.78
Tomato,Red Soil,Seedling Stage,1,21,83.0,0,2,0.0476,0.83
Tomato,Red Soil,Seedling Stage,2,20,84.0,0,2,0.1,1.68
Tomato,Red Soil,Seedling Stage,3,19,85.0,0,2,0.1579,2.55
Tomato,Red Soil,Seedling Stage,4,18,86.0,0,2,0.2222,3.44
Tomato,Red Soil,Seedling Stage,5,17,87.0,0,2,0.2941,4.35
Tomato,Red Soil,Seedling Stage,6,16,88.0,0,2,0.375,5.28
Tomato,Red Soil,Seedling Stage,7,15,89.0,0,2,0.4667,6.23
Tomato,Red Soil,Seedling Stage,8,14,90.0,0,2,0.5714,7.2
Tomato,Red Soil,Seedling Stage,9,13,91.0,0,2,0.6923,8.19
Tomato,Red Soil,Seedling Stage,10,24,80.0,0,2,0.4167,8.0
Tomato,Red Soil,Seedling Stage,11,23,81.0,0,2,0.4783,8.91
Tomato,Red Soil,Seedling Stage,12,22,82.0,0,2,0.5455,9.84
Tomato,Red Soil,Seedling Stage,13,21,83.0,0,2,0.619,10.79
Tomato,Red Soil,Seedling Stage,14,20,84.0,0,2,0.7,11.76
Tomato,Red Soil,Seedling Stage,15,19,85.0,0,2,0.7895,12.75
Tomato,Red Soil,Seedling Stage,16,18,86.0,0,2,0.8889,13.76
Tomato,Red Soil,Seedling Stage,17,17,87.0,0,2,1.0,14.79
Tomato,Red Soil,Seedling Stage,18,16,88.0,0,2,1.125,15.84
Tomato,Red Soil,Seedling Stage,19,15,89.0,0,2,1.2667,16.91
Tomato,Red Soil,Seedling Stage,20,14,90.0,0,2,1.4286,18.0
Tomato,Red Soil,Seedling Stage,21,13,91.0,0,2,1.6154,19.11
Tomato,Red Soil,Seedling Stage,22,24,80.0,0,2,0.9167,17.6
Tomato,Red Soil,Seedling Stage,23,23,81.0,0,2,1.0,18.63
Tomato,Red Soil,Seedling Stage,24,22,82.0,0,2,1.0909,19.68
Tomato,Red Soil,Seedling Stage,25,21,83.0,0,2,1.1905,20.75
Tomato,Red Soil,Seedling Stage,26,20,84.0,0,2,1.3,21.84
Tomato,Red Soil,Seedling Stage,27,19,85.0,0,2,1.4211,22.95
Tomato,Red Soil,Seedling Stage,28,18,86.0,0,2,1.5556,24.08
Tomato,Red Soil,Seedling Stage,29,17,87.0,0,2,1.7059,25.23
Tomato,Red Soil,Seedling Stage,30,16,88.0,0,2,1.875,26.4
Tomato,Red Soil,Seedling Stage,31,15,89.0,0,2,2.0667,27.59
Tomato,Red Soil,Seedling Stage,32,14,90.0,0,2,2.2857,28.8
Tomato,Red Soil,Seedling Stage,33,13,91.0,0,2,2.5385,30.03
Tomato,Red Soil,Seedling Stage,34,24,80.0,0,2,1.4167,27.2
Tomato,Red Soil,Seedling Stage,35,23,81.0,0,2,1.5217,28.35
Tomato,Red Soil,Seedling Stage,36,22,82.0,0,2,1.6364,29.52
Tomato,Red Soil,Seedling Stage,37,21,83.0,0,2,1.7619,30.71
Tomato,Red Soil,Seedling Stage,38,20,84.0,0,2,1.9,31.92
Tomato,Red Soil,Seedling Stage,39,19,85.0,0,2,2.0526,33.15
Tomato,Red Soil,Seedling Stage,40,18,86.0,0,2,2.2222,34.4
Tomato,Red Soil,Seedling Stage,41,24,80.0,0,2,1.7083,32.8
Tomato,Red Soil,Seedling Stage,42,23,81.0,0,2,1.8261,34.02
Tomato,Red Soil,Seedling Stage,43,22,82.0,0,2,1.9545,35.26
Tomato,Red Soil,Seedling Stage,44,21,83.0,0,2,2.0952,36.52
Tomato,Red Soil,Seedling Stage,45,20,84.0,0,2,2.25,37.8
Tomato,Red Soil,Seedling Stage,46,19,85.0,0,2,2.4211,39.1
Tomato,Red Soil,Seedling Stage,47,18,86.0,0,2,2.6111,40.42
Tomato,Red Soil,Seedling Stage,48,17,87.0,0,2,2.8235,41.76
Tomato,Red Soil,Seedling Stage,49,16,88.0,0,2,3.0625,43.12
Tomato,Red Soil,Seedling Stage,50,15,89.0,0,2,3.3333,44.5
Tomato,Red Soil,Seedling Stage,51,14,90.0,0,2,3.6429,45.9
Tomato,Red Soil,Seedling Stage,52,13,91.0,0,2,4.0,47.32
Tomato,Red Soil,Seedling Stage,53,24,80.0,0,2,2.2083,42.4
Tomato,Red Soil,Seedling Stage,54,23,81.0,0,2,2.3478,43.74
Tomato,Red Soil,Seedling Stage,55,22,82.0,0,2,2.5,45.1
Tomato,Red Soil,Seedling Stage,56,21,83.0,0,2,2.6667,46.48
Tomato,Red Soil,Seedling Stage,57,20,84.0,0,2,2.85,47.88
Tomato,Red Soil,Seedling Stage,58,19,85.0,0,2,3.0526,49.3
Tomato,Red Soil,Seedling Stage,59,18,86.0,0,2,3.2778,50.74
Tomato,Red Soil,Seedling Stage,60,17,87.0,0,2,3.5294,52.2
Tomato,Red Soil,Seedling Stage,61,16,88.0,0,2,3.8125,53.68
Tomato,Red Soil,Seedling Stage,62,15,89.0,0,2,4.1333,55.18
Tomato,Red Soil,Seedling Stage,63,14,90.0,0,2,4.5,56.7
Tomato,Red Soil,Seedling Stage,64,13,91.0,0,2,4.9231,58.24
Tomato,Red Soil,Seedling Stage,65,24,80.0,0,2,2.7083,52.0
Tomato,Red Soil,Seedling Stage,66,23,81.0,0,2,2.8696,53.46
Tomato,Red Soil,Seedling Stage,67,22,82.0,0,2,3.0455,54.94
Tomato,Red Soil,Seedling Stage,68,21,83.0,0,2,3.2381,56.44
Tomato,Red Soil,Seedling Stage,69,20,84.0,0,2,3.45,57.96
Tomato,Red Soil,Vegetative Growth / Root or Tuber Development,1,19,85.0,0,3,0.0526,0.85
Tomato,Red Soil,Vegetative Growth / Root or Tuber Development,2,18,86.0,0,3,0.1111,1.72
Tomato,Red Soil,Vegetative Growth / Root or Tuber Development,3,17,87.0,0,3,0.1765,2.61
Tomato,Red Soil,Vegetative Growth / Root or Tuber Development,4,16,88.0,0,3,0.25,3.52
Tomato,Red Soil,Vegetative Growth / Root or Tuber Development,5,15,89.0,0,3,0.3333,4.45
Tomato,Red Soil,Vegetative Growth / Root or Tuber Development,6,14,90.0,0,3,0.4286,5.4
Tomato,Red Soil,Vegetative Growth / Root or Tuber Development,7,13,91.0,0,3,0.5385,6.37
Tomato,Red Soil,Vegetative Growth / Root or Tuber Development,8,24,80.0,0,3,0.3333,6.4
Tomato,Red Soil,Vegetative Growth / Root or Tuber Development,9,23,81.0,0,3,0.3913,7.29
Tomato,Red Soil,Vegetative Growth / Root or Tuber Development,10,22,82.0,0,3,0.4545,8.2
Tomato,Red Soil,Vegetative Growth / Root or Tuber Development,11,21,83.0,0,3,0.5238,9.13
Tomato,Red Soil,Vegetative Growth / Root or Tuber Development,12,20,84.0,0,3,0.6,10.08
Tomato,Red Soil,Vegetative Growth / Root or Tuber Development,13,19,85.0,0,3,0.6842,11.05
Tomato,Red Soil,Vegetative Growth / Root or Tuber Development,14,18,86.0,0,3,0.7778,12.04
Tomato,Red Soil,Vegetative Growth / Root or Tuber Development,15,17,87.0,0,3,0.8824,13.05
Tomato,Red Soil,Vegetative Growth / Root or Tuber Development,16,16,88.0,0,3,1.0,14.08
Tomato,Red Soil,Vegetative Growth / Root or Tuber Development,17,15,89.0,0,3,1.1333,15.13
Tomato,Red Soil,Vegetative Growth / Root or Tuber Development,18,14,90.0,0,3,1.2857,16.2
Tomato,Red Soil,Vegetative Growth / Root or Tuber Development,19,13,91.0,0,3,1.4615,17.29
Tomato,Red Soil,Vegetative Growth / Root or Tuber Development,20,24,80.0,0,3,0.8333,16.0
Tomato,Red Soil,Vegetative Growth / Root or Tuber Development,21,23,81.0,0,3,0.913,17.01
Tomato,Red Soil,Vegetative Growth / Root or Tuber Development,22,22,82.0,0,3,1.0,18.04
Tomato,Red Soil,Vegetative Growth / Root or Tuber Development,23,21,83.0,0,3,1.0952,19.09
Tomato,Red Soil,Vegetative Growth / Root or Tuber Development,24,20,84.0,0,3,1.2,20.16
Tomato,Red Soil,Vegetative Growth / Root or Tuber Development,25,19,85.0,0,3,1.3158,21.25
Tomato,Red Soil,Vegetative Growth / Root or Tuber Development,26,18,86.0,0,3,1.4444,22.36
Tomato,Red Soil,Vegetative Growth / Root or Tuber Development,27,17,87.0,0,3,1.5882,23.49
Tomato,Red Soil,Vegetative Growth / Root or Tuber Development,28,16,88.0,0,3,1.75,24.64
Tomato,Red Soil,Vegetative Growth / Root or Tuber Development,29,15,89.0,0,3,1.9333,25.81
Tomato,Red Soil,Vegetative Growth / Root or Tuber Development,30,14,90.0,0,3,2.1429,27.0
Tomato,Red Soil,Vegetative Growth / Root or Tuber Development,31,13,91.0,0,3,2.3846,28.21
Tomato,Red Soil,Vegetative Growth / Root or Tuber Development,32,24,80.0,0,3,1.3333,25.6
Tomato,Red Soil,Vegetative Growth / Root or Tuber Development,33,23,81.0,0,3,1.4348,26.73
Tomato,Red Soil,Vegetative Growth / Root or Tuber Development,34,22,82.0,0,3,1.5455,27.88
Tomato,Red Soil,Vegetative Growth / Root or Tuber Development,35,21,83.0,0,3,1.6667,29.05
Tomato,Red Soil,Vegetative Growth / Root or Tuber Development,36,20,84.0,0,3,1.8,30.24
Tomato,Red Soil,Vegetative Growth / Root or Tuber Development,37,19,85.0,0,3,1.9474,31.45
Tomato,Red Soil,Vegetative Growth / Root or Tuber Development,38,18,86.0,0,3,2.1111,32.68
Tomato,Red Soil,Vegetative Growth / Root or Tuber Development,39,17,87.0,0,3,2.2941,33.93
Tomato,Red Soil,Vegetative Growth / Root or Tuber Development,40,16,88.0,0,3,2.5,35.2
Tomato,Red Soil,Vegetative Growth / Root or Tuber Development,41,24,80.0,0,3,1.7083,32.8
Tomato,Red Soil,Vegetative Growth / Root or Tuber Development,42,23,81.0,0,3,1.8261,34.02
Tomato,Red Soil,Vegetative Growth / Root or Tuber Development,43,22,82.0,0,3,1.9545,35.26
Tomato,Red Soil,Vegetative Growth / Root or Tuber Development,44,21,83.0,0,3,2.0952,36.52
Tomato,Red Soil,Vegetative Growth / Root or Tuber Development,45,20,84.0,0,3,2.25,37.8
Tomato,Red Soil,Vegetative Growth / Root or Tuber Development,46,19,85.0,0,3,2.4211,39.1
Tomato,Red Soil,Vegetative Growth / Root or Tuber Development,47,18,86.0,0,3,2.6111,40.42
Tomato,Red Soil,Vegetative Growth / Root or Tuber Development,48,17,87.0,0,3,2.8235,41.76
Tomato,Red Soil,Vegetative Growth / Root or Tuber Development,49,16,88.0,0,3,3.0625,43.12
Tomato,Red Soil,Vegetative Growth / Root or Tuber Development,50,15,89.0,0,3,3.3333,44.5
Tomato,Red Soil,Vegetative Growth / Root or Tuber Development,51,14,90.0,0,3,3.6429,45.9
Tomato,Red Soil,Vegetative Growth / Root or Tuber Development,52,13,91.0,0,3,4.0,47.32
Tomato,Red Soil,Vegetative Growth / Root or Tuber Development,53,24,80.0,0,3,2.2083,42.4
Tomato,Red Soil,Vegetative Growth / Root or Tuber Development,54,23,81.0,0,3,2.3478,43.74
Tomato,Red Soil,Vegetative Growth / Root or Tuber Development,55,22,82.0,0,3,2.5,45.1
Tomato,Red Soil,Vegetative Growth / Root or Tuber Development,56,21,83.0,0,3,2.6667,46.48
Tomato,Red Soil,Vegetative Growth / Root or Tuber Development,57,20,84.0,0,3,2.85,47.88
Tomato,Red Soil,Vegetative Growth / Root or Tuber Development,58,19,85.0,0,3,3.0526,49.3
Tomato,Red Soil,Vegetative Growth / Root or Tuber Development,59,18,86.0,0,3,3.2778,50.74
Tomato,Red Soil,Flowering,1,17,87.0,0,4,0.0588,0.87
Tomato,Red Soil,Flowering,2,16,88.0,0,4,0.125,1.76
Tomato,Red Soil,Flowering,3,15,89.0,0,4,0.2,2.67
Tomato,Red Soil,Flowering,4,14,90.0,0,4,0.2857,3.6
Tomato,Red Soil,Flowering,5,13,91.0,0,4,0.3846,4.55
Tomato,Red Soil,Flowering,6,24,80.0,0,4,0.25,4.8
Tomato,Red Soil,Flowering,7,23,81.0,0,4,0.3043,5.67
Tomato,Red Soil,Flowering,8,22,82.0,0,4,0.3636,6.56
Tomato,Red Soil,Flowering,9,21,83.0,0,4,0.4286,7.47
Tomato,Red Soil,Flowering,10,20,84.0,0,4,0.5,8.4
Tomato,Red Soil,Flowering,11,19,85.0,0,4,0.5789,9.35
Tomato,Red Soil,Flowering,12,18,86.0,0,4,0.6667,10.32
Tomato,Red Soil,Flowering,13,17,87.0,0,4,0.7647,11.31
Tomato,Red Soil,Flowering,14,16,88.0,0,4,0.875,12.32
Tomato,Red Soil,Flowering,15,15,89.0,0,4,1.0,13.35
Tomato,Red Soil,Flowering,16,14,90.0,0,4,1.1429,14.4
Tomato,Red Soil,Flowering,17,13,91.0,0,4,1.3077,15.47
Tomato,Red Soil,Flowering,18,24,80.0,0,4,0.75,14.4
Tomato,Red Soil,Flowering,19,23,81.0,0,4,0.8261,15.39
Tomato,Red Soil,Flowering,20,22,82.0,0,4,0.9091,16.4
Tomato,Red Soil,Flowering,21,21,83.0,0,4,1.0,17.43
Tomato,Red Soil,Flowering,22,20,84.0,0,4,1.1,18.48
Tomato,Red Soil,Flowering,23,19,85.0,0,4,1.2105,19.55
Tomato,Red Soil,Flowering,24,18,86.0,0,4,1.3333,20.64
Tomato,Red Soil,Flowering,25,17,87.0,0,4,1.4706,21.75
Tomato,Red Soil,Flowering,26,16,88.0,0,4,1.625,22.88
Tomato,Red Soil,Flowering,27,15,89.0,0,4,1.8,24.03
Tomato,Red Soil,Flowering,28,14,90.0,0,4,2.0,25.2
Tomato,Red Soil,Flowering,29,13,91.0,0,4,2.2308,26.39
Tomato,Red Soil,Flowering,30,24,80.0,0,4,1.25,24.0
Tomato,Red Soil,Flowering,31,23,81.0,0,4,1.3478,25.11
Tomato,Red Soil,Flowering,32,22,82.0,0,4,1.4545,26.24
Tomato,Red Soil,Flowering,33,21,83.0,0,4,1.5714,27.39
Tomato,Red Soil,Flowering,34,20,84.0,0,4,1.7,28.56
Tomato,Red Soil,Flowering,35,19,85.0,0,4,1.8421,29.75
Tomato,Red Soil,Flowering,36,18,86.0,0,4,2.0,30.96
Tomato,Red Soil,Flowering,37,17,87.0,0,4,2.1765,32.19
Tomato,Red Soil,Flowering,38,16,88.0,0,4,2.375,33.44
Tomato,Red Soil,Flowering,39,15,89.0,0,4,2.6,34.71
Tomato,Red Soil,Flowering,40,14,90.0,0,4,2.8571,36.0
Tomato,Red Soil,Flowering,41,24,80.0,0,4,1.7083,32.8
Tomato,Red Soil,Flowering,42,23,81.0,0,4,1.8261,34.02
Tomato,Red Soil,Flowering,43,22,82.0,0,4,1.9545,35.26
Tomato,Red Soil,Flowering,44,21,83.0,0,4,2.0952,36.52
Tomato,Red Soil,Flowering,45,20,84.0,0,4,2.25,37.8
Tomato,Red Soil,Flowering,46,19,85.0,0,4,2.4211,39.1
Tomato,Red Soil,Flowering,47,18,86.0,0,4,2.6111,40.42
Tomato,Red Soil,Flowering,48,17,87.0,0,4,2.8235,41.76
Tomato,Red Soil,Flowering,49,16,88.0,0,4,3.0625,43.12
Tomato,Red Soil,Flowering,50,15,89.0,0,4,3.3333,44.5
Tomato,Red Soil,Flowering,51,14,90.0,0,4,3.6429,45.9
Tomato,Red Soil,Flowering,52,13,91.0,0,4,4.0,47.32
Tomato,Red Soil,Flowering,53,24,80.0,0,4,2.2083,42.4
Tomato,Red Soil,Flowering,54,23,81.0,0,4,2.3478,43.74
Tomato,Red Soil,Flowering,55,22,82.0,0,4,2.5,45.1
Tomato,Red Soil,Flowering,56,21,83.0,0,4,2.6667,46.48
Tomato,Red Soil,Flowering,57,20,84.0,0,4,2.85,47.88
Tomato,Red Soil,Flowering,58,19,85.0,0,4,3.0526,49.3
Tomato,Red Soil,Flowering,59,18,86.0,0,4,3.2778,50.74
Tomato,Red Soil,Flowering,60,17,87.0,0,4,3.5294,52.2
Tomato,Red Soil,Flowering,61,16,88.0,0,4,3.8125,53.68
Tomato,Red Soil,Flowering,62,15,89.0,0,4,4.1333,55.18
Tomato,Red Soil,Flowering,63,14,90.0,0,4,4.5,56.7
Tomato,Red Soil,Flowering,64,13,91.0,0,4,4.9231,58.24
Tomato,Red Soil,Flowering,65,24,80.0,0,4,2.7083,52.0
Tomato,Red Soil,Flowering,66,23,81.0,0,4,2.8696,53.46
Tomato,Red Soil,Flowering,67,22,82.0,0,4,3.0455,54.94
Tomato,Red Soil,Flowering,68,21,83.0,0,4,3.2381,56.44
Tomato,Red Soil,Flowering,69,20,84.0,0,4,3.45,57.96
Tomato,Red Soil,Pollination,1,19,85.0,0,5,0.0526,0.85
Tomato,Red Soil,Pollination,2,18,86.0,0,5,0.1111,1.72
Tomato,Red Soil,Pollination,3,17,87.0,0,5,0.1765,2.61
Tomato,Red Soil,Pollination,4,16,88.0,0,5,0.25,3.52
Tomato,Red Soil,Pollination,5,15,89.0,0,5,0.3333,4.45
Tomato,Red Soil,Pollination,6,14,90.0,0,5,0.4286,5.4
Tomato,Red Soil,Pollination,7,13,91.0,0,5,0.5385,6.37
Tomato,Red Soil,Pollination,8,24,80.0,0,5,0.3333,6.4
Tomato,Red Soil,Pollination,9,23,81.0,0,5,0.3913,7.29
Tomato,Red Soil,Pollination,10,22,82.0,0,5,0.4545,8.2
Tomato,Red Soil,Pollination,11,21,83.0,0,5,0.5238,9.13
Tomato,Red Soil,Pollination,12,20,84.0,0,5,0.6,10.08
Tomato,Red Soil,Pollination,13,19,85.0,0,5,0.6842,11.05
Tomato,Red Soil,Pollination,14,18,86.0,0,5,0.7778,12.04
Tomato,Red Soil,Pollination,15,17,87.0,0,5,0.8824,13.05
Tomato,Red Soil,Pollination,16,16,88.0,0,5,1.0,14.08
Tomato,Red Soil,Pollination,17,15,89.0,0,5,1.1333,15.13
Tomato,Red Soil,Pollination,18,14,90.0,0,5,1.2857,16.2
Tomato,Red Soil,Pollination,19,13,91.0,0,5,1.4615,17.29
Tomato,Red Soil,Pollination,20,24,80.0,0,5,0.8333,16.0
Tomato,Red Soil,Pollination,21,23,81.0,0,5,0.913,17.01
Tomato,Red Soil,Pollination,22,22,82.0,0,5,1.0,18.04
Tomato,Red Soil,Pollination,23,21,83.0,0,5,1.0952,19.09
Tomato,Red Soil,Pollination,24,20,84.0,0,5,1.2,20.16
Tomato,Red Soil,Pollination,25,19,85.0,0,5,1.3158,21.25
Tomato,Red Soil,Pollination,26,18,86.0,0,5,1.4444,22.36
Tomato,Red Soil,Pollination,27,17,87.0,0,5,1.5882,23.49
Tomato,Red Soil,Pollination,28,16,88.0,0,5,1.75,24.64
Tomato,Red Soil,Pollination,29,15,89.0,0,5,1.9333,25.81
Tomato,Red Soil,Pollination,30,14,90.0,0,5,2.1429,27.0
Tomato,Red Soil,Pollination,31,24,80.0,0,5,1.2917,24.8
Tomato,Red Soil,Pollination,32,23,81.0,0,5,1.3913,25.92
Tomato,Red Soil,Pollination,33,22,82.0,0,5,1.5,27.06
Tomato,Red Soil,Pollination,34,21,83.0,0,5,1.619,28.22
Tomato,Red Soil,Pollination,35,20,84.0,0,5,1.75,29.4
Tomato,Red Soil,Pollination,36,19,85.0,0,5,1.8947,30.6
Tomato,Red Soil,Pollination,37,18,86.0,0,5,2.0556,31.82
Tomato,Red Soil,Pollination,38,17,87.0,0,5,2.2353,33.06
Tomato,Red Soil,Pollination,39,16,88.0,0,5,2.4375,34.32
Tomato,Red Soil,Pollination,40,15,89.0,0,5,2.6667,35.6
Tomato,Red Soil,Pollination,41,24,80.0,0,5,1.7083,32.8
Tomato,Red Soil,Pollination,42,23,81.0,0,5,1.8261,34.02
Tomato,Red Soil,Pollination,43,22,82.0,0,5,1.9545,35.26
Tomato,Red Soil,Pollination,44,21,83.0,0,5,2.0952,36.52
Tomato,Red Soil,Pollination,45,20,84.0,0,5,2.25,37.8
Tomato,Red Soil,Pollination,46,19,85.0,0,5,2.4211,39.1
Tomato,Red Soil,Pollination,47,18,86.0,0,5,2.6111,40.42
Tomato,Red Soil,Pollination,48,17,87.0,0,5,2.8235,41.76
Tomato,Red Soil,Pollination,49,16,88.0,0,5,3.0625,43.12
Tomato,Red Soil,Pollination,50,15,89.0,0,5,3.3333,44.5
Tomato,Red Soil,Pollination,51,14,90.0,0,5,3.6429,45.9
Tomato,Red Soil,Pollination,52,13,91.0,0,5,4.0,47.32
Tomato,Red Soil,Pollination,53,24,80.0,0,5,2.2083,42.4
Tomato,Red Soil,Pollination,54,23,81.0,0,5,2.3478,43.74
Tomato,Red Soil,Pollination,55,22,82.0,0,5,2.5,45.1
Tomato,Red Soil,Pollination,56,21,83.0,0,5,2.6667,46.48
Tomato,Red Soil,Pollination,57,20,84.0,0,5,2.85,47.88
Tomato,Red Soil,Pollination,58,19,85.0,0,5,3.0526,49.3
Tomato,Red Soil,Pollination,59,18,86.0,0,5,3.2778,50.74
Tomato,Clay Soil,Germination,1,17,87.0,0,1,0.0588,0.87
Tomato,Clay Soil,Germination,2,16,88.0,0,1,0.125,1.76
Tomato,Clay Soil,Germination,3,15,89.0,0,1,0.2,2.67
Tomato,Clay Soil,Germination,4,14,90.0,0,1,0.2857,3.6
Tomato,Clay Soil,Germination,5,13,91.0,0,1,0.3846,4.55
Tomato,Clay Soil,Germination,6,24,80.0,0,1,0.25,4.8
Tomato,Clay Soil,Germination,7,23,81.0,0,1,0.3043,5.67
Tomato,Clay Soil,Germination,8,22,82.0,0,1,0.3636,6.56
Tomato,Clay Soil,Germination,9,21,83.0,0,1,0.4286,7.47
Tomato,Clay Soil,Germination,10,20,84.0,0,1,0.5,8.4
Tomato,Clay Soil,Germination,11,19,85.0,0,1,0.5789,9.35
Tomato,Clay Soil,Germination,12,18,86.0,0,1,0.6667,10.32
Tomato,Clay Soil,Germination,13,17,87.0,0,1,0.7647,11.31
Tomato,Clay Soil,Germination,14,16,88.0,0,1,0.875,12.32
Tomato,Clay Soil,Germination,15,15,89.0,0,1,1.0,13.35
Tomato,Clay Soil,Germination,16,14,90.0,0,1,1.1429,14.4
Tomato,Clay Soil,Germination,17,13,91.0,0,1,1.3077,15.47
Tomato,Clay Soil,Germination,18,24,80.0,0,1,0.75,14.4
Tomato,Clay Soil,Germination,19,23,81.0,0,1,0.8261,15.39
Tomato,Clay Soil,Germination,20,22,82.0,0,1,0.9091,16.4
Tomato,Clay Soil,Germination,21,21,83.0,0,1,1.0,17.43
Tomato,Clay Soil,Germination,22,20,84.0,0,1,1.1,18.48
Tomato,Clay Soil,Germination,23,19,85.0,0,1,1.2105,19.55
Tomato,Clay Soil,Germination,24,18,86.0,0,1,1.3333,20.64
Tomato,Clay Soil,Germination,25,17,87.0,0,1,1.4706,21.75
Tomato,Clay Soil,Germination,26,16,88.0,0,1,1.625,22.88
Tomato,Clay Soil,Germination,27,15,89.0,0,1,1.8,24.03
Tomato,Clay Soil,Germination,28,14,90.0,0,1,2.0,25.2
Tomato,Clay Soil,Germination,29,13,91.0,0,1,2.2308,26.39
Tomato,Clay Soil,Germination,30,24,80.0,0,1,1.25,24.0
Tomato,Clay Soil,Germination,31,24,80.0,0,1,1.2917,24.8
Tomato,Clay Soil,Germination,32,23,81.0,0,1,1.3913,25.92
Tomato,Clay Soil,Germination,33,22,82.0,0,1,1.5,27.06
Tomato,Clay Soil,Germination,34,21,83.0,0,1,1.619,28.22
Tomato,Clay Soil,Germination,35,20,84.0,0,1,1.75,29.4
Tomato,Clay Soil,Germination,36,19,85.0,0,1,1.8947,30.6
Tomato,Clay Soil,Germination,37,18,86.0,0,1,2.0556,31.82
Tomato,Clay Soil,Germination,38,17,87.0,0,1,2.2353,33.06
Tomato,Clay Soil,Germination,39,16,88.0,0,1,2.4375,34.32
Tomato,Clay Soil,Germination,40,15,89.0,0,1,2.6667,35.6
Tomato,Clay Soil,Germination,41,14,90.0,0,1,2.9286,36.9
Tomato,Clay Soil,Germination,42,13,91.0,0,1,3.2308,38.22
Tomato,Clay Soil,Germination,43,24,80.0,0,1,1.7917,34.4
Tomato,Clay Soil,Germination,44,23,81.0,0,1,1.913,35.64
Tomato,Clay Soil,Germination,45,22,82.0,0,1,2.0455,36.9
Tomato,Clay Soil,Germination,46,21,83.0,0,1,2.1905,38.18
Tomato,Clay Soil,Germination,47,20,84.0,0,1,2.35,39.48
Tomato,Clay Soil,Germination,48,19,85.0,0,1,2.5263,40.8
Tomato,Clay Soil,Germination,49,18,86.0,0,1,2.7222,42.14
Tomato,Clay Soil,Germination,50,17,87.0,0,1,2.9412,43.5
Tomato,Clay Soil,Germination,51,16,88.0,0,1,3.1875,44.88
Tomato,Clay Soil,Germination,52,15,89.0,0,1,3.4667,46.28
Tomato,Clay Soil,Germination,53,14,90.0,0,1,3.7857,47.7
Tomato,Clay Soil,Germination,54,13,91.0,0,1,4.1538,49.14
Tomato,Clay Soil,Germination,55,24,80.0,0,1,2.2917,44.0
Tomato,Clay Soil,Germination,56,23,81.0,0,1,2.4348,45.36
Tomato,Clay Soil,Germination,57,22,82.0,0,1,2.5909,46.74
Tomato,Clay Soil,Germination,58,21,83.0,0,1,2.7619,48.14
Tomato,Clay Soil,Germination,59,20,84.0,0,1,2.95,49.56
Tomato,Clay Soil,Germination,60,19,85.0,0,1,3.1579,51.0
Tomato,Clay Soil,Germination,61,18,86.0,0,1,3.3889,52.46
Tomato,Clay Soil,Germination,62,17,87.0,0,1,3.6471,53.94
Tomato,Clay Soil,Germination,63,16,88.0,0,1,3.9375,55.44
Tomato,Clay Soil,Germination,64,15,89.0,0,1,4.2667,56.96
Tomato,Clay Soil,Germination,65,14,90.0,0,1,4.6429,58.5
Tomato,Clay Soil,Germination,66,13,91.0,0,1,5.0769,60.06
Tomato,Clay Soil,Germination,67,24,80.0,0,1,2.7917,53.6
Tomato,Clay Soil,Germination,68,23,81.0,0,1,2.9565,55.08
Tomato,Clay Soil,Germination,69,22,82.0,0,1,3.1364,56.58
Tomato,Clay Soil,Germination,70,21,83.0,0,1,3.3333,58.1
Tomato,Clay Soil,Germination,71,20,84.0,0,1,3.55,59.64
Tomato,Clay Soil,Germination,72,19,85.0,0,1,3.7895,61.2
Tomato,Clay Soil,Germination,73,18,86.0,0,1,4.0556,62.78
Tomato,Clay Soil,Germination,74,17,87.0,0,1,4.3529,64.38
Tomato,Clay Soil,Germination,75,16,88.0,0,1,4.6875,66.0
Tomato,Clay Soil,Germination,76,15,89.0,0,1,5.0667,67.64
Tomato,Clay Soil,Germination,77,14,90.0,0,1,5.5,69.3
Tomato,Clay Soil,Germination,78,13,91.0,0,1,6.0,70.98
Tomato,Clay Soil,Germination,79,24,80.0,0,1,3.2917,63.2
Tomato,Clay Soil,Seedling Stage,1,23,81.0,0,2,0.0435,0.81
Tomato,Clay Soil,Seedling Stage,2,22,82.0,0,2,0.0909,1.64
Tomato,Clay Soil,Seedling Stage,3,21,83.0,0,2,0.1429,2.49
Tomato,Clay Soil,Seedling Stage,4,20,84.0,0,2,0.2,3.36
Tomato,Clay Soil,Seedling Stage,5,19,85.0,0,2,0.2632,4.25
Tomato,Clay Soil,Seedling Stage,6,18,86.0,0,2,0.3333,5.16
Tomato,Clay Soil,Seedling Stage,7,17,87.0,0,2,0.4118,6.09
Tomato,Clay Soil,Seedling Stage,8,16,88.0,0,2,0.5,7.04
Tomato,Clay Soil,Seedling Stage,9,15,89.0,0,2,0.6,8.01
Tomato,Clay Soil,Seedling Stage,10,14,90.0,0,2,0.7143,9.0
Tomato,Clay Soil,Seedling Stage,11,13,91.0,0,2,0.8462,10.01
Tomato,Clay Soil,Seedling Stage,12,24,80.0,0,2,0.5,9.6
Tomato,Clay Soil,Seedling Stage,13,23,81.0,0,2,0.5652,10.53
Tomato,Clay Soil,Seedling Stage,14,22,82.0,0,2,0.6364,11.48
Tomato,Clay Soil,Seedling Stage,15,21,83.0,0,2,0.7143,12.45
Tomato,Clay Soil,Seedling Stage,16,20,84.0,0,2,0.8,13.44
Tomato,Clay Soil,Seedling Stage,17,19,85.0,0,2,0.8947,14.45
Tomato,Clay Soil,Seedling Stage,18,18,86.0,0,2,1.0,15.48
Tomato,Clay Soil,Seedling Stage,19,17,87.0,0,2,1.1176,16.53
Tomato,Clay Soil,Seedling Stage,20,16,88.0,0,2,1.25,17.6
Tomato,Clay Soil,Seedling Stage,21,15,89.0,0,2,1.4,18.69
Tomato,Clay Soil,Seedling Stage,22,14,90.0,0,2,1.5714,19.8
Tomato,Clay Soil,Seedling Stage,23,13,91.0,0,2,1.7692,20.93
Tomato,Clay Soil,Seedling Stage,24,24,80.0,0,2,1.0,19.2
Tomato,Clay Soil,Seedling Stage,25,23,81.0,0,2,1.087,20.25
Tomato,Clay Soil,Seedling Stage,26,22,82.0,0,2,1.1818,21.32
Tomato,Clay Soil,Seedling Stage,27,21,83.0,0,2,1.2857,22.41
Tomato,Clay Soil,Seedling Stage,28,20,84.0,0,2,1.4,23.52
Tomato,Clay Soil,Seedling Stage,29,19,85.0,0,2,1.5263,24.65
Tomato,Clay Soil,Seedling Stage,30,18,86.0,0,2,1.6667,25.8
Tomato,Clay Soil,Seedling Stage,31,24,80.0,0,2,1.2917,24.8
Tomato,Clay Soil,Seedling Stage,32,23,81.0,0,2,1.3913,25.92
Tomato,Clay Soil,Seedling Stage,33,22,82.0,0,2,1.5,27.06
Tomato,Clay Soil,Seedling Stage,34,21,83.0,0,2,1.619,28.22
Tomato,Clay Soil,Seedling Stage,35,20,84.0,0,2,1.75,29.4
Tomato,Clay Soil,Seedling Stage,36,19,85.0,0,2,1.8947,30.6
Tomato,Clay Soil,Seedling Stage,37,18,86.0,0,2,2.0556,31.82
Tomato,Clay Soil,Seedling Stage,38,17,87.0,0,2,2.2353,33.06
Tomato,Clay Soil,Seedling Stage,39,16,88.0,0,2,2.4375,34.32
Tomato,Clay Soil,Seedling Stage,40,15,89.0,0,2,2.6667,35.6
Tomato,Clay Soil,Seedling Stage,41,14,90.0,0,2,2.9286,36.9
Tomato,Clay Soil,Seedling Stage,42,13,91.0,0,2,3.2308,38.22
Tomato,Clay Soil,Seedling Stage,43,24,80.0,0,2,1.7917,34.4
Tomato,Clay Soil,Seedling Stage,44,23,81.0,0,2,1.913,35.64
Tomato,Clay Soil,Seedling Stage,45,22,82.0,0,2,2.0455,36.9
Tomato,Clay Soil,Seedling Stage,46,21,83.0,0,2,2.1905,38.18
Tomato,Clay Soil,Seedling Stage,47,20,84.0,0,2,2.35,39.48
Tomato,Clay Soil,Seedling Stage,48,19,85.0,0,2,2.5263,40.8
Tomato,Clay Soil,Seedling Stage,49,18,86.0,0,2,2.7222,42.14
Tomato,Clay Soil,Seedling Stage,50,17,87.0,0,2,2.9412,43.5
Tomato,Clay Soil,Seedling Stage,51,16,88.0,0,2,3.1875,44.88
Tomato,Clay Soil,Seedling Stage,52,15,89.0,0,2,3.4667,46.28
Tomato,Clay Soil,Seedling Stage,53,14,90.0,0,2,3.7857,47.7
Tomato,Clay Soil,Seedling Stage,54,13,91.0,0,2,4.1538,49.14
Tomato,Clay Soil,Seedling Stage,55,24,80.0,0,2,2.2917,44.0
Tomato,Clay Soil,Seedling Stage,56,23,81.0,0,2,2.4348,45.36
Tomato,Clay Soil,Seedling Stage,57,22,82.0,0,2,2.5909,46.74
Tomato,Clay Soil,Seedling Stage,58,21,83.0,0,2,2.7619,48.14
Tomato,Clay Soil,Seedling Stage,59,20,84.0,0,2,2.95,49.56
Tomato,Clay Soil,Seedling Stage,60,19,85.0,0,2,3.1579,51.0
Tomato,Clay Soil,Seedling Stage,61,18,86.0,0,2,3.3889,52.46
Tomato,Clay Soil,Seedling Stage,62,17,87.0,0,2,3.6471,53.94
Tomato,Clay Soil,Seedling Stage,63,16,88.0,0,2,3.9375,55.44
Tomato,Clay Soil,Seedling Stage,64,15,89.0,0,2,4.2667,56.96
Tomato,Clay Soil,Seedling Stage,65,14,90.0,0,2,4.6429,58.5
Tomato,Clay Soil,Seedling Stage,66,13,91.0,0,2,5.0769,60.06
Tomato,Clay Soil,Seedling Stage,67,24,80.0,0,2,2.7917,53.6
Tomato,Clay Soil,Seedling Stage,68,23,81.0,0,2,2.9565,55.08
Tomato,Clay Soil,Seedling Stage,69,22,82.0,0,2,3.1364,56.58
Tomato,Clay Soil,Vegetative Growth / Root or Tuber Development,1,21,83.0,0,3,0.0476,0.83
Tomato,Clay Soil,Vegetative Growth / Root or Tuber Development,2,20,84.0,0,3,0.1,1.68
Tomato,Clay Soil,Vegetative Growth / Root or Tuber Development,3,19,85.0,0,3,0.1579,2.55
Tomato,Clay Soil,Vegetative Growth / Root or Tuber Development,4,18,86.0,0,3,0.2222,3.44
Tomato,Clay Soil,Vegetative Growth / Root or Tuber Development,5,17,87.0,0,3,0.2941,4.35
Tomato,Clay Soil,Vegetative Growth / Root or Tuber Development,6,16,88.0,0,3,0.375,5.28
Tomato,Clay Soil,Vegetative Growth / Root or Tuber Development,7,15,89.0,0,3,0.4667,6.23
Tomato,Clay Soil,Vegetative Growth / Root or Tuber Development,8,14,90.0,0,3,0.5714,7.2
Tomato,Clay Soil,Vegetative Growth / Root or Tuber Development,9,13,91.0,0,3,0.6923,8.19
Tomato,Clay Soil,Vegetative Growth / Root or Tuber Development,10,24,80.0,0,3,0.4167,8.0
Tomato,Clay Soil,Vegetative Growth / Root or Tuber Development,11,23,81.0,0,3,0.4783,8.91
Tomato,Clay Soil,Vegetative Growth / Root or Tuber Development,12,22,82.0,0,3,0.5455,9.84
Tomato,Clay Soil,Vegetative Growth / Root or Tuber Development,13,21,83.0,0,3,0.619,10.79
Tomato,Clay Soil,Vegetative Growth / Root or Tuber Development,14,20,84.0,0,3,0.7,11.76
Tomato,Clay Soil,Vegetative Growth / Root or Tuber Development,15,19,85.0,0,3,0.7895,12.75
Tomato,Clay Soil,Vegetative Growth / Root or Tuber Development,16,18,86.0,0,3,0.8889,13.76
Tomato,Clay Soil,Vegetative Growth / Root or Tuber Development,17,17,87.0,0,3,1.0,14.79
Tomato,Clay Soil,Vegetative Growth / Root or Tuber Development,18,16,88.0,0,3,1.125,15.84
Tomato,Clay Soil,Vegetative Growth / Root or Tuber Development,19,15,89.0,0,3,1.2667,16.91
Tomato,Clay Soil,Vegetative Growth / Root or Tuber Development,20,14,90.0,0,3,1.4286,18.0
Tomato,Clay Soil,Vegetative Growth / Root or Tuber Development,21,13,91.0,0,3,1.6154,19.11
Tomato,Clay Soil,Vegetative Growth / Root or Tuber Development,22,24,80.0,0,3,0.9167,17.6
Tomato,Clay Soil,Vegetative Growth / Root or Tuber Development,23,23,81.0,0,3,1.0,18.63
Tomato,Clay Soil,Vegetative Growth / Root or Tuber Development,24,22,82.0,0,3,1.0909,19.68
Tomato,Clay Soil,Vegetative Growth / Root or Tuber Development,25,21,83.0,0,3,1.1905,20.75
Tomato,Clay Soil,Vegetative Growth / Root or Tuber Development,26,20,84.0,0,3,1.3,21.84
Tomato,Clay Soil,Vegetative Growth / Root or Tuber Development,27,19,85.0,0,3,1.4211,22.95
Tomato,Clay Soil,Vegetative Growth / Root or Tuber Development,28,18,86.0,0,3,1.5556,24.08
Tomato,Clay Soil,Vegetative Growth / Root or Tuber Development,29,17,87.0,0,3,1.7059,25.23
Tomato,Clay Soil,Vegetative Growth / Root or Tuber Development,30,16,88.0,0,3,1.875,26.4
Tomato,Clay Soil,Vegetative Growth / Root or Tuber Development,31,24,80.0,0,3,1.2917,24.8
Tomato,Clay Soil,Vegetative Growth / Root or Tuber Development,32,23,81.0,0,3,1.3913,25.92
Tomato,Clay Soil,Vegetative Growth / Root or Tuber Development,33,22,82.0,0,3,1.5,27.06
Tomato,Clay Soil,Vegetative Growth / Root or Tuber Development,34,21,83.0,0,3,1.619,28.22
Tomato,Clay Soil,Vegetative Growth / Root or Tuber Development,35,20,84.0,0,3,1.75,29.4
Tomato,Clay Soil,Vegetative Growth / Root or Tuber Development,36,19,85.0,0,3,1.8947,30.6
Tomato,Clay Soil,Vegetative Growth / Root or Tuber Development,37,18,86.0,0,3,2.0556,31.82
Tomato,Clay Soil,Vegetative Growth / Root or Tuber Development,38,17,87.0,0,3,2.2353,33.06
Tomato,Clay Soil,Vegetative Growth / Root or Tuber Development,39,16,88.0,0,3,2.4375,34.32
Tomato,Clay Soil,Vegetative Growth / Root or Tuber Development,40,15,89.0,0,3,2.6667,35.6
Tomato,Clay Soil,Vegetative Growth / Root or Tuber Development,41,14,90.0,0,3,2.9286,36.9
Tomato,Clay Soil,Vegetative Growth / Root or Tuber Development,42,13,91.0,0,3,3.2308,38.22
Tomato,Clay Soil,Vegetative Growth / Root or Tuber Development,43,24,80.0,0,3,1.7917,34.4
Tomato,Clay Soil,Vegetative Growth / Root or Tuber Development,44,23,81.0,0,3,1.913,35.64
Tomato,Clay Soil,Vegetative Growth / Root or Tuber Development,45,22,82.0,0,3,2.0455,36.9
Tomato,Clay Soil,Vegetative Growth / Root or Tuber Development,46,21,83.0,0,3,2.1905,38.18
Tomato,Clay Soil,Vegetative Growth / Root or Tuber Development,47,20,84.0,0,3,2.35,39.48
Tomato,Clay Soil,Vegetative Growth / Root or Tuber Development,48,19,85.0,0,3,2.5263,40.8
Tomato,Clay Soil,Vegetative Growth / Root or Tuber Development,49,18,86.0,0,3,2.7222,42.14
Tomato,Clay Soil,Vegetative Growth / Root or Tuber Development,50,17,87.0,0,3,2.9412,43.5
Tomato,Clay Soil,Vegetative Growth / Root or Tuber Development,51,16,88.0,0,3,3.1875,44.88
Tomato,Clay Soil,Vegetative Growth / Root or Tuber Development,52,15,89.0,0,3,3.4667,46.28
Tomato,Clay Soil,Vegetative Growth / Root or Tuber Development,53,14,90.0,0,3,3.7857,47.7
Tomato,Clay Soil,Vegetative Growth / Root or Tuber Development,54,13,91.0,0,3,4.1538,49.14
Tomato,Clay Soil,Vegetative Growth / Root or Tuber Development,55,24,80.0,0,3,2.2917,44.0
Tomato,Clay Soil,Vegetative Growth / Root or Tuber Development,56,23,81.0,0,3,2.4348,45.36
Tomato,Clay Soil,Vegetative Growth / Root or Tuber Development,57,22,82.0,0,3,2.5909,46.74
Tomato,Clay Soil,Vegetative Growth / Root or Tuber Development,58,21,83.0,0,3,2.7619,48.14
Tomato,Clay Soil,Vegetative Growth / Root or Tuber Development,59,20,84.0,0,3,2.95,49.56
Tomato,Clay Soil,Flowering,1,19,85.0,0,4,0.0526,0.85
Tomato,Clay Soil,Flowering,2,18,86.0,0,4,0.1111,1.72
Tomato,Clay Soil,Flowering,3,17,87.0,0,4,0.1765,2.61
Tomato,Clay Soil,Flowering,4,16,88.0,0,4,0.25,3.52
Tomato,Clay Soil,Flowering,5,15,89.0,0,4,0.3333,4.45
Tomato,Clay Soil,Flowering,6,14,90.0,0,4,0.4286,5.4
Tomato,Clay Soil,Flowering,7,13,91.0,0,4,0.5385,6.37
Tomato,Clay Soil,Flowering,8,24,80.0,0,4,0.3333,6.4
Tomato,Clay Soil,Flowering,9,23,81.0,0,4,0.3913,7.29
Tomato,Clay Soil,Flowering,10,22,82.0,0,4,0.4545,8.2
Tomato,Clay Soil,Flowering,11,21,83.0,0,4,0.5238,9.13
Tomato,Clay Soil,Flowering,12,20,84.0,0,4,0.6,10.08
Tomato,Clay Soil,Flowering,13,19,85.0,0,4,0.6842,11.05
Tomato,Clay Soil,Flowering,14,18,86.0,0,4,0.7778,12.04
Tomato,Clay Soil,Flowering,15,17,87.0,0,4,0.8824,13.05
Tomato,Clay Soil,Flowering,16,16,88.0,0,4,1.0,14.08
Tomato,Clay Soil,Flowering,17,15,89.0,0,4,1.1333,15.13
Tomato,Clay Soil,Flowering,18,14,90.0,0,4,1.2857,16.2
Tomato,Clay Soil,Flowering,19,13,91.0,0,4,1.4615,17.29
Tomato,Clay Soil,Flowering,20,24,80.0,0,4,0.8333,16.0
Tomato,Clay Soil,Flowering,21,23,81.0,0,4,0.913,17.01
Tomato,Clay Soil,Flowering,22,22,82.0,0,4,1.0,18.04
Tomato,Clay Soil,Flowering,23,21,83.0,0,4,1.0952,19.09
Tomato,Clay Soil,Flowering,24,20,84.0,0,4,1.2,20.16
Tomato,Clay Soil,Flowering,25,19,85.0,0,4,1.3158,21.25
Tomato,Clay Soil,Flowering,26,18,86.0,0,4,1.4444,22.36
Tomato,Clay Soil,Flowering,27,17,87.0,0,4,1.5882,23.49
Tomato,Clay Soil,Flowering,28,16,88.0,0,4,1.75,24.64
Tomato,Clay Soil,Flowering,29,15,89.0,0,4,1.9333,25.81
Tomato,Clay Soil,Flowering,30,14,90.0,0,4,2.1429,27.0
Tomato,Clay Soil,Flowering,31,24,80.0,0,4,1.2917,24.8
Tomato,Clay Soil,Flowering,32,23,81.0,0,4,1.3913,25.92
Tomato,Clay Soil,Flowering,33,22,82.0,0,4,1.5,27.06
Tomato,Clay Soil,Flowering,34,21,83.0,0,4,1.619,28.22
Tomato,Clay Soil,Flowering,35,20,84.0,0,4,1.75,29.4
Tomato,Clay Soil,Flowering,36,19,85.0,0,4,1.8947,30.6
Tomato,Clay Soil,Flowering,37,18,86.0,0,4,2.0556,31.82
Tomato,Clay Soil,Flowering,38,17,87.0,0,4,2.2353,33.06
Tomato,Clay Soil,Flowering,39,16,88.0,0,4,2.4375,34.32
Tomato,Clay Soil,Flowering,40,15,89.0,0,4,2.6667,35.6
Tomato,Clay Soil,Flowering,41,14,90.0,0,4,2.9286,36.9
Tomato,Clay Soil,Flowering,42,13,91.0,0,4,3.2308,38.22
Tomato,Clay Soil,Flowering,43,24,80.0,0,4,1.7917,34.4
Tomato,Clay Soil,Flowering,44,23,81.0,0,4,1.913,35.64
Tomato,Clay Soil,Flowering,45,22,82.0,0,4,2.0455,36.9
Tomato,Clay Soil,Flowering,46,21,83.0,0,4,2.1905,38.18
Tomato,Clay Soil,Flowering,47,20,84.0,0,4,2.35,39.48
Tomato,Clay Soil,Flowering,48,19,85.0,0,4,2.5263,40.8
Tomato,Clay Soil,Flowering,49,18,86.0,0,4,2.7222,42.14
Tomato,Clay Soil,Flowering,50,17,87.0,0,4,2.9412,43.5
Tomato,Clay Soil,Flowering,51,16,88.0,0,4,3.1875,44.88
Tomato,Clay Soil,Flowering,52,15,89.0,0,4,3.4667,46.28
Tomato,Clay Soil,Flowering,53,14,90.0,0,4,3.7857,47.7
Tomato,Clay Soil,Flowering,54,13,91.0,0,4,4.1538,49.14
Tomato,Clay Soil,Flowering,55,24,80.0,0,4,2.2917,44.0
Tomato,Clay Soil,Flowering,56,23,81.0,0,4,2.4348,45.36
Tomato,Clay Soil,Flowering,57,22,82.0,0,4,2.5909,46.74
Tomato,Clay Soil,Flowering,58,21,83.0,0,4,2.7619,48.14
Tomato,Clay Soil,Flowering,59,20,84.0,0,4,2.95,49.56
Tomato,Clay Soil,Flowering,60,19,85.0,0,4,3.1579,51.0
Tomato,Clay Soil,Flowering,61,18,86.0,0,4,3.3889,52.46
Tomato,Clay Soil,Flowering,62,17,87.0,0,4,3.6471,53.94
Tomato,Clay Soil,Flowering,63,16,88.0,0,4,3.9375,55.44
Tomato,Clay Soil,Flowering,64,15,89.0,0,4,4.2667,56.96
Tomato,Clay Soil,Flowering,65,14,90.0,0,4,4.6429,58.5
Tomato,Clay Soil,Flowering,66,13,91.0,0,4,5.0769,60.06
Tomato,Clay Soil,Flowering,67,24,80.0,0,4,2.7917,53.6
Tomato,Clay Soil,Flowering,68,23,81.0,0,4,2.9565,55.08
Tomato,Clay Soil,Flowering,69,22,82.0,0,4,3.1364,56.58
Tomato,Clay Soil,Pollination,1,21,83.0,0,5,0.0476,0.83
Tomato,Clay Soil,Pollination,2,20,84.0,0,5,0.1,1.68
Tomato,Clay Soil,Pollination,3,19,85.0,0,5,0.1579,2.55
Tomato,Clay Soil,Pollination,4,18,86.0,0,5,0.2222,3.44
Tomato,Clay Soil,Pollination,5,17,87.0,0,5,0.2941,4.35
Tomato,Clay Soil,Pollination,6,16,88.0,0,5,0.375,5.28
Tomato,Clay Soil,Pollination,7,15,89.0,0,5,0.4667,6.23
Tomato,Clay Soil,Pollination,8,14,90.0,0,5,0.5714,7.2
Tomato,Clay Soil,Pollination,9,13,91.0,0,5,0.6923,8.19
Tomato,Clay Soil,Pollination,10,24,80.0,0,5,0.4167,8.0
Tomato,Clay Soil,Pollination,11,23,81.0,0,5,0.4783,8.91
Tomato,Clay Soil,Pollination,12,22,82.0,0,5,0.5455,9.84
Tomato,Clay Soil,Pollination,13,21,83.0,0,5,0.619,10.79
Tomato,Clay Soil,Pollination,14,20,84.0,0,5,0.7,11.76
Tomato,Clay Soil,Pollination,15,19,85.0,0,5,0.7895,12.75
Tomato,Clay Soil,Pollination,16,18,86.0,0,5,0.8889,13.76
Tomato,Clay Soil,Pollination,17,17,87.0,0,5,1.0,14.79
Tomato,Clay Soil,Pollination,18,16,88.0,0,5,1.125,15.84
Tomato,Clay Soil,Pollination,19,15,89.0,0,5,1.2667,16.91
Tomato,Clay Soil,Pollination,20,14,90.0,0,5,1.4286,18.0
Tomato,Clay Soil,Pollination,21,24,80.0,0,5,0.875,16.8
Tomato,Clay Soil,Pollination,22,23,81.0,0,5,0.9565,17.82
Tomato,Clay Soil,Pollination,23,22,82.0,0,5,1.0455,18.86
Tomato,Clay Soil,Pollination,24,21,83.0,0,5,1.1429,19.92
Tomato,Clay Soil,Pollination,25,20,84.0,0,5,1.25,21.0
Tomato,Clay Soil,Pollination,26,19,85.0,0,5,1.3684,22.1
Tomato,Clay Soil,Pollination,27,18,86.0,0,5,1.5,23.22
Tomato,Clay Soil,Pollination,28,17,87.0,0,5,1.6471,24.36
Tomato,Clay Soil,Pollination,29,16,88.0,0,5,1.8125,25.52
Tomato,Clay Soil,Pollination,30,15,89.0,0,5,2.0,26.7
Tomato,Clay Soil,Pollination,31,24,80.0,0,5,1.2917,24.8
Tomato,Clay Soil,Pollination,32,23,81.0,0,5,1.3913,25.92
Tomato,Clay Soil,Pollination,33,22,82.0,0,5,1.5,27.06
Tomato,Clay Soil,Pollination,34,21,83.0,0,5,1.619,28.22
Tomato,Clay Soil,Pollination,35,20,84.0,0,5,1.75,29.4
Tomato,Clay Soil,Pollination,36,19,85.0,0,5,1.8947,30.6
Tomato,Clay Soil,Pollination,37,18,86.0,0,5,2.0556,31.82
Tomato,Clay Soil,Pollination,38,17,87.0,0,5,2.2353,33.06
Tomato,Clay Soil,Pollination,39,16,88.0,0,5,2.4375,34.32
Tomato,Clay Soil,Pollination,40,15,89.0,0,5,2.6667,35.6
Tomato,Clay Soil,Pollination,41,14,90.0,0,5,2.9286,36.9
Tomato,Clay Soil,Pollination,42,13,91.0,0,5,3.2308,38.22
Tomato,Clay Soil,Pollination,43,24,80.0,0,5,1.7917,34.4
Tomato,Clay Soil,Pollination,44,23,81.0,0,5,1.913,35.64
Tomato,Clay Soil,Pollination,45,22,82.0,0,5,2.0455,36.9
Tomato,Clay Soil,Pollination,46,21,83.0,0,5,2.1905,38.18
Tomato,Clay Soil,Pollination,47,20,84.0,0,5,2.35,39.48
Tomato,Clay Soil,Pollination,48,19,85.0,0,5,2.5263,40.8
Tomato,Clay Soil,Pollination,49,18,86.0,0,5,2.7222,42.14
Tomato,Clay Soil,Pollination,50,17,87.0,0,5,2.9412,43.5
Tomato,Clay Soil,Pollination,51,16,88.0,0,5,3.1875,44.88
Tomato,Clay Soil,Pollination,52,15,89.0,0,5,3.4667,46.28
Tomato,Clay Soil,Pollination,53,14,90.0,0,5,3.7857,47.7
Tomato,Clay Soil,Pollination,54,13,91.0,0,5,4.1538,49.14
Tomato,Clay Soil,Pollination,55,24,80.0,0,5,2.2917,44.0
Tomato,Clay Soil,Pollination,56,23,81.0,0,5,2.4348,45.36
Tomato,Clay Soil,Pollination,57,22,82.0,0,5,2.5909,46.74
Tomato,Clay Soil,Pollination,58,21,83.0,0,5,2.7619,48.14
Tomato,Clay Soil,Pollination,59,20,84.0,0,5,2.95,49.56
Chilli,Red Soil,Germination,1,25,80.0,1,1,0.04,0.8
Chilli,Red Soil,Germination,2,26,77.0,1,1,0.0769,1.54
Chilli,Red Soil,Germination,3,27,74.0,1,1,0.1111,2.22
Chilli,Red Soil,Germination,4,28,71.0,1,1,0.1429,2.84
Chilli,Red Soil,Germination,5,29,68.0,1,1,0.1724,3.4
Chilli,Red Soil,Germination,6,30,65.0,1,1,0.2,3.9
Chilli,Red Soil,Germination,7,31,62.0,1,1,0.2258,4.34
Chilli,Red Soil,Germination,8,32,59.0,1,1,0.25,4.72
Chilli,Red Soil,Germination,9,33,56.0,1,1,0.2727,5.04
Chilli,Red Soil,Germination,10,34,53.0,1,1,0.2941,5.3
Chilli,Red Soil,Germination,11,35,50.0,1,1,0.3143,5.5
Chilli,Red Soil,Germination,12,36,47.0,1,1,0.3333,5.64
Chilli,Red Soil,Germination,13,37,44.0,1,1,0.3514,5.72
Chilli,Red Soil,Germination,14,38,41.0,1,1,0.3684,5.74
Chilli,Red Soil,Germination,15,39,38.0,1,1,0.3846,5.7
Chilli,Red Soil,Germination,16,40,35.0,1,1,0.4,5.6
Chilli,Red Soil,Germination,17,41,32.0,1,1,0.4146,5.44
Chilli,Red Soil,Germination,18,42,29.0,1,1,0.4286,5.22
Chilli,Red Soil,Germination,19,43,26.0,1,1,0.4419,4.94
Chilli,Red Soil,Germination,20,44,23.0,1,1,0.4545,4.6
Chilli,Red Soil,Germination,21,45,20.0,1,1,0.4667,4.2
Chilli,Red Soil,Germination,22,46,17.0,1,1,0.4783,3.74
Chilli,Red Soil,Germination,23,25,80.0,1,1,0.92,18.4
Chilli,Red Soil,Germination,24,26,77.5,1,1,0.9231,18.6
Chilli,Red Soil,Germination,25,27,75.0,1,1,0.9259,18.75
Chilli,Red Soil,Germination,26,28,72.5,1,1,0.9286,18.85
Chilli,Red Soil,Germination,27,29,70.0,1,1,0.931,18.9
Chilli,Red Soil,Germination,28,30,67.5,1,1,0.9333,18.9
Chilli,Red Soil,Germination,29,31,65.0,1,1,0.9355,18.85
Chilli,Red Soil,Germination,30,32,62.5,1,1,0.9375,18.75
Chilli,Red Soil,Germination,31,33,60.0,1,1,0.9394,18.6
Chilli,Red Soil,Germination,32,34,57.5,1,1,0.9412,18.4
Chilli,Red Soil,Germination,33,35,55.0,1,1,0.9429,18.15
Chilli,Red Soil,Germination,34,36,52.5,1,1,0.9444,17.85
Chilli,Red Soil,Germination,35,37,50.0,1,1,0.9459,17.5
Chilli,Red Soil,Germination,36,38,47.5,1,1,0.9474,17.1
Chilli,Red Soil,Germination,37,39,45.0,1,1,0.9487,16.65
Chilli,Red Soil,Germination,38,40,42.5,1,1,0.95,16.15
Chilli,Red Soil,Germination,39,41,40.0,1,1,0.9512,15.6
Chilli,Red Soil,Germination,40,42,37.5,1,1,0.9524,15.0
Chilli,Red Soil,Germination,41,43,35.0,1,1,0.9535,14.35
Chilli,Red Soil,Germination,42,44,32.5,1,1,0.9545,13.65
Chilli,Red Soil,Germination,43,45,30.0,1,1,0.9556,12.9
Chilli,Red Soil,Germination,44,46,27.5,1,1,0.9565,12.1
Chilli,Red Soil,Germination,45,25,80.0,1,1,1.8,36.0
Chilli,Red Soil,Germination,46,26,77.3,1,1,1.7692,35.558
Chilli,Red Soil,Germination,47,27,74.6,1,1,1.7407,35.062
Chilli,Red Soil,Germination,48,28,71.9,1,1,1.7143,34.512
Chilli,Red Soil,Germination,49,29,69.2,1,1,1.6897,33.908
Chilli,Red Soil,Germination,50,30,66.5,1,1,1.6667,33.25
Chilli,Red Soil,Germination,51,31,63.8,1,1,1.6452,32.538
Chilli,Red Soil,Germination,52,32,61.1,1,1,1.625,31.772
Chilli,Red Soil,Germination,53,33,58.4,1,1,1.6061,30.952
Chilli,Red Soil,Germination,54,34,55.7,1,1,1.5882,30.078
Chilli,Red Soil,Germination,55,35,53.0,1,1,1.5714,29.15
Chilli,Red Soil,Germination,56,36,50.3,1,1,1.5556,28.168
Chilli,Red Soil,Germination,57,37,47.6,1,1,1.5405,27.132
Chilli,Red Soil,Germination,58,38,44.9,1,1,1.5263,26.042
Chilli,Red Soil,Germination,59,39,42.2,1,1,1.5128,24.898
Chilli,Red Soil,Germination,71,29,72.0,0,1,2.4483,51.12
Chilli,Red Soil,Germination,72,30,70.0,0,1,2.4,50.4
Chilli,Red Soil,Germination,73,31,68.0,0,1,2.3548,49.64
Chilli,Red Soil,Germination,74,32,66.0,0,1,2.3125,48.84
Chilli,Red Soil,Germination,75,33,64.0,0,1,2.2727,48.0
Chilli,Red Soil,Germination,76,34,62.0,0,1,2.2353,47.12
Chilli,Red Soil,Germination,77,35,60.0,0,1,2.2,46.2
Chilli,Red Soil,Germination,78,36,58.0,0,1,2.1667,45.24
Chilli,Red Soil,Germination,79,37,56.0,0,1,2.1351,44.24
Chilli,Red Soil,Germination,80,38,54.0,0,1,2.1053,43.2
Chilli,Red Soil,Germination,81,39,52.0,0,1,2.0769,42.12
Chilli,Red Soil,Germination,82,40,50.0,0,1,2.05,41.0
Chilli,Red Soil,Germination,83,41,48.0,0,1,2.0244,39.84
Chilli,Red Soil,Germination,84,42,46.0,0,1,2.0,38.64
Chilli,Red Soil,Germination,85,43,44.0,0,1,1.9767,37.4
Chilli,Red Soil,Germination,86,44,42.0,0,1,1.9545,36.12
Chilli,Red Soil,Germination,87,45,40.0,0,1,1.9333,34.8
Chilli,Red Soil,Germination,88,46,38.0,0,1,1.913,33.44
Chilli,Red Soil,Germination,89,25,80.0,0,1,3.56,71.2
Chilli,Red Soil,Germination,90,26,78.0,0,1,3.4615,70.2
Chilli,Red Soil,Germination,91,27,76.0,0,1,3.3704,69.16
Chilli,Red Soil,Germination,92,28,74.0,0,1,3.2857,68.08
Chilli,Red Soil,Germination,93,29,72.0,0,1,3.2069,66.96
Chilli,Red Soil,Germination,94,30,70.0,0,1,3.1333,65.8
Chilli,Red Soil,Germination,95,31,68.0,0,1,3.0645,64.6
Chilli,Red Soil,Germination,96,32,66.0,0,1,3.0,63.36
Chilli,Red Soil,Germination,97,33,64.0,0,1,2.9394,62.08
Chilli,Red Soil,Germination,98,34,62.0,0,1,2.8824,60.76
Chilli,Red Soil,Germination,99,35,60.0,0,1,2.8286,59.4
Chilli,Red Soil,Germination,100,36,58.0,0,1,2.7778,58.0
Chilli,Red Soil,Seedling Stage,1,37,56.0,1,2,0.027,0.56
Chilli,Red Soil,Seedling Stage,2,38,54.0,1,2,0.0526,1.08
Chilli,Red Soil,Seedling Stage,3,39,52.0,1,2,0.0769,1.56
Chilli,Red Soil,Seedling Stage,4,40,50.0,1,2,0.1,2.0
Chilli,Red Soil,Seedling Stage,5,41,48.0,1,2,0.122,2.4
Chilli,Red Soil,Seedling Stage,6,42,46.0,1,2,0.1429,2.76
Chilli,Red Soil,Seedling Stage,7,43,44.0,1,2,0.1628,3.08
Chilli,Red Soil,Seedling Stage,8,44,42.0,1,2,0.1818,3.36
Chilli,Red Soil,Seedling Stage,9,45,40.0,1,2,0.2,3.6
Chilli,Red Soil,Seedling Stage,10,46,38.0,1,2,0.2174,3.8
Chilli,Red Soil,Seedling Stage,11,25,80.0,1,2,0.44,8.8
Chilli,Red Soil,Seedling Stage,12,26,77.0,1,2,0.4615,9.24
Chilli,Red Soil,Seedling Stage,13,27,74.0,1,2,0.4815,9.62
Chilli,Red Soil,Seedling Stage,14,28,71.0,1,2,0.5,9.94
Chilli,Red Soil,Seedling Stage,15,29,68.0,1,2,0.5172,10.2
Chilli,Red Soil,Seedling Stage,16,30,65.0,1,2,0.5333,10.4
Chilli,Red Soil,Seedling Stage,17,31,62.0,1,2,0.5484,10.54
Chilli,Red Soil,Seedling Stage,18,32,59.0,1,2,0.5625,10.62
Chilli,Red Soil,Seedling Stage,19,33,56.0,1,2,0.5758,10.64
Chilli,Red Soil,Seedling Stage,20,34,53.0,1,2,0.5882,10.6
Chilli,Red Soil,Seedling Stage,21,35,50.0,1,2,0.6,10.5
Chilli,Red Soil,Seedling Stage,22,36,47.0,1,2,0.6111,10.34
Chilli,Red Soil,Seedling Stage,23,37,44.0,1,2,0.6216,10.12
Chilli,Red Soil,Seedling Stage,24,38,41.0,1,2,0.6316,9.84
Chilli,Red Soil,Seedling Stage,25,39,38.0,1,2,0.641,9.5
Chilli,Red Soil,Seedling Stage,26,40,35.0,1,2,0.65,9.1
Chilli,Red Soil,Seedling Stage,27,41,32.0,1,2,0.6585,8.64
Chilli,Red Soil,Seedling Stage,28,42,29.0,1,2,0.6667,8.12
Chilli,Red Soil,Seedling Stage,29,43,26.0,1,2,0.6744,7.54
Chilli,Red Soil,Seedling Stage,30,44,23.0,1,2,0.6818,6.9
Chilli,Red Soil,Seedling Stage,31,45,20.0,1,2,0.6889,6.2
Chilli,Red Soil,Seedling Stage,32,46,17.0,1,2,0.6957,5.44
Chilli,Red Soil,Seedling Stage,33,25,80.0,1,2,1.32,26.4
Chilli,Red Soil,Seedling Stage,34,26,77.0,1,2,1.3077,26.18
Chilli,Red Soil,Seedling Stage,35,27,74.0,1,2,1.2963,25.9
Chilli,Red Soil,Seedling Stage,36,28,71.0,1,2,1.2857,25.56
Chilli,Red Soil,Seedling Stage,37,29,68.0,1,2,1.2759,25.16
Chilli,Red Soil,Seedling Stage,38,30,65.0,1,2,1.2667,24.7
Chilli,Red Soil,Seedling Stage,39,31,62.0,1,2,1.2581,24.18
Chilli,Red Soil,Seedling Stage,40,32,59.0,1,2,1.25,23.6
Chilli,Red Soil,Seedling Stage,41,33,56.0,1,2,1.2424,22.96
Chilli,Red Soil,Seedling Stage,42,34,53.0,1,2,1.2353,22.26
Chilli,Red Soil,Seedling Stage,43,35,50.0,1,2,1.2286,21.5
Chilli,Red Soil,Seedling Stage,44,36,47.0,1,2,1.2222,20.68
Chilli,Red Soil,Seedling Stage,45,37,44.0,1,2,1.2162,19.8
Chilli,Red Soil,Seedling Stage,46,38,41.0,1,2,1.2105,18.86
Chilli,Red Soil,Seedling Stage,47,39,38.0,1,2,1.2051,17.86
Chilli,Red Soil,Seedling Stage,48,40,35.0,1,2,1.2,16.8
Chilli,Red Soil,Seedling Stage,49,41,32.0,1,2,1.1951,15.68
Chilli,Red Soil,Seedling Stage,50,42,29.0,1,2,1.1905,14.5
Chilli,Red Soil,Seedling Stage,51,43,26.0,1,2,1.186,13.26
Chilli,Red Soil,Seedling Stage,52,44,23.0,1,2,1.1818,11.96
Chilli,Red Soil,Seedling Stage,53,45,20.0,1,2,1.1778,10.6
Chilli,Red Soil,Seedling Stage,54,46,17.0,1,2,1.1739,9.18
Chilli,Red Soil,Seedling Stage,55,25,80.0,1,2,2.2,44.0
Chilli,Red Soil,Seedling Stage,56,26,77.0,1,2,2.1538,43.12
Chilli,Red Soil,Seedling Stage,57,27,74.0,1,2,2.1111,42.18
Chilli,Red Soil,Seedling Stage,58,28,71.0,1,2,2.0714,41.18
Chilli,Red Soil,Seedling Stage,59,29,68.0,1,2,2.0345,40.12
Chilli,Red Soil,Seedling Stage,60,30,65.0,1,2,2.0,39.0
Chilli,Red Soil,Seedling Stage,61,31,62.0,1,2,1.9677,37.82
Chilli,Red Soil,Seedling Stage,62,32,59.0,1,2,1.9375,36.58
Chilli,Red Soil,Seedling Stage,63,33,56.0,1,2,1.9091,35.28
Chilli,Red Soil,Seedling Stage,64,34,53.0,1,2,1.8824,33.92
Chilli,Red Soil,Seedling Stage,65,35,50.0,1,2,1.8571,32.5
Chilli,Red Soil,Seedling Stage,66,36,47.0,1,2,1.8333,31.02
Chilli,Red Soil,Seedling Stage,67,37,44.0,1,2,1.8108,29.48
Chilli,Red Soil,Seedling Stage,68,38,41.0,1,2,1.7895,27.88
Chilli,Red Soil,Seedling Stage,69,39,38.0,1,2,1.7692,26.22
Chilli,Red Soil,Seedling Stage,81,29,69.2,0,2,2.7931,56.052
Chilli,Red Soil,Seedling Stage,82,30,66.5,0,2,2.7333,54.53
Chilli,Red Soil,Seedling Stage,83,31,63.8,0,2,2.6774,52.954
Chilli,Red Soil,Seedling Stage,84,32,61.1,0,2,2.625,51.324
Chilli,Red Soil,Seedling Stage,85,33,58.4,0,2,2.5758,49.64
Chilli,Red Soil,Seedling Stage,86,34,55.7,0,2,2.5294,47.902
Chilli,Red Soil,Seedling Stage,87,35,53.0,0,2,2.4857,46.11
Chilli,Red Soil,Seedling Stage,88,36,50.3,0,2,2.4444,44.264
Chilli,Red Soil,Seedling Stage,89,37,47.6,0,2,2.4054,42.364
Chilli,Red Soil,Seedling Stage,90,38,44.9,0,2,2.3684,40.41
Chilli,Red Soil,Seedling Stage,91,39,42.2,0,2,2.3333,38.402
Chilli,Red Soil,Seedling Stage,92,40,39.5,0,2,2.3,36.34
Chilli,Red Soil,Seedling Stage,93,41,36.8,0,2,2.2683,34.224
Chilli,Red Soil,Seedling Stage,94,42,34.1,0,2,2.2381,32.054
Chilli,Red Soil,Seedling Stage,95,43,31.4,0,2,2.2093,29.83
Chilli,Red Soil,Seedling Stage,96,44,28.7,0,2,2.1818,27.552
Chilli,Red Soil,Seedling Stage,97,45,26.0,0,2,2.1556,25.22
Chilli,Red Soil,Seedling Stage,98,46,23.3,0,2,2.1304,22.834
Chilli,Red Soil,Seedling Stage,99,25,80.0,0,2,3.96,79.2
Chilli,Red Soil,Seedling Stage,100,26,77.0,0,2,3.8462,77.0
Chilli,Red Soil,Vegetative Growth / Root or Tuber Development,1,27,74.0,1,3,0.037,0.74
Chilli,Red Soil,Vegetative Growth / Root or Tuber Development,2,28,71.0,1,3,0.0714,1.42
Chilli,Red Soil,Vegetative Growth / Root or Tuber Development,3,29,68.0,1,3,0.1034,2.04
Chilli,Red Soil,Vegetative Growth / Root or Tuber Development,4,30,65.0,1,3,0.1333,2.6
Chilli,Red Soil,Vegetative Growth / Root or Tuber Development,5,31,62.0,1,3,0.1613,3.1
Chilli,Red Soil,Vegetative Growth / Root or Tuber Development,6,32,59.0,1,3,0.1875,3.54
Chilli,Red Soil,Vegetative Growth / Root or Tuber Development,7,33,56.0,1,3,0.2121,3.92
Chilli,Red Soil,Vegetative Growth / Root or Tuber Development,8,34,53.0,1,3,0.2353,4.24
Chilli,Red Soil,Vegetative Growth / Root or Tuber Development,9,35,50.0,1,3,0.2571,4.5
Chilli,Red Soil,Vegetative Growth / Root or Tuber Development,10,36,47.0,1,3,0.2778,4.7
Chilli,Red Soil,Vegetative Growth / Root or Tuber Development,11,37,44.0,1,3,0.2973,4.84
Chilli,Red Soil,Vegetative Growth / Root or Tuber Development,12,38,41.0,1,3,0.3158,4.92
Chilli,Red Soil,Vegetative Growth / Root or Tuber Development,13,39,38.0,1,3,0.3333,4.94
Chilli,Red Soil,Vegetative Growth / Root or Tuber Development,14,40,35.0,1,3,0.35,4.9
Chilli,Red Soil,Vegetative Growth / Root or Tuber Development,15,41,32.0,1,3,0.3659,4.8
Chilli,Red Soil,Vegetative Growth / Root or Tuber Development,16,42,29.0,1,3,0.381,4.64
Chilli,Red Soil,Vegetative Growth / Root or Tuber Development,17,43,26.0,1,3,0.3953,4.42
Chilli,Red Soil,Vegetative Growth / Root or Tuber Development,18,44,23.0,1,3,0.4091,4.14
Chilli,Red Soil,Vegetative Growth / Root or Tuber Development,19,45,20.0,1,3,0.4222,3.8
Chilli,Red Soil,Vegetative Growth / Root or Tuber Development,20,46,17.0,1,3,0.4348,3.4
Chilli,Red Soil,Vegetative Growth / Root or Tuber Development,21,25,80.0,1,3,0.84,16.8
Chilli,Red Soil,Vegetative Growth / Root or Tuber Development,22,26,77.5,1,3,0.8462,17.05
Chilli,Red Soil,Vegetative Growth / Root or Tuber Development,23,27,75.0,1,3,0.8519,17.25
Chilli,Red Soil,Vegetative Growth / Root or Tuber Development,24,28,72.5,1,3,0.8571,17.4
Chilli,Red Soil,Vegetative Growth / Root or Tuber Development,25,29,70.0,1,3,0.8621,17.5
Chilli,Red Soil,Vegetative Growth / Root or Tuber Development,26,30,67.5,1,3,0.8667,17.55
Chilli,Red Soil,Vegetative Growth / Root or Tuber Development,27,31,65.0,1,3,0.871,17.55
Chilli,Red Soil,Vegetative Growth / Root or Tuber Development,28,32,62.5,1,3,0.875,17.5
Chilli,Red Soil,Vegetative Growth / Root or Tuber Development,29,33,60.0,1,3,0.8788,17.4
Chilli,Red Soil,Vegetative Growth / Root or Tuber Development,30,34,57.5,1,3,0.8824,17.25
Chilli,Red Soil,Vegetative Growth / Root or Tuber Development,31,35,55.0,1,3,0.8857,17.05
Chilli,Red Soil,Vegetative Growth / Root or Tuber Development,32,36,52.5,1,3,0.8889,16.8
Chilli,Red Soil,Vegetative Growth / Root or Tuber Development,33,37,50.0,1,3,0.8919,16.5
Chilli,Red Soil,Vegetative Growth / Root or Tuber Development,34,38,47.5,1,3,0.8947,16.15
Chilli,Red Soil,Vegetative Growth / Root or Tuber Development,35,39,45.0,1,3,0.8974,15.75
Chilli,Red Soil,Vegetative Growth / Root or Tuber Development,36,40,42.5,1,3,0.9,15.3
Chilli,Red Soil,Vegetative Growth / Root or Tuber Development,37,41,40.0,1,3,0.9024,14.8
Chilli,Red Soil,Vegetative Growth / Root or Tuber Development,38,42,37.5,1,3,0.9048,14.25
Chilli,Red Soil,Vegetative Growth / Root or Tuber Development,39,43,35.0,1,3,0.907,13.65
Chilli,Red Soil,Vegetative Growth / Root or Tuber Development,40,44,32.5,1,3,0.9091,13.0
Chilli,Red Soil,Vegetative Growth / Root or Tuber Development,41,45,30.0,1,3,0.9111,12.3
Chilli,Red Soil,Vegetative Growth / Root or Tuber Development,42,46,27.5,1,3,0.913,11.55
Chilli,Red Soil,Vegetative Growth / Root or Tuber Development,43,25,80.0,1,3,1.72,34.4
Chilli,Red Soil,Vegetative Growth / Root or Tuber Development,44,26,77.3,1,3,1.6923,34.012
Chilli,Red Soil,Vegetative Growth / Root or Tuber Development,45,27,74.6,1,3,1.6667,33.57
Chilli,Red Soil,Vegetative Growth / Root or Tuber Development,46,28,71.9,1,3,1.6429,33.074
Chilli,Red Soil,Vegetative Growth / Root or Tuber Development,47,29,69.2,1,3,1.6207,32.524
Chilli,Red Soil,Vegetative Growth / Root or Tuber Development,48,30,66.5,1,3,1.6,31.92
Chilli,Red Soil,Vegetative Growth / Root or Tuber Development,49,31,63.8,1,3,1.5806,31.262
Chilli,Red Soil,Vegetative Growth / Root or Tuber Development,50,32,61.1,1,3,1.5625,30.55
Chilli,Red Soil,Vegetative Growth / Root or Tuber Development,51,33,58.4,1,3,1.5455,29.784
Chilli,Red Soil,Vegetative Growth / Root or Tuber Development,52,34,55.7,1,3,1.5294,28.964
Chilli,Red Soil,Vegetative Growth / Root or Tuber Development,53,35,53.0,1,3,1.5143,28.09
Chilli,Red Soil,Vegetative Growth / Root or Tuber Development,54,36,50.3,1,3,1.5,27.162
Chilli,Red Soil,Vegetative Growth / Root or Tuber Development,55,37,47.6,1,3,1.4865,26.18
Chilli,Red Soil,Vegetative Growth / Root or Tuber Development,56,38,44.9,1,3,1.4737,25.144
Chilli,Red Soil,Vegetative Growth / Root or Tuber Development,57,39,42.2,1,3,1.4615,24.054
Chilli,Red Soil,Vegetative Growth / Root or Tuber Development,58,40,39.5,1,3,1.45,22.91
Chilli,Red Soil,Vegetative Growth / Root or Tuber Development,59,41,36.8,1,3,1.439,21.712
Chilli,Red Soil,Vegetative Growth / Root or Tuber Development,60,42,34.1,1,3,1.4286,20.46
Chilli,Red Soil,Vegetative Growth / Root or Tuber Development,61,43,31.4,1,3,1.4186,19.154
Chilli,Red Soil,Vegetative Growth / Root or Tuber Development,62,44,28.7,1,3,1.4091,17.794
Chilli,Red Soil,Vegetative Growth / Root or Tuber Development,63,45,26.0,1,3,1.4,16.38
Chilli,Red Soil,Vegetative Growth / Root or Tuber Development,64,46,23.3,1,3,1.3913,14.912
Chilli,Red Soil,Vegetative Growth / Root or Tuber Development,65,25,80.0,1,3,2.6,52.0
Chilli,Red Soil,Vegetative Growth / Root or Tuber Development,66,26,77.0,1,3,2.5385,50.82
Chilli,Red Soil,Vegetative Growth / Root or Tuber Development,67,27,74.0,1,3,2.4815,49.58
Chilli,Red Soil,Vegetative Growth / Root or Tuber Development,68,28,71.0,1,3,2.4286,48.28
Chilli,Red Soil,Vegetative Growth / Root or Tuber Development,69,29,68.0,1,3,2.3793,46.92
Chilli,Red Soil,Vegetative Growth / Root or Tuber Development,70,30,65.0,1,3,2.3333,45.5
Chilli,Red Soil,Vegetative Growth / Root or Tuber Development,71,31,62.0,1,3,2.2903,44.02
Chilli,Red Soil,Vegetative Growth / Root or Tuber Development,72,32,59.0,1,3,2.25,42.48
Chilli,Red Soil,Vegetative Growth / Root or Tuber Development,73,33,56.0,1,3,2.2121,40.88
Chilli,Red Soil,Vegetative Growth / Root or Tuber Development,74,34,53.0,1,3,2.1765,39.22
Chilli,Red Soil,Vegetative Growth / Root or Tuber Development,75,35,50.0,1,3,2.1429,37.5
Chilli,Red Soil,Vegetative Growth / Root or Tuber Development,76,36,47.0,1,3,2.1111,35.72
Chilli,Red Soil,Vegetative Growth / Root or Tuber Development,77,37,44.0,1,3,2.0811,33.88
Chilli,Red Soil,Vegetative Growth / Root or Tuber Development,78,38,41.0,1,3,2.0526,31.98
Chilli,Red Soil,Vegetative Growth / Root or Tuber Development,79,39,38.0,1,3,2.0256,30.02
Chilli,Red Soil,Vegetative Growth / Root or Tuber Development,91,29,68.0,0,3,3.1379,61.88
Chilli,Red Soil,Vegetative Growth / Root or Tuber Development,92,30,65.0,0,3,3.0667,59.8
Chilli,Red Soil,Vegetative Growth / Root or Tuber Development,93,31,62.0,0,3,3.0,57.66
Chilli,Red Soil,Vegetative Growth / Root or Tuber Development,94,32,59.0,0,3,2.9375,55.46
Chilli,Red Soil,Vegetative Growth / Root or Tuber Development,95,33,56.0,0,3,2.8788,53.2
Chilli,Red Soil,Vegetative Growth / Root or Tuber Development,96,34,53.0,0,3,2.8235,50.88
Chilli,Red Soil,Vegetative Growth / Root or Tuber Development,97,35,50.0,0,3,2.7714,48.5
Chilli,Red Soil,Vegetative Growth / Root or Tuber Development,98,36,47.0,0,3,2.7222,46.06
Chilli,Red Soil,Vegetative Growth / Root or Tuber Development,99,37,44.0,0,3,2.6757,43.56
Chilli,Red Soil,Vegetative Growth / Root or Tuber Development,100,38,41.0,0,3,2.6316,41.0
Chilli,Red Soil,Flowering,1,39,38.0,1,4,0.0256,0.38
Chilli,Red Soil,Flowering,2,40,35.0,1,4,0.05,0.7
Chilli,Red Soil,Flowering,3,41,32.0,1,4,0.0732,0.96
Chilli,Red Soil,Flowering,4,42,29.0,1,4,0.0952,1.16
Chilli,Red Soil,Flowering,5,43,26.0,1,4,0.1163,1.3
Chilli,Red Soil,Flowering,6,44,23.0,1,4,0.1364,1.38
Chilli,Red Soil,Flowering,7,45,20.0,1,4,0.1556,1.4
Chilli,Red Soil,Flowering,8,46,17.0,1,4,0.1739,1.36
Chilli,Red Soil,Flowering,9,25,80.0,1,4,0.36,7.2
Chilli,Red Soil,Flowering,10,26,77.0,1,4,0.3846,7.7
Chilli,Red Soil,Flowering,11,27,74.0,1,4,0.4074,8.14
Chilli,Red Soil,Flowering,12,28,71.0,1,4,0.4286,8.52
Chilli,Red Soil,Flowering,13,29,68.0,1,4,0.4483,8.84
Chilli,Red Soil,Flowering,14,30,65.0,1,4,0.4667,9.1
Chilli,Red Soil,Flowering,15,31,62.0,1,4,0.4839,9.3
Chilli,Red Soil,Flowering,16,32,59.0,1,4,0.5,9.44
Chilli,Red Soil,Flowering,17,33,56.0,1,4,0.5152,9.52
Chilli,Red Soil,Flowering,18,34,53.0,1,4,0.5294,9.54
Chilli,Red Soil,Flowering,19,35,50.0,1,4,0.5429,9.5
Chilli,Red Soil,Flowering,20,36,47.0,1,4,0.5556,9.4
Chilli,Red Soil,Flowering,21,37,44.0,1,4,0.5676,9.24
Chilli,Red Soil,Flowering,22,38,41.0,1,4,0.5789,9.02
Chilli,Red Soil,Flowering,23,39,38.0,1,4,0.5897,8.74
Chilli,Red Soil,Flowering,24,40,35.0,1,4,0.6,8.4
Chilli,Red Soil,Flowering,25,41,32.0,1,4,0.6098,8.0
Chilli,Red Soil,Flowering,26,42,29.0,1,4,0.619,7.54
Chilli,Red Soil,Flowering,27,43,26.0,1,4,0.6279,7.02
Chilli,Red Soil,Flowering,28,44,23.0,1,4,0.6364,6.44
Chilli,Red Soil,Flowering,29,45,20.0,1,4,0.6444,5.8
Chilli,Red Soil,Flowering,30,46,17.0,1,4,0.6522,5.1
Chilli,Red Soil,Flowering,31,25,80.0,1,4,1.24,24.8
Chilli,Red Soil,Flowering,32,26,77.0,1,4,1.2308,24.64
Chilli,Red Soil,Flowering,33,27,74.0,1,4,1.2222,24.42
Chilli,Red Soil,Flowering,34,28,71.0,1,4,1.2143,24.14
Chilli,Red Soil,Flowering,35,29,68.0,1,4,1.2069,23.8
Chilli,Red Soil,Flowering,36,30,65.0,1,4,1.2,23.4
Chilli,Red Soil,Flowering,37,31,62.0,1,4,1.1935,22.94
Chilli,Red Soil,Flowering,38,32,59.0,1,4,1.1875,22.42
Chilli,Red Soil,Flowering,39,33,56.0,1,4,1.1818,21.84
Chilli,Red Soil,Flowering,40,34,53.0,1,4,1.1765,21.2
Chilli,Red Soil,Flowering,41,35,50.0,1,4,1.1714,20.5
Chilli,Red Soil,Flowering,42,36,47.0,1,4,1.1667,19.74
Chilli,Red Soil,Flowering,43,37,44.0,1,4,1.1622,18.92
Chilli,Red Soil,Flowering,44,38,41.0,1,4,1.1579,18.04
Chilli,Red Soil,Flowering,45,39,38.0,1,4,1.1538,17.1
Chilli,Red Soil,Flowering,46,40,35.0,1,4,1.15,16.1
Chilli,Red Soil,Flowering,47,41,32.0,1,4,1.1463,15.04
Chilli,Red Soil,Flowering,48,42,29.0,1,4,1.1429,13.92
Chilli,Red Soil,Flowering,49,43,26.0,1,4,1.1395,12.74
Chilli,Red Soil,Flowering,50,44,23.0,1,4,1.1364,11.5
Chilli,Red Soil,Flowering,51,45,20.0,1,4,1.1333,10.2
Chilli,Red Soil,Flowering,52,46,17.0,1,4,1.1304,8.84
Chilli,Red Soil,Flowering,53,25,80.0,1,4,2.12,42.4
Chilli,Red Soil,Flowering,54,26,77.0,1,4,2.0769,41.58
Chilli,Red Soil,Flowering,55,27,74.0,1,4,2.037,40.7
Chilli,Red Soil,Flowering,56,28,71.0,1,4,2.0,39.76
Chilli,Red Soil,Flowering,57,29,68.0,1,4,1.9655,38.76
Chilli,Red Soil,Flowering,58,30,65.0,1,4,1.9333,37.7
Chilli,Red Soil,Flowering,59,31,62.0,1,4,1.9032,36.58
Chilli,Red Soil,Flowering,60,32,59.0,1,4,1.875,35.4
Chilli,Red Soil,Flowering,61,33,56.0,1,4,1.8485,34.16
Chilli,Red Soil,Flowering,62,34,53.0,1,4,1.8235,32.86
Chilli,Red Soil,Flowering,63,35,50.0,1,4,1.8,31.5
Chilli,Red Soil,Flowering,64,36,47.0,1,4,1.7778,30.08
Chilli,Red Soil,Flowering,65,37,44.0,1,4,1.7568,28.6
Chilli,Red Soil,Flowering,66,38,41.0,1,4,1.7368,27.06
Chilli,Red Soil,Flowering,67,39,38.0,1,4,1.7179,25.46
Chilli,Red Soil,Flowering,68,40,35.0,1,4,1.7,23.8
Chilli,Red Soil,Flowering,69,41,32.0,1,4,1.6829,22.08
Chilli,Red Soil,Flowering,70,42,29.0,1,4,1.6667,20.3
Chilli,Red Soil,Flowering,71,43,26.0,1,4,1.6512,18.46
Chilli,Red Soil,Flowering,72,44,23.0,1,4,1.6364,16.56
Chilli,Red Soil,Flowering,73,45,20.0,1,4,1.6222,14.6
Chilli,Red Soil,Flowering,74,46,17.0,1,4,1.6087,12.58
Chilli,Red Soil,Flowering,75,25,80.0,1,4,3.0,60.0
Chilli,Red Soil,Flowering,76,26,77.0,1,4,2.9231,58.52
Chilli,Red Soil,Flowering,77,27,74.0,1,4,2.8519,56.98
Chilli,Red Soil,Flowering,78,28,71.0,1,4,2.7857,55.38
Chilli,Red Soil,Flowering,79,29,68.0,1,4,2.7241,53.72
Chilli,Red Soil,Flowering,80,30,65.0,1,4,2.6667,52.0
Chilli,Red Soil,Flowering,91,41,32.0,0,4,2.2195,29.12
Chilli,Red Soil,Flowering,92,42,29.0,0,4,2.1905,26.68
Chilli,Red Soil,Flowering,93,43,26.0,0,4,2.1628,24.18
Chilli,Red Soil,Flowering,94,44,23.0,0,4,2.1364,21.62
Chilli,Red Soil,Flowering,95,45,20.0,0,4,2.1111,19.0
Chilli,Red Soil,Flowering,96,46,17.0,0,4,2.087,16.32
Chilli,Red Soil,Flowering,97,25,81.0,0,4,3.88,78.57
Chilli,Red Soil,Flowering,98,26,79.0,0,4,3.7692,77.42
Chilli,Red Soil,Flowering,99,27,76.0,0,4,3.6667,75.24
Chilli,Red Soil,Flowering,100,28,73.0,0,4,3.5714,73.0
Chilli,Sandy Soil,Germination,1,25,80.0,1,1,0.04,0.8
Chilli,Sandy Soil,Germination,2,26,77.0,1,1,0.0769,1.54
Chilli,Sandy Soil,Germination,3,27,74.0,1,1,0.1111,2.22
Chilli,Sandy Soil,Germination,4,28,71.0,1,1,0.1429,2.84
Chilli,Sandy Soil,Germination,5,29,68.0,1,1,0.1724,3.4
Chilli,Sandy Soil,Germination,6,30,65.0,1,1,0.2,3.9
Chilli,Sandy Soil,Germination,7,31,62.0,1,1,0.2258,4.34
Chilli,Sandy Soil,Germination,8,32,59.0,1,1,0.25,4.72
Chilli,Sandy Soil,Germination,9,33,56.0,1,1,0.2727,5.04
Chilli,Sandy Soil,Germination,10,34,53.0,1,1,0.2941,5.3
Chilli,Sandy Soil,Germination,11,35,50.0,1,1,0.3143,5.5
Chilli,Sandy Soil,Germination,12,36,47.0,1,1,0.3333,5.64
Chilli,Sandy Soil,Germination,13,37,44.0,1,1,0.3514,5.72
Chilli,Sandy Soil,Germination,14,38,41.0,1,1,0.3684,5.74
Chilli,Sandy Soil,Germination,15,39,38.0,1,1,0.3846,5.7
Chilli,Sandy Soil,Germination,16,40,35.0,1,1,0.4,5.6
Chilli,Sandy Soil,Germination,17,41,32.0,1,1,0.4146,5.44
Chilli,Sandy Soil,Germination,18,42,29.0,1,1,0.4286,5.22
Chilli,Sandy Soil,Germination,19,43,26.0,1,1,0.4419,4.94
Chilli,Sandy Soil,Germination,20,44,23.0,1,1,0.4545,4.6
Chilli,Sandy Soil,Germination,21,45,20.0,1,1,0.4667,4.2
Chilli,Sandy Soil,Germination,22,46,17.0,1,1,0.4783,3.74
Chilli,Sandy Soil,Germination,23,25,80.0,1,1,0.92,18.4
Chilli,Sandy Soil,Germination,24,26,77.5,1,1,0.9231,18.6
Chilli,Sandy Soil,Germination,25,27,75.0,1,1,0.9259,18.75
Chilli,Sandy Soil,Germination,26,28,72.5,1,1,0.9286,18.85
Chilli,Sandy Soil,Germination,27,29,70.0,1,1,0.931,18.9
Chilli,Sandy Soil,Germination,28,30,67.5,1,1,0.9333,18.9
Chilli,Sandy Soil,Germination,29,31,65.0,1,1,0.9355,18.85
Chilli,Sandy Soil,Germination,30,32,62.5,1,1,0.9375,18.75
Chilli,Sandy Soil,Germination,31,33,60.0,1,1,0.9394,18.6
Chilli,Sandy Soil,Germination,32,34,57.5,1,1,0.9412,18.4
Chilli,Sandy Soil,Germination,33,35,55.0,1,1,0.9429,18.15
Chilli,Sandy Soil,Germination,34,36,52.5,1,1,0.9444,17.85
Chilli,Sandy Soil,Germination,35,37,50.0,1,1,0.9459,17.5
Chilli,Sandy Soil,Germination,36,38,47.5,1,1,0.9474,17.1
Chilli,Sandy Soil,Germination,37,39,45.0,1,1,0.9487,16.65
Chilli,Sandy Soil,Germination,38,40,42.5,1,1,0.95,16.15
Chilli,Sandy Soil,Germination,39,41,40.0,1,1,0.9512,15.6
Chilli,Sandy Soil,Germination,40,42,37.5,1,1,0.9524,15.0
Chilli,Sandy Soil,Germination,41,43,35.0,1,1,0.9535,14.35
Chilli,Sandy Soil,Germination,42,44,32.5,1,1,0.9545,13.65
Chilli,Sandy Soil,Germination,43,45,30.0,1,1,0.9556,12.9
Chilli,Sandy Soil,Germination,44,46,27.5,1,1,0.9565,12.1
Chilli,Sandy Soil,Germination,45,25,80.0,1,1,1.8,36.0
Chilli,Sandy Soil,Germination,46,26,77.3,1,1,1.7692,35.558
Chilli,Sandy Soil,Germination,47,27,74.6,1,1,1.7407,35.062
Chilli,Sandy Soil,Germination,48,28,71.9,1,1,1.7143,34.512
Chilli,Sandy Soil,Germination,49,29,69.2,1,1,1.6897,33.908
Chilli,Sandy Soil,Germination,50,30,66.5,1,1,1.6667,33.25
Chilli,Sandy Soil,Germination,51,31,63.8,1,1,1.6452,32.538
Chilli,Sandy Soil,Germination,52,32,61.1,1,1,1.625,31.772
Chilli,Sandy Soil,Germination,53,33,58.4,1,1,1.6061,30.952
Chilli,Sandy Soil,Germination,54,34,55.7,1,1,1.5882,30.078
Chilli,Sandy Soil,Germination,55,35,53.0,1,1,1.5714,29.15
Chilli,Sandy Soil,Germination,56,36,50.3,1,1,1.5556,28.168
Chilli,Sandy Soil,Germination,57,37,47.6,1,1,1.5405,27.132
Chilli,Sandy Soil,Germination,58,38,44.9,1,1,1.5263,26.042
Chilli,Sandy Soil,Germination,59,39,42.2,1,1,1.5128,24.898
Chilli,Sandy Soil,Germination,60,40,39.5,1,1,1.5,23.7
Chilli,Sandy Soil,Germination,61,41,36.8,1,1,1.4878,22.448
Chilli,Sandy Soil,Germination,62,42,34.1,1,1,1.4762,21.142
Chilli,Sandy Soil,Germination,63,43,31.4,1,1,1.4651,19.782
Chilli,Sandy Soil,Germination,64,44,28.7,1,1,1.4545,18.368
Chilli,Sandy Soil,Germination,65,45,26.0,1,1,1.4444,16.9
Chilli,Sandy Soil,Germination,66,46,23.3,1,1,1.4348,15.378
Chilli,Sandy Soil,Germination,67,25,80.0,1,1,2.68,53.6
Chilli,Sandy Soil,Germination,68,26,78.0,1,1,2.6154,53.04
Chilli,Sandy Soil,Germination,69,27,76.0,1,1,2.5556,52.44
Chilli,Sandy Soil,Germination,81,39,52.0,0,1,2.0769,42.12
Chilli,Sandy Soil,Germination,82,40,50.0,0,1,2.05,41.0
Chilli,Sandy Soil,Germination,83,41,48.0,0,1,2.0244,39.84
Chilli,Sandy Soil,Germination,84,42,46.0,0,1,2.0,38.64
Chilli,Sandy Soil,Germination,85,43,44.0,0,1,1.9767,37.4
Chilli,Sandy Soil,Germination,86,44,42.0,0,1,1.9545,36.12
Chilli,Sandy Soil,Germination,87,45,40.0,0,1,1.9333,34.8
Chilli,Sandy Soil,Germination,88,46,38.0,0,1,1.913,33.44
Chilli,Sandy Soil,Germination,89,25,80.0,0,1,3.56,71.2
Chilli,Sandy Soil,Germination,90,26,78.0,0,1,3.4615,70.2
Chilli,Sandy Soil,Germination,91,27,76.0,0,1,3.3704,69.16
Chilli,Sandy Soil,Germination,92,28,74.0,0,1,3.2857,68.08
Chilli,Sandy Soil,Germination,93,29,72.0,0,1,3.2069,66.96
Chilli,Sandy Soil,Germination,94,30,70.0,0,1,3.1333,65.8
Chilli,Sandy Soil,Germination,95,31,68.0,0,1,3.0645,64.6
Chilli,Sandy Soil,Germination,96,32,66.0,0,1,3.0,63.36
Chilli,Sandy Soil,Germination,97,33,64.0,0,1,2.9394,62.08
Chilli,Sandy Soil,Germination,98,34,62.0,0,1,2.8824,60.76
Chilli,Sandy Soil,Germination,99,35,60.0,0,1,2.8286,59.4
Chilli,Sandy Soil,Germination,100,36,58.0,0,1,2.7778,58.0
Chilli,Sandy Soil,Seedling Stage,1,37,56.0,1,2,0.027,0.56
Chilli,Sandy Soil,Seedling Stage,2,38,54.0,1,2,0.0526,1.08
Chilli,Sandy Soil,Seedling Stage,3,39,52.0,1,2,0.0769,1.56
Chilli,Sandy Soil,Seedling Stage,4,40,50.0,1,2,0.1,2.0
Chilli,Sandy Soil,Seedling Stage,5,41,48.0,1,2,0.122,2.4
Chilli,Sandy Soil,Seedling Stage,6,42,46.0,1,2,0.1429,2.76
Chilli,Sandy Soil,Seedling Stage,7,43,44.0,1,2,0.1628,3.08
Chilli,Sandy Soil,Seedling Stage,8,44,42.0,1,2,0.1818,3.36
Chilli,Sandy Soil,Seedling Stage,9,45,40.0,1,2,0.2,3.6
Chilli,Sandy Soil,Seedling Stage,10,46,38.0,1,2,0.2174,3.8
Chilli,Sandy Soil,Seedling Stage,11,25,80.0,1,2,0.44,8.8
Chilli,Sandy Soil,Seedling Stage,12,26,77.0,1,2,0.4615,9.24
Chilli,Sandy Soil,Seedling Stage,13,27,74.0,1,2,0.4815,9.62
Chilli,Sandy Soil,Seedling Stage,14,28,71.0,1,2,0.5,9.94
Chilli,Sandy Soil,Seedling Stage,15,29,68.0,1,2,0.5172,10.2
Chilli,Sandy Soil,Seedling Stage,16,30,65.0,1,2,0.5333,10.4
Chilli,Sandy Soil,Seedling Stage,17,31,62.0,1,2,0.5484,10.54
Chilli,Sandy Soil,Seedling Stage,18,32,59.0,1,2,0.5625,10.62
Chilli,Sandy Soil,Seedling Stage,19,33,56.0,1,2,0.5758,10.64
Chilli,Sandy Soil,Seedling Stage,20,34,53.0,1,2,0.5882,10.6
Chilli,Sandy Soil,Seedling Stage,21,35,50.0,1,2,0.6,10.5
Chilli,Sandy Soil,Seedling Stage,22,36,47.0,1,2,0.6111,10.34
Chilli,Sandy Soil,Seedling Stage,23,37,44.0,1,2,0.6216,10.12
Chilli,Sandy Soil,Seedling Stage,24,38,41.0,1,2,0.6316,9.84
Chilli,Sandy Soil,Seedling Stage,25,39,38.0,1,2,0.641,9.5
Chilli,Sandy Soil,Seedling Stage,26,40,35.0,1,2,0.65,9.1
Chilli,Sandy Soil,Seedling Stage,27,41,32.0,1,2,0.6585,8.64
Chilli,Sandy Soil,Seedling Stage,28,42,29.0,1,2,0.6667,8.12
Chilli,Sandy Soil,Seedling Stage,29,43,26.0,1,2,0.6744,7.54
Chilli,Sandy Soil,Seedling Stage,30,44,23.0,1,2,0.6818,6.9
Chilli,Sandy Soil,Seedling Stage,31,45,20.0,1,2,0.6889,6.2
Chilli,Sandy Soil,Seedling Stage,32,46,17.0,1,2,0.6957,5.44
Chilli,Sandy Soil,Seedling Stage,33,25,80.0,1,2,1.32,26.4
Chilli,Sandy Soil,Seedling Stage,34,26,77.0,1,2,1.3077,26.18
Chilli,Sandy Soil,Seedling Stage,35,27,74.0,1,2,1.2963,25.9
Chilli,Sandy Soil,Seedling Stage,36,28,71.0,1,2,1.2857,25.56
Chilli,Sandy Soil,Seedling Stage,37,29,68.0,1,2,1.2759,25.16
Chilli,Sandy Soil,Seedling Stage,38,30,65.0,1,2,1.2667,24.7
Chilli,Sandy Soil,Seedling Stage,39,31,62.0,1,2,1.2581,24.18
Chilli,Sandy Soil,Seedling Stage,40,32,59.0,1,2,1.25,23.6
Chilli,Sandy Soil,Seedling Stage,41,33,56.0,1,2,1.2424,22.96
Chilli,Sandy Soil,Seedling Stage,42,34,53.0,1,2,1.2353,22.26
Chilli,Sandy Soil,Seedling Stage,43,35,50.0,1,2,1.2286,21.5
Chilli,Sandy Soil,Seedling Stage,44,36,47.0,1,2,1.2222,20.68
Chilli,Sandy Soil,Seedling Stage,45,37,44.0,1,2,1.2162,19.8
Chilli,Sandy Soil,Seedling Stage,46,38,41.0,1,2,1.2105,18.86
Chilli,Sandy Soil,Seedling Stage,47,39,38.0,1,2,1.2051,17.86
Chilli,Sandy Soil,Seedling Stage,48,40,35.0,1,2,1.2,16.8
Chilli,Sandy Soil,Seedling Stage,49,41,32.0,1,2,1.1951,15.68
Chilli,Sandy Soil,Seedling Stage,50,42,29.0,1,2,1.1905,14.5
Chilli,Sandy Soil,Seedling Stage,51,43,26.0,1,2,1.186,13.26
Chilli,Sandy Soil,Seedling Stage,52,44,23.0,1,2,1.1818,11.96
Chilli,Sandy Soil,Seedling Stage,53,45,20.0,1,2,1.1778,10.6
Chilli,Sandy Soil,Seedling Stage,54,46,17.0,1,2,1.1739,9.18
Chilli,Sandy Soil,Seedling Stage,55,25,80.0,1,2,2.2,44.0
Chilli,Sandy Soil,Seedling Stage,56,26,77.0,1,2,2.1538,43.12
Chilli,Sandy Soil,Seedling Stage,57,27,74.0,1,2,2.1111,42.18
Chilli,Sandy Soil,Seedling Stage,58,28,71.0,1,2,2.0714,41.18
Chilli,Sandy Soil,Seedling Stage,59,29,68.0,1,2,2.0345,40.12
Chilli,Sandy Soil,Seedling Stage,60,30,65.0,1,2,2.0,39.0
Chilli,Sandy Soil,Seedling Stage,61,31,62.0,1,2,1.9677,37.82
Chilli,Sandy Soil,Seedling Stage,62,32,59.0,1,2,1.9375,36.58
Chilli,Sandy Soil,Seedling Stage,63,33,56.0,1,2,1.9091,35.28
Chilli,Sandy Soil,Seedling Stage,64,34,53.0,1,2,1.8824,33.92
Chilli,Sandy Soil,Seedling Stage,65,35,50.0,1,2,1.8571,32.5
Chilli,Sandy Soil,Seedling Stage,66,36,47.0,1,2,1.8333,31.02
Chilli,Sandy Soil,Seedling Stage,67,37,44.0,1,2,1.8108,29.48
Chilli,Sandy Soil,Seedling Stage,68,38,41.0,1,2,1.7895,27.88
Chilli,Sandy Soil,Seedling Stage,69,39,38.0,1,2,1.7692,26.22
Chilli,Sandy Soil,Seedling Stage,81,29,69.2,0,2,2.7931,56.052
Chilli,Sandy Soil,Seedling Stage,82,30,66.5,0,2,2.7333,54.53
Chilli,Sandy Soil,Seedling Stage,83,31,63.8,0,2,2.6774,52.954
Chilli,Sandy Soil,Seedling Stage,84,32,61.1,0,2,2.625,51.324
Chilli,Sandy Soil,Seedling Stage,85,33,58.4,0,2,2.5758,49.64
Chilli,Sandy Soil,Seedling Stage,86,34,55.7,0,2,2.5294,47.902
Chilli,Sandy Soil,Seedling Stage,87,35,53.0,0,2,2.4857,46.11
Chilli,Sandy Soil,Seedling Stage,88,36,50.3,0,2,2.4444,44.264
Chilli,Sandy Soil,Seedling Stage,89,37,47.6,0,2,2.4054,42.364
Chilli,Sandy Soil,Seedling Stage,90,38,44.9,0,2,2.3684,40.41
Chilli,Sandy Soil,Seedling Stage,91,39,42.2,0,2,2.3333,38.402
Chilli,Sandy Soil,Seedling Stage,92,40,39.5,0,2,2.3,36.34
Chilli,Sandy Soil,Seedling Stage,93,41,36.8,0,2,2.2683,34.224
Chilli,Sandy Soil,Seedling Stage,94,42,34.1,0,2,2.2381,32.054
Chilli,Sandy Soil,Seedling Stage,95,43,31.4,0,2,2.2093,29.83
Chilli,Sandy Soil,Seedling Stage,96,44,28.7,0,2,2.1818,27.552
Chilli,Sandy Soil,Seedling Stage,97,45,26.0,0,2,2.1556,25.22
Chilli,Sandy Soil,Seedling Stage,98,46,23.3,0,2,2.1304,22.834
Chilli,Sandy Soil,Seedling Stage,99,25,80.0,0,2,3.96,79.2
Chilli,Sandy Soil,Seedling Stage,100,26,77.0,0,2,3.8462,77.0
Chilli,Sandy Soil,Vegetative Growth / Root or Tuber Development,1,27,74.0,1,3,0.037,0.74
Chilli,Sandy Soil,Vegetative Growth / Root or Tuber Development,2,28,71.0,1,3,0.0714,1.42
Chilli,Sandy Soil,Vegetative Growth / Root or Tuber Development,3,29,68.0,1,3,0.1034,2.04
Chilli,Sandy Soil,Vegetative Growth / Root or Tuber Development,4,30,65.0,1,3,0.1333,2.6
Chilli,Sandy Soil,Vegetative Growth / Root or Tuber Development,5,31,62.0,1,3,0.1613,3.1
Chilli,Sandy Soil,Vegetative Growth / Root or Tuber Development,6,32,59.0,1,3,0.1875,3.54
Chilli,Sandy Soil,Vegetative Growth / Root or Tuber Development,7,33,56.0,1,3,0.2121,3.92
Chilli,Sandy Soil,Vegetative Growth / Root or Tuber Development,8,34,53.0,1,3,0.2353,4.24
Chilli,Sandy Soil,Vegetative Growth / Root or Tuber Development,9,35,50.0,1,3,0.2571,4.5
Chilli,Sandy Soil,Vegetative Growth / Root or Tuber Development,10,36,47.0,1,3,0.2778,4.7
Chilli,Sandy Soil,Vegetative Growth / Root or Tuber Development,11,37,44.0,1,3,0.2973,4.84
Chilli,Sandy Soil,Vegetative Growth / Root or Tuber Development,12,38,41.0,1,3,0.3158,4.92
Chilli,Sandy Soil,Vegetative Growth / Root or Tuber Development,13,39,38.0,1,3,0.3333,4.94
Chilli,Sandy Soil,Vegetative Growth / Root or Tuber Development,14,40,35.0,1,3,0.35,4.9
Chilli,Sandy Soil,Vegetative Growth / Root or Tuber Development,15,41,32.0,1,3,0.3659,4.8
Chilli,Sandy Soil,Vegetative Growth / Root or Tuber Development,16,42,29.0,1,3,0.381,4.64
Chilli,Sandy Soil,Vegetative Growth / Root or Tuber Development,17,43,26.0,1,3,0.3953,4.42
Chilli,Sandy Soil,Vegetative Growth / Root or Tuber Development,18,44,23.0,1,3,0.4091,4.14
Chilli,Sandy Soil,Vegetative Growth / Root or Tuber Development,19,45,20.0,1,3,0.4222,3.8
Chilli,Sandy Soil,Vegetative Growth / Root or Tuber Development,20,46,17.0,1,3,0.4348,3.4
Chilli,Sandy Soil,Vegetative Growth / Root or Tuber Development,21,25,80.0,1,3,0.84,16.8
Chilli,Sandy Soil,Vegetative Growth / Root or Tuber Development,22,26,77.5,1,3,0.8462,17.05
Chilli,Sandy Soil,Vegetative Growth / Root or Tuber Development,23,27,75.0,1,3,0.8519,17.25
Chilli,Sandy Soil,Vegetative Growth / Root or Tuber Development,24,28,72.5,1,3,0.8571,17.4
Chilli,Sandy Soil,Vegetative Growth / Root or Tuber Development,25,29,70.0,1,3,0.8621,17.5
Chilli,Sandy Soil,Vegetative Growth / Root or Tuber Development,26,30,67.5,1,3,0.8667,17.55
Chilli,Sandy Soil,Vegetative Growth / Root or Tuber Development,27,31,65.0,1,3,0.871,17.55
Chilli,Sandy Soil,Vegetative Growth / Root or Tuber Development,28,32,62.5,1,3,0.875,17.5
Chilli,Sandy Soil,Vegetative Growth / Root or Tuber Development,29,33,60.0,1,3,0.8788,17.4
Chilli,Sandy Soil,Vegetative Growth / Root or Tuber Development,30,34,57.5,1,3,0.8824,17.25
Chilli,Sandy Soil,Vegetative Growth / Root or Tuber Development,31,35,55.0,1,3,0.8857,17.05
Chilli,Sandy Soil,Vegetative Growth / Root or Tuber Development,32,36,52.5,1,3,0.8889,16.8
Chilli,Sandy Soil,Vegetative Growth / Root or Tuber Development,33,37,50.0,1,3,0.8919,16.5
Chilli,Sandy Soil,Vegetative Growth / Root or Tuber Development,34,38,47.5,1,3,0.8947,16.15
Chilli,Sandy Soil,Vegetative Growth / Root or Tuber Development,35,39,45.0,1,3,0.8974,15.75
Chilli,Sandy Soil,Vegetative Growth / Root or Tuber Development,36,40,42.5,1,3,0.9,15.3
Chilli,Sandy Soil,Vegetative Growth / Root or Tuber Development,37,41,40.0,1,3,0.9024,14.8
Chilli,Sandy Soil,Vegetative Growth / Root or Tuber Development,38,42,37.5,1,3,0.9048,14.25
Chilli,Sandy Soil,Vegetative Growth / Root or Tuber Development,39,43,35.0,1,3,0.907,13.65
Chilli,Sandy Soil,Vegetative Growth / Root or Tuber Development,40,44,32.5,1,3,0.9091,13.0
Chilli,Sandy Soil,Vegetative Growth / Root or Tuber Development,41,45,30.0,1,3,0.9111,12.3
Chilli,Sandy Soil,Vegetative Growth / Root or Tuber Development,42,46,27.5,1,3,0.913,11.55
Chilli,Sandy Soil,Vegetative Growth / Root or Tuber Development,43,25,80.0,1,3,1.72,34.4
Chilli,Sandy Soil,Vegetative Growth / Root or Tuber Development,44,26,77.3,1,3,1.6923,34.012
Chilli,Sandy Soil,Vegetative Growth / Root or Tuber Development,45,27,74.6,1,3,1.6667,33.57
Chilli,Sandy Soil,Vegetative Growth / Root or Tuber Development,46,28,71.9,1,3,1.6429,33.074
Chilli,Sandy Soil,Vegetative Growth / Root or Tuber Development,47,29,69.2,1,3,1.6207,32.524
Chilli,Sandy Soil,Vegetative Growth / Root or Tuber Development,48,30,66.5,1,3,1.6,31.92
Chilli,Sandy Soil,Vegetative Growth / Root or Tuber Development,49,31,63.8,1,3,1.5806,31.262
Chilli,Sandy Soil,Vegetative Growth / Root or Tuber Development,50,32,61.1,1,3,1.5625,30.55
Chilli,Sandy Soil,Vegetative Growth / Root or Tuber Development,51,33,58.4,1,3,1.5455,29.784
Chilli,Sandy Soil,Vegetative Growth / Root or Tuber Development,52,34,55.7,1,3,1.5294,28.964
Chilli,Sandy Soil,Vegetative Growth / Root or Tuber Development,53,35,53.0,1,3,1.5143,28.09
Chilli,Sandy Soil,Vegetative Growth / Root or Tuber Development,54,36,50.3,1,3,1.5,27.162
Chilli,Sandy Soil,Vegetative Growth / Root or Tuber Development,55,37,47.6,1,3,1.4865,26.18
Chilli,Sandy Soil,Vegetative Growth / Root or Tuber Development,56,38,44.9,1,3,1.4737,25.144
Chilli,Sandy Soil,Vegetative Growth / Root or Tuber Development,57,39,42.2,1,3,1.4615,24.054
Chilli,Sandy Soil,Vegetative Growth / Root or Tuber Development,58,40,39.5,1,3,1.45,22.91
Chilli,Sandy Soil,Vegetative Growth / Root or Tuber Development,59,41,36.8,1,3,1.439,21.712
Chilli,Sandy Soil,Vegetative Growth / Root or Tuber Development,60,42,34.1,1,3,1.4286,20.46
Chilli,Sandy Soil,Vegetative Growth / Root or Tuber Development,61,43,31.4,1,3,1.4186,19.154
Chilli,Sandy Soil,Vegetative Growth / Root or Tuber Development,62,44,28.7,1,3,1.4091,17.794
Chilli,Sandy Soil,Vegetative Growth / Root or Tuber Development,63,45,26.0,1,3,1.4,16.38
Chilli,Sandy Soil,Vegetative Growth / Root or Tuber Development,64,46,23.3,1,3,1.3913,14.912
Chilli,Sandy Soil,Vegetative Growth / Root or Tuber Development,65,25,80.0,1,3,2.6,52.0
Chilli,Sandy Soil,Vegetative Growth / Root or Tuber Development,66,26,77.0,1,3,2.5385,50.82
Chilli,Sandy Soil,Vegetative Growth / Root or Tuber Development,67,27,74.0,1,3,2.4815,49.58
Chilli,Sandy Soil,Vegetative Growth / Root or Tuber Development,68,28,71.0,1,3,2.4286,48.28
Chilli,Sandy Soil,Vegetative Growth / Root or Tuber Development,69,29,68.0,1,3,2.3793,46.92
Chilli,Sandy Soil,Vegetative Growth / Root or Tuber Development,70,30,65.0,1,3,2.3333,45.5
Chilli,Sandy Soil,Vegetative Growth / Root or Tuber Development,71,31,62.0,1,3,2.2903,44.02
Chilli,Sandy Soil,Vegetative Growth / Root or Tuber Development,72,32,59.0,1,3,2.25,42.48
Chilli,Sandy Soil,Vegetative Growth / Root or Tuber Development,73,33,56.0,1,3,2.2121,40.88
Chilli,Sandy Soil,Vegetative Growth / Root or Tuber Development,74,34,53.0,1,3,2.1765,39.22
Chilli,Sandy Soil,Vegetative Growth / Root or Tuber Development,75,35,50.0,1,3,2.1429,37.5
Chilli,Sandy Soil,Vegetative Growth / Root or Tuber Development,76,36,47.0,1,3,2.1111,35.72
Chilli,Sandy Soil,Vegetative Growth / Root or Tuber Development,77,37,44.0,1,3,2.0811,33.88
Chilli,Sandy Soil,Vegetative Growth / Root or Tuber Development,78,38,41.0,1,3,2.0526,31.98
Chilli,Sandy Soil,Vegetative Growth / Root or Tuber Development,79,39,38.0,1,3,2.0256,30.02
Chilli,Sandy Soil,Vegetative Growth / Root or Tuber Development,80,40,35.0,1,3,2.0,28.0
Chilli,Sandy Soil,Vegetative Growth / Root or Tuber Development,91,29,68.0,0,3,3.1379,61.88
Chilli,Sandy Soil,Vegetative Growth / Root or Tuber Development,92,30,65.0,0,3,3.0667,59.8
Chilli,Sandy Soil,Vegetative Growth / Root or Tuber Development,93,31,62.0,0,3,3.0,57.66
Chilli,Sandy Soil,Vegetative Growth / Root or Tuber Development,94,32,59.0,0,3,2.9375,55.46
Chilli,Sandy Soil,Vegetative Growth / Root or Tuber Development,95,33,56.0,0,3,2.8788,53.2
Chilli,Sandy Soil,Vegetative Growth / Root or Tuber Development,96,34,53.0,0,3,2.8235,50.88
Chilli,Sandy Soil,Vegetative Growth / Root or Tuber Development,97,35,50.0,0,3,2.7714,48.5
Chilli,Sandy Soil,Vegetative Growth / Root or Tuber Development,98,36,47.0,0,3,2.7222,46.06
Chilli,Sandy Soil,Vegetative Growth / Root or Tuber Development,99,37,44.0,0,3,2.6757,43.56
Chilli,Sandy Soil,Vegetative Growth / Root or Tuber Development,100,38,41.0,0,3,2.6316,41.0
Chilli,Sandy Soil,Flowering,1,39,38.0,1,4,0.0256,0.38
Chilli,Sandy Soil,Flowering,2,40,35.0,1,4,0.05,0.7
Chilli,Sandy Soil,Flowering,3,41,32.0,1,4,0.0732,0.96
Chilli,Sandy Soil,Flowering,4,42,29.0,1,4,0.0952,1.16
Chilli,Sandy Soil,Flowering,5,43,26.0,1,4,0.1163,1.3
Chilli,Sandy Soil,Flowering,6,44,23.0,1,4,0.1364,1.38
Chilli,Sandy Soil,Flowering,7,45,20.0,1,4,0.1556,1.4
Chilli,Sandy Soil,Flowering,8,46,17.0,1,4,0.1739,1.36
Chilli,Sandy Soil,Flowering,9,25,80.0,1,4,0.36,7.2
Chilli,Sandy Soil,Flowering,10,26,77.0,1,4,0.3846,7.7
Chilli,Sandy Soil,Flowering,11,27,74.0,1,4,0.4074,8.14
Chilli,Sandy Soil,Flowering,12,28,71.0,1,4,0.4286,8.52
Chilli,Sandy Soil,Flowering,13,29,68.0,1,4,0.4483,8.84
Chilli,Sandy Soil,Flowering,14,30,65.0,1,4,0.4667,9.1
Chilli,Sandy Soil,Flowering,15,31,62.0,1,4,0.4839,9.3
Chilli,Sandy Soil,Flowering,16,32,59.0,1,4,0.5,9.44
Chilli,Sandy Soil,Flowering,17,33,56.0,1,4,0.5152,9.52
Chilli,Sandy Soil,Flowering,18,34,53.0,1,4,0.5294,9.54
Chilli,Sandy Soil,Flowering,19,35,50.0,1,4,0.5429,9.5
Chilli,Sandy Soil,Flowering,20,36,47.0,1,4,0.5556,9.4
Chilli,Sandy Soil,Flowering,21,37,44.0,1,4,0.5676,9.24
Chilli,Sandy Soil,Flowering,22,38,41.0,1,4,0.5789,9.02
Chilli,Sandy Soil,Flowering,23,39,38.0,1,4,0.5897,8.74
Chilli,Sandy Soil,Flowering,24,40,35.0,1,4,0.6,8.4
Chilli,Sandy Soil,Flowering,25,41,32.0,1,4,0.6098,8.0
Chilli,Sandy Soil,Flowering,26,42,29.0,1,4,0.619,7.54
Chilli,Sandy Soil,Flowering,27,43,26.0,1,4,0.6279,7.02
Chilli,Sandy Soil,Flowering,28,44,23.0,1,4,0.6364,6.44
Chilli,Sandy Soil,Flowering,29,45,20.0,1,4,0.6444,5.8
Chilli,Sandy Soil,Flowering,30,46,17.0,1,4,0.6522,5.1
Chilli,Sandy Soil,Flowering,31,25,80.0,1,4,1.24,24.8
Chilli,Sandy Soil,Flowering,32,26,77.0,1,4,1.2308,24.64
Chilli,Sandy Soil,Flowering,33,27,74.0,1,4,1.2222,24.42
Chilli,Sandy Soil,Flowering,34,28,71.0,1,4,1.2143,24.14
Chilli,Sandy Soil,Flowering,35,29,68.0,1,4,1.2069,23.8
Chilli,Sandy Soil,Flowering,36,30,65.0,1,4,1.2,23.4
Chilli,Sandy Soil,Flowering,37,31,62.0,1,4,1.1935,22.94
Chilli,Sandy Soil,Flowering,38,32,59.0,1,4,1.1875,22.42
Chilli,Sandy Soil,Flowering,39,33,56.0,1,4,1.1818,21.84
Chilli,Sandy Soil,Flowering,40,34,53.0,1,4,1.1765,21.2
Chilli,Sandy Soil,Flowering,41,35,50.0,1,4,1.1714,20.5
Chilli,Sandy Soil,Flowering,42,36,47.0,1,4,1.1667,19.74
Chilli,Sandy Soil,Flowering,43,37,44.0,1,4,1.1622,18.92
Chilli,Sandy Soil,Flowering,44,38,41.0,1,4,1.1579,18.04
Chilli,Sandy Soil,Flowering,45,39,38.0,1,4,1.1538,17.1
Chilli,Sandy Soil,Flowering,46,40,35.0,1,4,1.15,16.1
Chilli,Sandy Soil,Flowering,47,41,32.0,1,4,1.1463,15.04
Chilli,Sandy Soil,Flowering,48,42,29.0,1,4,1.1429,13.92
Chilli,Sandy Soil,Flowering,49,43,26.0,1,4,1.1395,12.74
Chilli,Sandy Soil,Flowering,50,44,23.0,1,4,1.1364,11.5
Chilli,Sandy Soil,Flowering,51,45,20.0,1,4,1.1333,10.2
Chilli,Sandy Soil,Flowering,52,46,17.0,1,4,1.1304,8.84
Chilli,Sandy Soil,Flowering,53,25,80.0,1,4,2.12,42.4
Chilli,Sandy Soil,Flowering,54,26,77.0,1,4,2.0769,41.58
Chilli,Sandy Soil,Flowering,55,27,74.0,1,4,2.037,40.7
Chilli,Sandy Soil,Flowering,56,28,71.0,1,4,2.0,39.76
Chilli,Sandy Soil,Flowering,57,29,68.0,1,4,1.9655,38.76
Chilli,Sandy Soil,Flowering,58,30,65.0,1,4,1.9333,37.7
Chilli,Sandy Soil,Flowering,59,31,62.0,1,4,1.9032,36.58
Chilli,Sandy Soil,Flowering,60,32,59.0,1,4,1.875,35.4
Chilli,Sandy Soil,Flowering,61,33,56.0,1,4,1.8485,34.16
Chilli,Sandy Soil,Flowering,62,34,53.0,1,4,1.8235,32.86
Chilli,Sandy Soil,Flowering,63,35,50.0,1,4,1.8,31.5
Chilli,Sandy Soil,Flowering,64,36,47.0,1,4,1.7778,30.08
Chilli,Sandy Soil,Flowering,65,37,44.0,1,4,1.7568,28.6
Chilli,Sandy Soil,Flowering,66,38,41.0,1,4,1.7368,27.06
Chilli,Sandy Soil,Flowering,67,39,38.0,1,4,1.7179,25.46
Chilli,Sandy Soil,Flowering,68,40,35.0,1,4,1.7,23.8
Chilli,Sandy Soil,Flowering,69,41,32.0,1,4,1.6829,22.08
Chilli,Sandy Soil,Flowering,70,42,29.0,1,4,1.6667,20.3
Chilli,Sandy Soil,Flowering,71,43,26.0,1,4,1.6512,18.46
Chilli,Sandy Soil,Flowering,72,44,23.0,1,4,1.6364,16.56
Chilli,Sandy Soil,Flowering,73,45,20.0,1,4,1.6222,14.6
Chilli,Sandy Soil,Flowering,74,46,17.0,1,4,1.6087,12.58
Chilli,Sandy Soil,Flowering,75,25,80.0,1,4,3.0,60.0
Chilli,Sandy Soil,Flowering,76,26,77.0,1,4,2.9231,58.52
Chilli,Sandy Soil,Flowering,77,27,74.0,1,4,2.8519,56.98
Chilli,Sandy Soil,Flowering,78,28,71.0,1,4,2.7857,55.38
Chilli,Sandy Soil,Flowering,79,29,68.0,1,4,2.7241,53.72
Chilli,Sandy Soil,Flowering,80,30,65.0,1,4,2.6667,52.0
Chilli,Sandy Soil,Flowering,91,41,32.0,0,4,2.2195,29.12
Chilli,Sandy Soil,Flowering,92,42,29.0,0,4,2.1905,26.68
Chilli,Sandy Soil,Flowering,93,43,26.0,0,4,2.1628,24.18
Chilli,Sandy Soil,Flowering,94,44,23.0,0,4,2.1364,21.62
Chilli,Sandy Soil,Flowering,95,45,20.0,0,4,2.1111,19.0
Chilli,Sandy Soil,Flowering,96,46,17.0,0,4,2.087,16.32
Chilli,Sandy Soil,Flowering,97,25,81.0,0,4,3.88,78.57
Chilli,Sandy Soil,Flowering,98,26,79.0,0,4,3.7692,77.42
Chilli,Sandy Soil,Flowering,99,27,76.0,0,4,3.6667,75.24
Chilli,Sandy Soil,Flowering,100,28,73.0,0,4,3.5714,73.0
Chilli,Chalky Soil,Germination,1,25,80.0,1,1,0.04,0.8
Chilli,Chalky Soil,Germination,2,26,77.0,1,1,0.0769,1.54
Chilli,Chalky Soil,Germination,3,27,74.0,1,1,0.1111,2.22
Chilli,Chalky Soil,Germination,4,28,71.0,1,1,0.1429,2.84
Chilli,Chalky Soil,Germination,5,29,68.0,1,1,0.1724,3.4
Chilli,Chalky Soil,Germination,6,30,65.0,1,1,0.2,3.9
Chilli,Chalky Soil,Germination,7,31,62.0,1,1,0.2258,4.34
Chilli,Chalky Soil,Germination,8,32,59.0,1,1,0.25,4.72
Chilli,Chalky Soil,Germination,9,33,56.0,1,1,0.2727,5.04
Chilli,Chalky Soil,Germination,10,34,53.0,1,1,0.2941,5.3
Chilli,Chalky Soil,Germination,11,35,50.0,1,1,0.3143,5.5
Chilli,Chalky Soil,Germination,12,36,47.0,1,1,0.3333,5.64
Chilli,Chalky Soil,Germination,13,37,44.0,1,1,0.3514,5.72
Chilli,Chalky Soil,Germination,14,38,41.0,1,1,0.3684,5.74
Chilli,Chalky Soil,Germination,15,39,38.0,1,1,0.3846,5.7
Chilli,Chalky Soil,Germination,16,40,35.0,1,1,0.4,5.6
Chilli,Chalky Soil,Germination,17,41,32.0,1,1,0.4146,5.44
Chilli,Chalky Soil,Germination,18,42,29.0,1,1,0.4286,5.22
Chilli,Chalky Soil,Germination,19,43,26.0,1,1,0.4419,4.94
Chilli,Chalky Soil,Germination,20,44,23.0,1,1,0.4545,4.6
Chilli,Chalky Soil,Germination,21,45,20.0,1,1,0.4667,4.2
Chilli,Chalky Soil,Germination,22,46,17.0,1,1,0.4783,3.74
Chilli,Chalky Soil,Germination,23,25,80.0,1,1,0.92,18.4
Chilli,Chalky Soil,Germination,24,26,77.5,1,1,0.9231,18.6
Chilli,Chalky Soil,Germination,25,27,75.0,1,1,0.9259,18.75
Chilli,Chalky Soil,Germination,26,28,72.5,1,1,0.9286,18.85
Chilli,Chalky Soil,Germination,27,29,70.0,1,1,0.931,18.9
Chilli,Chalky Soil,Germination,28,30,67.5,1,1,0.9333,18.9
Chilli,Chalky Soil,Germination,29,31,65.0,1,1,0.9355,18.85
Chilli,Chalky Soil,Germination,30,32,62.5,1,1,0.9375,18.75
Chilli,Chalky Soil,Germination,31,33,60.0,1,1,0.9394,18.6
Chilli,Chalky Soil,Germination,32,34,57.5,1,1,0.9412,18.4
Chilli,Chalky Soil,Germination,33,35,55.0,1,1,0.9429,18.15
Chilli,Chalky Soil,Germination,34,36,52.5,1,1,0.9444,17.85
Chilli,Chalky Soil,Germination,35,37,50.0,1,1,0.9459,17.5
Chilli,Chalky Soil,Germination,36,38,47.5,1,1,0.9474,17.1
Chilli,Chalky Soil,Germination,37,39,45.0,1,1,0.9487,16.65
Chilli,Chalky Soil,Germination,38,40,42.5,1,1,0.95,16.15
Chilli,Chalky Soil,Germination,39,41,40.0,1,1,0.9512,15.6
Chilli,Chalky Soil,Germination,40,42,37.5,1,1,0.9524,15.0
Chilli,Chalky Soil,Germination,41,43,35.0,1,1,0.9535,14.35
Chilli,Chalky Soil,Germination,42,44,32.5,1,1,0.9545,13.65
Chilli,Chalky Soil,Germination,43,45,30.0,1,1,0.9556,12.9
Chilli,Chalky Soil,Germination,44,46,27.5,1,1,0.9565,12.1
Chilli,Chalky Soil,Germination,45,25,80.0,1,1,1.8,36.0
Chilli,Chalky Soil,Germination,46,26,77.3,1,1,1.7692,35.558
Chilli,Chalky Soil,Germination,47,27,74.6,1,1,1.7407,35.062
Chilli,Chalky Soil,Germination,48,28,71.9,1,1,1.7143,34.512
Chilli,Chalky Soil,Germination,49,29,69.2,1,1,1.6897,33.908
Chilli,Chalky Soil,Germination,50,30,66.5,1,1,1.6667,33.25
Chilli,Chalky Soil,Germination,51,31,63.8,1,1,1.6452,32.538
Chilli,Chalky Soil,Germination,52,32,61.1,1,1,1.625,31.772
Chilli,Chalky Soil,Germination,53,33,58.4,1,1,1.6061,30.952
Chilli,Chalky Soil,Germination,54,34,55.7,1,1,1.5882,30.078
Chilli,Chalky Soil,Germination,55,35,53.0,1,1,1.5714,29.15
Chilli,Chalky Soil,Germination,56,36,50.3,1,1,1.5556,28.168
Chilli,Chalky Soil,Germination,57,37,47.6,1,1,1.5405,27.132
Chilli,Chalky Soil,Germination,58,38,44.9,1,1,1.5263,26.042
Chilli,Chalky Soil,Germination,59,39,42.2,1,1,1.5128,24.898
Chilli,Chalky Soil,Germination,60,40,39.5,1,1,1.5,23.7
Chilli,Chalky Soil,Germination,61,41,36.8,1,1,1.4878,22.448
Chilli,Chalky Soil,Germination,62,42,34.1,1,1,1.4762,21.142
Chilli,Chalky Soil,Germination,63,43,31.4,1,1,1.4651,19.782
Chilli,Chalky Soil,Germination,64,44,28.7,1,1,1.4545,18.368
Chilli,Chalky Soil,Germination,65,45,26.0,1,1,1.4444,16.9
Chilli,Chalky Soil,Germination,66,46,23.3,1,1,1.4348,15.378
Chilli,Chalky Soil,Germination,67,25,80.0,1,1,2.68,53.6
Chilli,Chalky Soil,Germination,68,26,78.0,1,1,2.6154,53.04
Chilli,Chalky Soil,Germination,69,27,76.0,1,1,2.5556,52.44
Chilli,Chalky Soil,Germination,81,39,52.0,0,1,2.0769,42.12
Chilli,Chalky Soil,Germination,82,40,50.0,0,1,2.05,41.0
Chilli,Chalky Soil,Germination,83,41,48.0,0,1,2.0244,39.84
Chilli,Chalky Soil,Germination,84,42,46.0,0,1,2.0,38.64
Chilli,Chalky Soil,Germination,85,43,44.0,0,1,1.9767,37.4
Chilli,Chalky Soil,Germination,86,44,42.0,0,1,1.9545,36.12
Chilli,Chalky Soil,Germination,87,45,40.0,0,1,1.9333,34.8
Chilli,Chalky Soil,Germination,88,46,38.0,0,1,1.913,33.44
Chilli,Chalky Soil,Germination,89,25,80.0,0,1,3.56,71.2
Chilli,Chalky Soil,Germination,90,26,78.0,0,1,3.4615,70.2
Chilli,Chalky Soil,Germination,91,27,76.0,0,1,3.3704,69.16
Chilli,Chalky Soil,Germination,92,28,74.0,0,1,3.2857,68.08
Chilli,Chalky Soil,Germination,93,29,72.0,0,1,3.2069,66.96
Chilli,Chalky Soil,Germination,94,30,70.0,0,1,3.1333,65.8
Chilli,Chalky Soil,Germination,95,31,68.0,0,1,3.0645,64.6
Chilli,Chalky Soil,Germination,96,32,66.0,0,1,3.0,63.36
Chilli,Chalky Soil,Germination,97,33,64.0,0,1,2.9394,62.08
Chilli,Chalky Soil,Germination,98,34,62.0,0,1,2.8824,60.76
Chilli,Chalky Soil,Germination,99,35,60.0,0,1,2.8286,59.4
Chilli,Chalky Soil,Germination,100,36,58.0,0,1,2.7778,58.0
Chilli,Chalky Soil,Seedling Stage,1,37,56.0,1,2,0.027,0.56
Chilli,Chalky Soil,Seedling Stage,2,38,54.0,1,2,0.0526,1.08
Chilli,Chalky Soil,Seedling Stage,3,39,52.0,1,2,0.0769,1.56
Chilli,Chalky Soil,Seedling Stage,4,40,50.0,1,2,0.1,2.0
Chilli,Chalky Soil,Seedling Stage,5,41,48.0,1,2,0.122,2.4
Chilli,Chalky Soil,Seedling Stage,6,42,46.0,1,2,0.1429,2.76
Chilli,Chalky Soil,Seedling Stage,7,43,44.0,1,2,0.1628,3.08
Chilli,Chalky Soil,Seedling Stage,8,44,42.0,1,2,0.1818,3.36
Chilli,Chalky Soil,Seedling Stage,9,45,40.0,1,2,0.2,3.6
Chilli,Chalky Soil,Seedling Stage,10,46,38.0,1,2,0.2174,3.8
Chilli,Chalky Soil,Seedling Stage,11,25,80.0,1,2,0.44,8.8
Chilli,Chalky Soil,Seedling Stage,12,26,77.0,1,2,0.4615,9.24
Chilli,Chalky Soil,Seedling Stage,13,27,74.0,1,2,0.4815,9.62
Chilli,Chalky Soil,Seedling Stage,14,28,71.0,1,2,0.5,9.94
Chilli,Chalky Soil,Seedling Stage,15,29,68.0,1,2,0.5172,10.2
Chilli,Chalky Soil,Seedling Stage,16,30,65.0,1,2,0.5333,10.4
Chilli,Chalky Soil,Seedling Stage,17,31,62.0,1,2,0.5484,10.54
Chilli,Chalky Soil,Seedling Stage,18,32,59.0,1,2,0.5625,10.62
Chilli,Chalky Soil,Seedling Stage,19,33,56.0,1,2,0.5758,10.64
Chilli,Chalky Soil,Seedling Stage,20,34,53.0,1,2,0.5882,10.6
Chilli,Chalky Soil,Seedling Stage,21,35,50.0,1,2,0.6,10.5
Chilli,Chalky Soil,Seedling Stage,22,36,47.0,1,2,0.6111,10.34
Chilli,Chalky Soil,Seedling Stage,23,37,44.0,1,2,0.6216,10.12
Chilli,Chalky Soil,Seedling Stage,24,38,41.0,1,2,0.6316,9.84
Chilli,Chalky Soil,Seedling Stage,25,39,38.0,1,2,0.641,9.5
Chilli,Chalky Soil,Seedling Stage,26,40,35.0,1,2,0.65,9.1
Chilli,Chalky Soil,Seedling Stage,27,41,32.0,1,2,0.6585,8.64
Chilli,Chalky Soil,Seedling Stage,28,42,29.0,1,2,0.6667,8.12
Chilli,Chalky Soil,Seedling Stage,29,43,26.0,1,2,0.6744,7.54
Chilli,Chalky Soil,Seedling Stage,30,44,23.0,1,2,0.6818,6.9
Chilli,Chalky Soil,Seedling Stage,31,45,20.0,1,2,0.6889,6.2
Chilli,Chalky Soil,Seedling Stage,32,46,17.0,1,2,0.6957,5.44
Chilli,Chalky Soil,Seedling Stage,33,25,80.0,1,2,1.32,26.4
Chilli,Chalky Soil,Seedling Stage,34,26,77.0,1,2,1.3077,26.18
Chilli,Chalky Soil,Seedling Stage,35,27,74.0,1,2,1.2963,25.9
Chilli,Chalky Soil,Seedling Stage,36,28,71.0,1,2,1.2857,25.56
Chilli,Chalky Soil,Seedling Stage,37,29,68.0,1,2,1.2759,25.16
Chilli,Chalky Soil,Seedling Stage,38,30,65.0,1,2,1.2667,24.7
Chilli,Chalky Soil,Seedling Stage,39,31,62.0,1,2,1.2581,24.18
Chilli,Chalky Soil,Seedling Stage,40,32,59.0,1,2,1.25,23.6
Chilli,Chalky Soil,Seedling Stage,41,33,56.0,1,2,1.2424,22.96
Chilli,Chalky Soil,Seedling Stage,42,34,53.0,1,2,1.2353,22.26
Chilli,Chalky Soil,Seedling Stage,43,35,50.0,1,2,1.2286,21.5
Chilli,Chalky Soil,Seedling Stage,44,36,47.0,1,2,1.2222,20.68
Chilli,Chalky Soil,Seedling Stage,45,37,44.0,1,2,1.2162,19.8
Chilli,Chalky Soil,Seedling Stage,46,38,41.0,1,2,1.2105,18.86
Chilli,Chalky Soil,Seedling Stage,47,39,38.0,1,2,1.2051,17.86
Chilli,Chalky Soil,Seedling Stage,48,40,35.0,1,2,1.2,16.8
Chilli,Chalky Soil,Seedling Stage,49,41,32.0,1,2,1.1951,15.68
Chilli,Chalky Soil,Seedling Stage,50,42,29.0,1,2,1.1905,14.5
Chilli,Chalky Soil,Seedling Stage,51,43,26.0,1,2,1.186,13.26
Chilli,Chalky Soil,Seedling Stage,52,44,23.0,1,2,1.1818,11.96
Chilli,Chalky Soil,Seedling Stage,53,45,20.0,1,2,1.1778,10.6
Chilli,Chalky Soil,Seedling Stage,54,46,17.0,1,2,1.1739,9.18
Chilli,Chalky Soil,Seedling Stage,55,25,80.0,1,2,2.2,44.0
Chilli,Chalky Soil,Seedling Stage,56,26,77.0,1,2,2.1538,43.12
Chilli,Chalky Soil,Seedling Stage,57,27,74.0,1,2,2.1111,42.18
Chilli,Chalky Soil,Seedling Stage,58,28,71.0,1,2,2.0714,41.18
Chilli,Chalky Soil,Seedling Stage,59,29,68.0,1,2,2.0345,40.12
Chilli,Chalky Soil,Seedling Stage,60,30,65.0,1,2,2.0,39.0
Chilli,Chalky Soil,Seedling Stage,61,31,62.0,1,2,1.9677,37.82
Chilli,Chalky Soil,Seedling Stage,62,32,59.0,1,2,1.9375,36.58
Chilli,Chalky Soil,Seedling Stage,63,33,56.0,1,2,1.9091,35.28
Chilli,Chalky Soil,Seedling Stage,64,34,53.0,1,2,1.8824,33.92
Chilli,Chalky Soil,Seedling Stage,65,35,50.0,1,2,1.8571,32.5
Chilli,Chalky Soil,Seedling Stage,66,36,47.0,1,2,1.8333,31.02
Chilli,Chalky Soil,Seedling Stage,67,37,44.0,1,2,1.8108,29.48
Chilli,Chalky Soil,Seedling Stage,68,38,41.0,1,2,1.7895,27.88
Chilli,Chalky Soil,Seedling Stage,69,39,38.0,1,2,1.7692,26.22
Chilli,Chalky Soil,Seedling Stage,81,29,69.2,0,2,2.7931,56.052
Chilli,Chalky Soil,Seedling Stage,82,30,66.5,0,2,2.7333,54.53
Chilli,Chalky Soil,Seedling Stage,83,31,63.8,0,2,2.6774,52.954
Chilli,Chalky Soil,Seedling Stage,84,32,61.1,0,2,2.625,51.324
Chilli,Chalky Soil,Seedling Stage,85,33,58.4,0,2,2.5758,49.64
Chilli,Chalky Soil,Seedling Stage,86,34,55.7,0,2,2.5294,47.902
Chilli,Chalky Soil,Seedling Stage,87,35,53.0,0,2,2.4857,46.11
Chilli,Chalky Soil,Seedling Stage,88,36,50.3,0,2,2.4444,44.264
Chilli,Chalky Soil,Seedling Stage,89,37,47.6,0,2,2.4054,42.364
Chilli,Chalky Soil,Seedling Stage,90,38,44.9,0,2,2.3684,40.41
Chilli,Chalky Soil,Seedling Stage,91,39,42.2,0,2,2.3333,38.402
Chilli,Chalky Soil,Seedling Stage,92,40,39.5,0,2,2.3,36.34
Chilli,Chalky Soil,Seedling Stage,93,41,36.8,0,2,2.2683,34.224
Chilli,Chalky Soil,Seedling Stage,94,42,34.1,0,2,2.2381,32.054
Chilli,Chalky Soil,Seedling Stage,95,43,31.4,0,2,2.2093,29.83
Chilli,Chalky Soil,Seedling Stage,96,44,28.7,0,2,2.1818,27.552
Chilli,Chalky Soil,Seedling Stage,97,45,26.0,0,2,2.1556,25.22
Chilli,Chalky Soil,Seedling Stage,98,46,23.3,0,2,2.1304,22.834
Chilli,Chalky Soil,Seedling Stage,99,25,80.0,0,2,3.96,79.2
Chilli,Chalky Soil,Seedling Stage,100,26,77.0,0,2,3.8462,77.0
Chilli,Chalky Soil,Vegetative Growth / Root or Tuber Development,1,27,74.0,1,3,0.037,0.74
Chilli,Chalky Soil,Vegetative Growth / Root or Tuber Development,2,28,71.0,1,3,0.0714,1.42
Chilli,Chalky Soil,Vegetative Growth / Root or Tuber Development,3,29,68.0,1,3,0.1034,2.04
Chilli,Chalky Soil,Vegetative Growth / Root or Tuber Development,4,30,65.0,1,3,0.1333,2.6
Chilli,Chalky Soil,Vegetative Growth / Root or Tuber Development,5,31,62.0,1,3,0.1613,3.1
Chilli,Chalky Soil,Vegetative Growth / Root or Tuber Development,6,32,59.0,1,3,0.1875,3.54
Chilli,Chalky Soil,Vegetative Growth / Root or Tuber Development,7,33,56.0,1,3,0.2121,3.92
Chilli,Chalky Soil,Vegetative Growth / Root or Tuber Development,8,34,53.0,1,3,0.2353,4.24
Chilli,Chalky Soil,Vegetative Growth / Root or Tuber Development,9,35,50.0,1,3,0.2571,4.5
Chilli,Chalky Soil,Vegetative Growth / Root or Tuber Development,10,36,47.0,1,3,0.2778,4.7
Chilli,Chalky Soil,Vegetative Growth / Root or Tuber Development,11,37,44.0,1,3,0.2973,4.84
Chilli,Chalky Soil,Vegetative Growth / Root or Tuber Development,12,38,41.0,1,3,0.3158,4.92
Chilli,Chalky Soil,Vegetative Growth / Root or Tuber Development,13,39,38.0,1,3,0.3333,4.94
Chilli,Chalky Soil,Vegetative Growth / Root or Tuber Development,14,40,35.0,1,3,0.35,4.9
Chilli,Chalky Soil,Vegetative Growth / Root or Tuber Development,15,41,32.0,1,3,0.3659,4.8
Chilli,Chalky Soil,Vegetative Growth / Root or Tuber Development,16,42,29.0,1,3,0.381,4.64
Chilli,Chalky Soil,Vegetative Growth / Root or Tuber Development,17,43,26.0,1,3,0.3953,4.42
Chilli,Chalky Soil,Vegetative Growth / Root or Tuber Development,18,44,23.0,1,3,0.4091,4.14
Chilli,Chalky Soil,Vegetative Growth / Root or Tuber Development,19,45,20.0,1,3,0.4222,3.8
Chilli,Chalky Soil,Vegetative Growth / Root or Tuber Development,20,46,17.0,1,3,0.4348,3.4
Chilli,Chalky Soil,Vegetative Growth / Root or Tuber Development,21,25,80.0,1,3,0.84,16.8
Chilli,Chalky Soil,Vegetative Growth / Root or Tuber Development,22,26,77.5,1,3,0.8462,17.05
Chilli,Chalky Soil,Vegetative Growth / Root or Tuber Development,23,27,75.0,1,3,0.8519,17.25
Chilli,Chalky Soil,Vegetative Growth / Root or Tuber Development,24,28,72.5,1,3,0.8571,17.4
Chilli,Chalky Soil,Vegetative Growth / Root or Tuber Development,25,29,70.0,1,3,0.8621,17.5
Chilli,Chalky Soil,Vegetative Growth / Root or Tuber Development,26,30,67.5,1,3,0.8667,17.55
Chilli,Chalky Soil,Vegetative Growth / Root or Tuber Development,27,31,65.0,1,3,0.871,17.55
Chilli,Chalky Soil,Vegetative Growth / Root or Tuber Development,28,32,62.5,1,3,0.875,17.5
Chilli,Chalky Soil,Vegetative Growth / Root or Tuber Development,29,33,60.0,1,3,0.8788,17.4
Chilli,Chalky Soil,Vegetative Growth / Root or Tuber Development,30,34,57.5,1,3,0.8824,17.25
Chilli,Chalky Soil,Vegetative Growth / Root or Tuber Development,31,35,55.0,1,3,0.8857,17.05
Chilli,Chalky Soil,Vegetative Growth / Root or Tuber Development,32,36,52.5,1,3,0.8889,16.8
Chilli,Chalky Soil,Vegetative Growth / Root or Tuber Development,33,37,50.0,1,3,0.8919,16.5
Chilli,Chalky Soil,Vegetative Growth / Root or Tuber Development,34,38,47.5,1,3,0.8947,16.15
Chilli,Chalky Soil,Vegetative Growth / Root or Tuber Development,35,39,45.0,1,3,0.8974,15.75
Chilli,Chalky Soil,Vegetative Growth / Root or Tuber Development,36,40,42.5,1,3,0.9,15.3
Chilli,Chalky Soil,Vegetative Growth / Root or Tuber Development,37,41,40.0,1,3,0.9024,14.8
Chilli,Chalky Soil,Vegetative Growth / Root or Tuber Development,38,42,37.5,1,3,0.9048,14.25
Chilli,Chalky Soil,Vegetative Growth / Root or Tuber Development,39,43,35.0,1,3,0.907,13.65
Chilli,Chalky Soil,Vegetative Growth / Root or Tuber Development,40,44,32.5,1,3,0.9091,13.0
Chilli,Chalky Soil,Vegetative Growth / Root or Tuber Development,41,45,30.0,1,3,0.9111,12.3
Chilli,Chalky Soil,Vegetative Growth / Root or Tuber Development,42,46,27.5,1,3,0.913,11.55
Chilli,Chalky Soil,Vegetative Growth / Root or Tuber Development,43,25,80.0,1,3,1.72,34.4
Chilli,Chalky Soil,Vegetative Growth / Root or Tuber Development,44,26,77.3,1,3,1.6923,34.012
Chilli,Chalky Soil,Vegetative Growth / Root or Tuber Development,45,27,74.6,1,3,1.6667,33.57
Chilli,Chalky Soil,Vegetative Growth / Root or Tuber Development,46,28,71.9,1,3,1.6429,33.074
Chilli,Chalky Soil,Vegetative Growth / Root or Tuber Development,47,29,69.2,1,3,1.6207,32.524
Chilli,Chalky Soil,Vegetative Growth / Root or Tuber Development,48,30,66.5,1,3,1.6,31.92
Chilli,Chalky Soil,Vegetative Growth / Root or Tuber Development,49,31,63.8,1,3,1.5806,31.262
Chilli,Chalky Soil,Vegetative Growth / Root or Tuber Development,50,32,61.1,1,3,1.5625,30.55
Chilli,Chalky Soil,Vegetative Growth / Root or Tuber Development,51,33,58.4,1,3,1.5455,29.784
Chilli,Chalky Soil,Vegetative Growth / Root or Tuber Development,52,34,55.7,1,3,1.5294,28.964
Chilli,Chalky Soil,Vegetative Growth / Root or Tuber Development,53,35,53.0,1,3,1.5143,28.09
Chilli,Chalky Soil,Vegetative Growth / Root or Tuber Development,54,36,50.3,1,3,1.5,27.162
Chilli,Chalky Soil,Vegetative Growth / Root or Tuber Development,55,37,47.6,1,3,1.4865,26.18
Chilli,Chalky Soil,Vegetative Growth / Root or Tuber Development,56,38,44.9,1,3,1.4737,25.144
Chilli,Chalky Soil,Vegetative Growth / Root or Tuber Development,57,39,42.2,1,3,1.4615,24.054
Chilli,Chalky Soil,Vegetative Growth / Root or Tuber Development,58,40,39.5,1,3,1.45,22.91
Chilli,Chalky Soil,Vegetative Growth / Root or Tuber Development,59,41,36.8,1,3,1.439,21.712
Chilli,Chalky Soil,Vegetative Growth / Root or Tuber Development,60,42,34.1,1,3,1.4286,20.46
Chilli,Chalky Soil,Vegetative Growth / Root or Tuber Development,61,43,31.4,1,3,1.4186,19.154
Chilli,Chalky Soil,Vegetative Growth / Root or Tuber Development,62,44,28.7,1,3,1.4091,17.794
Chilli,Chalky Soil,Vegetative Growth / Root or Tuber Development,63,45,26.0,1,3,1.4,16.38
Chilli,Chalky Soil,Vegetative Growth / Root or Tuber Development,64,46,23.3,1,3,1.3913,14.912
Chilli,Chalky Soil,Vegetative Growth / Root or Tuber Development,65,25,80.0,1,3,2.6,52.0
Chilli,Chalky Soil,Vegetative Growth / Root or Tuber Development,66,26,77.0,1,3,2.5385,50.82
Chilli,Chalky Soil,Vegetative Growth / Root or Tuber Development,67,27,74.0,1,3,2.4815,49.58
Chilli,Chalky Soil,Vegetative Growth / Root or Tuber Development,68,28,71.0,1,3,2.4286,48.28
Chilli,Chalky Soil,Vegetative Growth / Root or Tuber Development,69,29,68.0,1,3,2.3793,46.92
Chilli,Chalky Soil,Vegetative Growth / Root or Tuber Development,70,30,65.0,1,3,2.3333,45.5
Chilli,Chalky Soil,Vegetative Growth / Root or Tuber Development,71,31,62.0,1,3,2.2903,44.02
Chilli,Chalky Soil,Vegetative Growth / Root or Tuber Development,72,32,59.0,1,3,2.25,42.48
Chilli,Chalky Soil,Vegetative Growth / Root or Tuber Development,73,33,56.0,1,3,2.2121,40.88
Chilli,Chalky Soil,Vegetative Growth / Root or Tuber Development,74,34,53.0,1,3,2.1765,39.22
Chilli,Chalky Soil,Vegetative Growth / Root or Tuber Development,75,35,50.0,1,3,2.1429,37.5
Chilli,Chalky Soil,Vegetative Growth / Root or Tuber Development,76,36,47.0,1,3,2.1111,35.72
Chilli,Chalky Soil,Vegetative Growth / Root or Tuber Development,77,37,44.0,1,3,2.0811,33.88
Chilli,Chalky Soil,Vegetative Growth / Root or Tuber Development,78,38,41.0,1,3,2.0526,31.98
Chilli,Chalky Soil,Vegetative Growth / Root or Tuber Development,79,39,38.0,1,3,2.0256,30.02
Chilli,Chalky Soil,Vegetative Growth / Root or Tuber Development,80,40,35.0,1,3,2.0,28.0
Chilli,Chalky Soil,Vegetative Growth / Root or Tuber Development,91,29,68.0,0,3,3.1379,61.88
Chilli,Chalky Soil,Vegetative Growth / Root or Tuber Development,92,30,65.0,0,3,3.0667,59.8
Chilli,Chalky Soil,Vegetative Growth / Root or Tuber Development,93,31,62.0,0,3,3.0,57.66
Chilli,Chalky Soil,Vegetative Growth / Root or Tuber Development,94,32,59.0,0,3,2.9375,55.46
Chilli,Chalky Soil,Vegetative Growth / Root or Tuber Development,95,33,56.0,0,3,2.8788,53.2
Chilli,Chalky Soil,Vegetative Growth / Root or Tuber Development,96,34,53.0,0,3,2.8235,50.88
Chilli,Chalky Soil,Vegetative Growth / Root or Tuber Development,97,35,50.0,0,3,2.7714,48.5
Chilli,Chalky Soil,Vegetative Growth / Root or Tuber Development,98,36,47.0,0,3,2.7222,46.06
Chilli,Chalky Soil,Vegetative Growth / Root or Tuber Development,99,37,44.0,0,3,2.6757,43.56
Chilli,Chalky Soil,Vegetative Growth / Root or Tuber Development,100,38,41.0,0,3,2.6316,41.0
Chilli,Chalky Soil,Flowering,1,39,38.0,1,4,0.0256,0.38
Chilli,Chalky Soil,Flowering,2,40,35.0,1,4,0.05,0.7
Chilli,Chalky Soil,Flowering,3,41,32.0,1,4,0.0732,0.96
Chilli,Chalky Soil,Flowering,4,42,29.0,1,4,0.0952,1.16
Chilli,Chalky Soil,Flowering,5,43,26.0,1,4,0.1163,1.3
Chilli,Chalky Soil,Flowering,6,44,23.0,1,4,0.1364,1.38
Chilli,Chalky Soil,Flowering,7,45,20.0,1,4,0.1556,1.4
Chilli,Chalky Soil,Flowering,8,46,17.0,1,4,0.1739,1.36
Chilli,Chalky Soil,Flowering,9,25,80.0,1,4,0.36,7.2
Chilli,Chalky Soil,Flowering,10,26,77.0,1,4,0.3846,7.7
Chilli,Chalky Soil,Flowering,11,27,74.0,1,4,0.4074,8.14
Chilli,Chalky Soil,Flowering,12,28,71.0,1,4,0.4286,8.52
Chilli,Chalky Soil,Flowering,13,29,68.0,1,4,0.4483,8.84
Chilli,Chalky Soil,Flowering,14,30,65.0,1,4,0.4667,9.1
Chilli,Chalky Soil,Flowering,15,31,62.0,1,4,0.4839,9.3
Chilli,Chalky Soil,Flowering,16,32,59.0,1,4,0.5,9.44
Chilli,Chalky Soil,Flowering,17,33,56.0,1,4,0.5152,9.52
Chilli,Chalky Soil,Flowering,18,34,53.0,1,4,0.5294,9.54
Chilli,Chalky Soil,Flowering,19,35,50.0,1,4,0.5429,9.5
Chilli,Chalky Soil,Flowering,20,36,47.0,1,4,0.5556,9.4
Chilli,Chalky Soil,Flowering,21,37,44.0,1,4,0.5676,9.24
Chilli,Chalky Soil,Flowering,22,38,41.0,1,4,0.5789,9.02
Chilli,Chalky Soil,Flowering,23,39,38.0,1,4,0.5897,8.74
Chilli,Chalky Soil,Flowering,24,40,35.0,1,4,0.6,8.4
Chilli,Chalky Soil,Flowering,25,41,32.0,1,4,0.6098,8.0
Chilli,Chalky Soil,Flowering,26,42,29.0,1,4,0.619,7.54
Chilli,Chalky Soil,Flowering,27,43,26.0,1,4,0.6279,7.02
Chilli,Chalky Soil,Flowering,28,44,23.0,1,4,0.6364,6.44
Chilli,Chalky Soil,Flowering,29,45,20.0,1,4,0.6444,5.8
Chilli,Chalky Soil,Flowering,30,46,17.0,1,4,0.6522,5.1
Chilli,Chalky Soil,Flowering,31,25,80.0,1,4,1.24,24.8
Chilli,Chalky Soil,Flowering,32,26,77.0,1,4,1.2308,24.64
Chilli,Chalky Soil,Flowering,33,27,74.0,1,4,1.2222,24.42
Chilli,Chalky Soil,Flowering,34,28,71.0,1,4,1.2143,24.14
Chilli,Chalky Soil,Flowering,35,29,68.0,1,4,1.2069,23.8
Chilli,Chalky Soil,Flowering,36,30,65.0,1,4,1.2,23.4
Chilli,Chalky Soil,Flowering,37,31,62.0,1,4,1.1935,22.94
Chilli,Chalky Soil,Flowering,38,32,59.0,1,4,1.1875,22.42
Chilli,Chalky Soil,Flowering,39,33,56.0,1,4,1.1818,21.84
Chilli,Chalky Soil,Flowering,40,34,53.0,1,4,1.1765,21.2
Chilli,Chalky Soil,Flowering,41,35,50.0,1,4,1.1714,20.5
Chilli,Chalky Soil,Flowering,42,36,47.0,1,4,1.1667,19.74
Chilli,Chalky Soil,Flowering,43,37,44.0,1,4,1.1622,18.92
Chilli,Chalky Soil,Flowering,44,38,41.0,1,4,1.1579,18.04
Chilli,Chalky Soil,Flowering,45,39,38.0,1,4,1.1538,17.1
Chilli,Chalky Soil,Flowering,46,40,35.0,1,4,1.15,16.1
Chilli,Chalky Soil,Flowering,47,41,32.0,1,4,1.1463,15.04
Chilli,Chalky Soil,Flowering,48,42,29.0,1,4,1.1429,13.92
Chilli,Chalky Soil,Flowering,49,43,26.0,1,4,1.1395,12.74
Chilli,Chalky Soil,Flowering,50,44,23.0,1,4,1.1364,11.5
Chilli,Chalky Soil,Flowering,51,45,20.0,1,4,1.1333,10.2
Chilli,Chalky Soil,Flowering,52,46,17.0,1,4,1.1304,8.84
Chilli,Chalky Soil,Flowering,53,25,80.0,1,4,2.12,42.4
Chilli,Chalky Soil,Flowering,54,26,77.0,1,4,2.0769,41.58
Chilli,Chalky Soil,Flowering,55,27,74.0,1,4,2.037,40.7
Chilli,Chalky Soil,Flowering,56,28,71.0,1,4,2.0,39.76
Chilli,Chalky Soil,Flowering,57,29,68.0,1,4,1.9655,38.76
Chilli,Chalky Soil,Flowering,58,30,65.0,1,4,1.9333,37.7
Chilli,Chalky Soil,Flowering,59,31,62.0,1,4,1.9032,36.58
Chilli,Chalky Soil,Flowering,60,32,59.0,1,4,1.875,35.4
Chilli,Chalky Soil,Flowering,61,33,56.0,1,4,1.8485,34.16
Chilli,Chalky Soil,Flowering,62,34,53.0,1,4,1.8235,32.86
Chilli,Chalky Soil,Flowering,63,35,50.0,1,4,1.8,31.5
Chilli,Chalky Soil,Flowering,64,36,47.0,1,4,1.7778,30.08
Chilli,Chalky Soil,Flowering,65,37,44.0,1,4,1.7568,28.6
Chilli,Chalky Soil,Flowering,66,38,41.0,1,4,1.7368,27.06
Chilli,Chalky Soil,Flowering,67,39,38.0,1,4,1.7179,25.46
Chilli,Chalky Soil,Flowering,68,40,35.0,1,4,1.7,23.8
Chilli,Chalky Soil,Flowering,69,41,32.0,1,4,1.6829,22.08
Chilli,Chalky Soil,Flowering,70,42,29.0,1,4,1.6667,20.3
Chilli,Chalky Soil,Flowering,71,43,26.0,1,4,1.6512,18.46
Chilli,Chalky Soil,Flowering,72,44,23.0,1,4,1.6364,16.56
Chilli,Chalky Soil,Flowering,73,45,20.0,1,4,1.6222,14.6
Chilli,Chalky Soil,Flowering,74,46,17.0,1,4,1.6087,12.58
Chilli,Chalky Soil,Flowering,75,25,80.0,1,4,3.0,60.0
Chilli,Chalky Soil,Flowering,76,26,77.0,1,4,2.9231,58.52
Chilli,Chalky Soil,Flowering,77,27,74.0,1,4,2.8519,56.98
Chilli,Chalky Soil,Flowering,78,28,71.0,1,4,2.7857,55.38
Chilli,Chalky Soil,Flowering,79,29,68.0,1,4,2.7241,53.72
Chilli,Chalky Soil,Flowering,80,30,65.0,1,4,2.6667,52.0
Chilli,Chalky Soil,Flowering,91,41,32.0,0,4,2.2195,29.12
Chilli,Chalky Soil,Flowering,92,42,29.0,0,4,2.1905,26.68
Chilli,Chalky Soil,Flowering,93,43,26.0,0,4,2.1628,24.18
Chilli,Chalky Soil,Flowering,94,44,23.0,0,4,2.1364,21.62
Chilli,Chalky Soil,Flowering,95,45,20.0,0,4,2.1111,19.0
Chilli,Chalky Soil,Flowering,96,46,17.0,0,4,2.087,16.32
Chilli,Chalky Soil,Flowering,97,25,81.0,0,4,3.88,78.57
Chilli,Chalky Soil,Flowering,98,26,79.0,0,4,3.7692,77.42
Chilli,Chalky Soil,Flowering,99,27,76.0,0,4,3.6667,75.24
Chilli,Chalky Soil,Flowering,100,28,73.0,0,4,3.5714,73.0
Chilli,Black Soil,Germination,1,29,70.0,1,1,0.0345,0.7
Chilli,Black Soil,Germination,2,30,67.0,1,1,0.0667,1.34
Chilli,Black Soil,Germination,3,31,64.0,1,1,0.0968,1.92
Chilli,Black Soil,Germination,4,32,61.0,1,1,0.125,2.44
Chilli,Black Soil,Germination,5,33,58.0,1,1,0.1515,2.9
Chilli,Black Soil,Germination,6,34,55.0,1,1,0.1765,3.3
Chilli,Black Soil,Germination,7,35,52.0,1,1,0.2,3.64
Chilli,Black Soil,Germination,8,36,49.0,1,1,0.2222,3.92
Chilli,Black Soil,Germination,9,25,80.0,1,1,0.36,7.2
Chilli,Black Soil,Germination,10,26,77.0,1,1,0.3846,7.7
Chilli,Black Soil,Germination,11,27,74.0,1,1,0.4074,8.14
Chilli,Black Soil,Germination,12,28,71.0,1,1,0.4286,8.52
Chilli,Black Soil,Germination,13,29,68.0,1,1,0.4483,8.84
Chilli,Black Soil,Germination,14,30,65.0,1,1,0.4667,9.1
Chilli,Black Soil,Germination,15,31,62.0,1,1,0.4839,9.3
Chilli,Black Soil,Germination,16,32,59.0,1,1,0.5,9.44
Chilli,Black Soil,Germination,17,33,56.0,1,1,0.5152,9.52
Chilli,Black Soil,Germination,18,34,53.0,1,1,0.5294,9.54
Chilli,Black Soil,Germination,19,35,50.0,1,1,0.5429,9.5
Chilli,Black Soil,Germination,20,36,47.0,1,1,0.5556,9.4
Chilli,Black Soil,Germination,21,37,44.0,1,1,0.5676,9.24
Chilli,Black Soil,Germination,22,38,41.0,1,1,0.5789,9.02
Chilli,Black Soil,Germination,23,39,38.0,1,1,0.5897,8.74
Chilli,Black Soil,Germination,24,40,35.0,1,1,0.6,8.4
Chilli,Black Soil,Germination,25,41,32.0,1,1,0.6098,8.0
Chilli,Black Soil,Germination,26,42,29.0,1,1,0.619,7.54
Chilli,Black Soil,Germination,27,43,26.0,1,1,0.6279,7.02
Chilli,Black Soil,Germination,28,44,23.0,1,1,0.6364,6.44
Chilli,Black Soil,Germination,29,45,20.0,1,1,0.6444,5.8
Chilli,Black Soil,Germination,30,46,17.0,1,1,0.6522,5.1
Chilli,Black Soil,Germination,31,25,80.0,1,1,1.24,24.8
Chilli,Black Soil,Germination,32,26,77.0,1,1,1.2308,24.64
Chilli,Black Soil,Germination,33,27,74.0,1,1,1.2222,24.42
Chilli,Black Soil,Germination,34,28,71.0,1,1,1.2143,24.14
Chilli,Black Soil,Germination,35,29,68.0,1,1,1.2069,23.8
Chilli,Black Soil,Germination,36,30,65.0,1,1,1.2,23.4
Chilli,Black Soil,Germination,37,31,62.0,1,1,1.1935,22.94
Chilli,Black Soil,Germination,38,32,59.0,1,1,1.1875,22.42
Chilli,Black Soil,Germination,39,33,56.0,1,1,1.1818,21.84
Chilli,Black Soil,Germination,40,34,53.0,1,1,1.1765,21.2
Chilli,Black Soil,Germination,41,35,50.0,1,1,1.1714,20.5
Chilli,Black Soil,Germination,42,36,47.0,1,1,1.1667,19.74
Chilli,Black Soil,Germination,43,37,44.0,1,1,1.1622,18.92
Chilli,Black Soil,Germination,44,38,41.0,1,1,1.1579,18.04
Chilli,Black Soil,Germination,45,39,38.0,1,1,1.1538,17.1
Chilli,Black Soil,Germination,46,40,35.0,1,1,1.15,16.1
Chilli,Black Soil,Germination,47,41,32.0,1,1,1.1463,15.04
Chilli,Black Soil,Germination,48,42,29.0,1,1,1.1429,13.92
Chilli,Black Soil,Germination,49,43,26.0,1,1,1.1395,12.74
Chilli,Black Soil,Germination,50,44,23.0,1,1,1.1364,11.5
Chilli,Black Soil,Germination,51,45,20.0,1,1,1.1333,10.2
Chilli,Black Soil,Germination,52,46,17.0,1,1,1.1304,8.84
Chilli,Black Soil,Germination,53,25,80.0,1,1,2.12,42.4
Chilli,Black Soil,Germination,54,26,77.0,1,1,2.0769,41.58
Chilli,Black Soil,Germination,55,27,74.0,1,1,2.037,40.7
Chilli,Black Soil,Germination,56,28,71.0,1,1,2.0,39.76
Chilli,Black Soil,Germination,57,29,68.0,1,1,1.9655,38.76
Chilli,Black Soil,Germination,58,30,65.0,1,1,1.9333,37.7
Chilli,Black Soil,Germination,59,31,62.0,1,1,1.9032,36.58
Chilli,Black Soil,Germination,80,30,65.0,0,1,2.6667,52.0
Chilli,Black Soil,Germination,81,31,62.0,0,1,2.6129,50.22
Chilli,Black Soil,Germination,82,32,59.0,0,1,2.5625,48.38
Chilli,Black Soil,Germination,83,33,56.0,0,1,2.5152,46.48
Chilli,Black Soil,Germination,84,34,53.0,0,1,2.4706,44.52
Chilli,Black Soil,Germination,85,35,50.0,0,1,2.4286,42.5
Chilli,Black Soil,Germination,86,36,47.0,0,1,2.3889,40.42
Chilli,Black Soil,Germination,87,37,44.0,0,1,2.3514,38.28
Chilli,Black Soil,Germination,88,38,41.0,0,1,2.3158,36.08
Chilli,Black Soil,Germination,89,39,38.0,0,1,2.2821,33.82
Chilli,Black Soil,Germination,90,40,35.0,0,1,2.25,31.5
Chilli,Black Soil,Germination,91,41,32.0,0,1,2.2195,29.12
Chilli,Black Soil,Germination,92,42,29.0,0,1,2.1905,26.68
Chilli,Black Soil,Germination,93,43,26.0,0,1,2.1628,24.18
Chilli,Black Soil,Germination,94,44,23.0,0,1,2.1364,21.62
Chilli,Black Soil,Germination,95,45,20.0,0,1,2.1111,19.0
Chilli,Black Soil,Germination,96,46,17.0,0,1,2.087,16.32
Chilli,Black Soil,Germination,97,25,81.0,0,1,3.88,78.57
Chilli,Black Soil,Germination,98,26,79.0,0,1,3.7692,77.42
Chilli,Black Soil,Germination,99,27,76.0,0,1,3.6667,75.24
Chilli,Black Soil,Germination,100,28,73.0,0,1,3.5714,73.0
Chilli,Black Soil,Seedling Stage,1,29,70.0,1,2,0.0345,0.7
Chilli,Black Soil,Seedling Stage,2,30,67.0,1,2,0.0667,1.34
Chilli,Black Soil,Seedling Stage,3,31,64.0,1,2,0.0968,1.92
Chilli,Black Soil,Seedling Stage,4,32,61.0,1,2,0.125,2.44
Chilli,Black Soil,Seedling Stage,5,33,58.0,1,2,0.1515,2.9
Chilli,Black Soil,Seedling Stage,6,34,55.0,1,2,0.1765,3.3
Chilli,Black Soil,Seedling Stage,7,35,52.0,1,2,0.2,3.64
Chilli,Black Soil,Seedling Stage,8,36,49.0,1,2,0.2222,3.92
Chilli,Black Soil,Seedling Stage,9,25,80.0,1,2,0.36,7.2
Chilli,Black Soil,Seedling Stage,10,26,77.0,1,2,0.3846,7.7
Chilli,Black Soil,Seedling Stage,11,27,74.0,1,2,0.4074,8.14
Chilli,Black Soil,Seedling Stage,12,28,71.0,1,2,0.4286,8.52
Chilli,Black Soil,Seedling Stage,13,29,68.0,1,2,0.4483,8.84
Chilli,Black Soil,Seedling Stage,14,30,65.0,1,2,0.4667,9.1
Chilli,Black Soil,Seedling Stage,15,31,62.0,1,2,0.4839,9.3
Chilli,Black Soil,Seedling Stage,16,32,59.0,1,2,0.5,9.44
Chilli,Black Soil,Seedling Stage,17,33,56.0,1,2,0.5152,9.52
Chilli,Black Soil,Seedling Stage,18,34,53.0,1,2,0.5294,9.54
Chilli,Black Soil,Seedling Stage,19,35,50.0,1,2,0.5429,9.5
Chilli,Black Soil,Seedling Stage,20,36,47.0,1,2,0.5556,9.4
Chilli,Black Soil,Seedling Stage,21,37,44.0,1,2,0.5676,9.24
Chilli,Black Soil,Seedling Stage,22,38,41.0,1,2,0.5789,9.02
Chilli,Black Soil,Seedling Stage,23,39,38.0,1,2,0.5897,8.74
Chilli,Black Soil,Seedling Stage,24,40,35.0,1,2,0.6,8.4
Chilli,Black Soil,Seedling Stage,25,41,32.0,1,2,0.6098,8.0
Chilli,Black Soil,Seedling Stage,26,42,29.0,1,2,0.619,7.54
Chilli,Black Soil,Seedling Stage,27,43,26.0,1,2,0.6279,7.02
Chilli,Black Soil,Seedling Stage,28,44,23.0,1,2,0.6364,6.44
Chilli,Black Soil,Seedling Stage,29,45,20.0,1,2,0.6444,5.8
Chilli,Black Soil,Seedling Stage,30,46,17.0,1,2,0.6522,5.1
Chilli,Black Soil,Seedling Stage,31,25,80.0,1,2,1.24,24.8
Chilli,Black Soil,Seedling Stage,32,26,77.0,1,2,1.2308,24.64
Chilli,Black Soil,Seedling Stage,33,27,74.0,1,2,1.2222,24.42
Chilli,Black Soil,Seedling Stage,34,28,71.0,1,2,1.2143,24.14
Chilli,Black Soil,Seedling Stage,35,29,68.0,1,2,1.2069,23.8
Chilli,Black Soil,Seedling Stage,36,30,65.0,1,2,1.2,23.4
Chilli,Black Soil,Seedling Stage,37,31,62.0,1,2,1.1935,22.94
Chilli,Black Soil,Seedling Stage,38,32,59.0,1,2,1.1875,22.42
Chilli,Black Soil,Seedling Stage,39,33,56.0,1,2,1.1818,21.84
Chilli,Black Soil,Seedling Stage,40,34,53.0,1,2,1.1765,21.2
Chilli,Black Soil,Seedling Stage,41,35,50.0,1,2,1.1714,20.5
Chilli,Black Soil,Seedling Stage,42,36,47.0,1,2,1.1667,19.74
Chilli,Black Soil,Seedling Stage,43,37,44.0,1,2,1.1622,18.92
Chilli,Black Soil,Seedling Stage,44,38,41.0,1,2,1.1579,18.04
Chilli,Black Soil,Seedling Stage,45,39,38.0,1,2,1.1538,17.1
Chilli,Black Soil,Seedling Stage,46,40,35.0,1,2,1.15,16.1
Chilli,Black Soil,Seedling Stage,47,41,32.0,1,2,1.1463,15.04
Chilli,Black Soil,Seedling Stage,48,42,29.0,1,2,1.1429,13.92
Chilli,Black Soil,Seedling Stage,49,43,26.0,1,2,1.1395,12.74
Chilli,Black Soil,Seedling Stage,50,44,23.0,1,2,1.1364,11.5
Chilli,Black Soil,Seedling Stage,51,45,20.0,1,2,1.1333,10.2
Chilli,Black Soil,Seedling Stage,52,46,17.0,1,2,1.1304,8.84
Chilli,Black Soil,Seedling Stage,53,25,80.0,1,2,2.12,42.4
Chilli,Black Soil,Seedling Stage,54,26,77.0,1,2,2.0769,41.58
Chilli,Black Soil,Seedling Stage,55,27,74.0,1,2,2.037,40.7
Chilli,Black Soil,Seedling Stage,56,28,71.0,1,2,2.0,39.76
Chilli,Black Soil,Seedling Stage,57,29,68.0,1,2,1.9655,38.76
Chilli,Black Soil,Seedling Stage,58,30,65.0,1,2,1.9333,37.7
Chilli,Black Soil,Seedling Stage,59,31,62.0,1,2,1.9032,36.58
Chilli,Black Soil,Seedling Stage,60,32,59.0,1,2,1.875,35.4
Chilli,Black Soil,Seedling Stage,61,33,56.0,1,2,1.8485,34.16
Chilli,Black Soil,Seedling Stage,62,34,53.0,1,2,1.8235,32.86
Chilli,Black Soil,Seedling Stage,63,35,50.0,1,2,1.8,31.5
Chilli,Black Soil,Seedling Stage,64,36,47.0,1,2,1.7778,30.08
Chilli,Black Soil,Seedling Stage,65,37,44.0,1,2,1.7568,28.6
Chilli,Black Soil,Seedling Stage,66,38,41.0,1,2,1.7368,27.06
Chilli,Black Soil,Seedling Stage,67,39,38.0,1,2,1.7179,25.46
Chilli,Black Soil,Seedling Stage,68,40,35.0,1,2,1.7,23.8
Chilli,Black Soil,Seedling Stage,69,41,32.0,1,2,1.6829,22.08
Chilli,Black Soil,Seedling Stage,81,31,62.0,0,2,2.6129,50.22
Chilli,Black Soil,Seedling Stage,82,32,59.0,0,2,2.5625,48.38
Chilli,Black Soil,Seedling Stage,83,33,56.0,0,2,2.5152,46.48
Chilli,Black Soil,Seedling Stage,84,34,53.0,0,2,2.4706,44.52
Chilli,Black Soil,Seedling Stage,85,35,50.0,0,2,2.4286,42.5
Chilli,Black Soil,Seedling Stage,86,36,47.0,0,2,2.3889,40.42
Chilli,Black Soil,Seedling Stage,87,37,44.0,0,2,2.3514,38.28
Chilli,Black Soil,Seedling Stage,88,38,41.0,0,2,2.3158,36.08
Chilli,Black Soil,Seedling Stage,89,39,38.0,0,2,2.2821,33.82
Chilli,Black Soil,Seedling Stage,90,40,35.0,0,2,2.25,31.5
Chilli,Black Soil,Seedling Stage,91,41,32.0,0,2,2.2195,29.12
Chilli,Black Soil,Seedling Stage,92,42,29.0,0,2,2.1905,26.68
Chilli,Black Soil,Seedling Stage,93,43,26.0,0,2,2.1628,24.18
Chilli,Black Soil,Seedling Stage,94,44,23.0,0,2,2.1364,21.62
Chilli,Black Soil,Seedling Stage,95,45,20.0,0,2,2.1111,19.0
Chilli,Black Soil,Seedling Stage,96,46,17.0,0,2,2.087,16.32
Chilli,Black Soil,Seedling Stage,97,25,81.0,0,2,3.88,78.57
Chilli,Black Soil,Seedling Stage,98,26,79.0,0,2,3.7692,77.42
Chilli,Black Soil,Seedling Stage,99,27,76.0,0,2,3.6667,75.24
Chilli,Black Soil,Seedling Stage,100,28,73.0,0,2,3.5714,73.0
Chilli,Black Soil,Vegetative Growth / Root or Tuber Development,1,29,70.0,1,3,0.0345,0.7
Chilli,Black Soil,Vegetative Growth / Root or Tuber Development,2,30,67.0,1,3,0.0667,1.34
Chilli,Black Soil,Vegetative Growth / Root or Tuber Development,3,31,64.0,1,3,0.0968,1.92
Chilli,Black Soil,Vegetative Growth / Root or Tuber Development,4,32,61.0,1,3,0.125,2.44
Chilli,Black Soil,Vegetative Growth / Root or Tuber Development,5,33,58.0,1,3,0.1515,2.9
Chilli,Black Soil,Vegetative Growth / Root or Tuber Development,6,34,55.0,1,3,0.1765,3.3
Chilli,Black Soil,Vegetative Growth / Root or Tuber Development,7,35,52.0,1,3,0.2,3.64
Chilli,Black Soil,Vegetative Growth / Root or Tuber Development,8,36,49.0,1,3,0.2222,3.92
Chilli,Black Soil,Vegetative Growth / Root or Tuber Development,9,25,80.0,1,3,0.36,7.2
Chilli,Black Soil,Vegetative Growth / Root or Tuber Development,10,26,77.0,1,3,0.3846,7.7
Chilli,Black Soil,Vegetative Growth / Root or Tuber Development,11,27,74.0,1,3,0.4074,8.14
Chilli,Black Soil,Vegetative Growth / Root or Tuber Development,12,28,71.0,1,3,0.4286,8.52
Chilli,Black Soil,Vegetative Growth / Root or Tuber Development,13,29,68.0,1,3,0.4483,8.84
Chilli,Black Soil,Vegetative Growth / Root or Tuber Development,14,30,65.0,1,3,0.4667,9.1
Chilli,Black Soil,Vegetative Growth / Root or Tuber Development,15,31,62.0,1,3,0.4839,9.3
Chilli,Black Soil,Vegetative Growth / Root or Tuber Development,16,32,59.0,1,3,0.5,9.44
Chilli,Black Soil,Vegetative Growth / Root or Tuber Development,17,33,56.0,1,3,0.5152,9.52
Chilli,Black Soil,Vegetative Growth / Root or Tuber Development,18,34,53.0,1,3,0.5294,9.54
Chilli,Black Soil,Vegetative Growth / Root or Tuber Development,19,35,50.0,1,3,0.5429,9.5
Chilli,Black Soil,Vegetative Growth / Root or Tuber Development,20,36,47.0,1,3,0.5556,9.4
Chilli,Black Soil,Vegetative Growth / Root or Tuber Development,21,37,44.0,1,3,0.5676,9.24
Chilli,Black Soil,Vegetative Growth / Root or Tuber Development,22,38,41.0,1,3,0.5789,9.02
Chilli,Black Soil,Vegetative Growth / Root or Tuber Development,23,39,38.0,1,3,0.5897,8.74
Chilli,Black Soil,Vegetative Growth / Root or Tuber Development,24,40,35.0,1,3,0.6,8.4
Chilli,Black Soil,Vegetative Growth / Root or Tuber Development,25,41,32.0,1,3,0.6098,8.0
Chilli,Black Soil,Vegetative Growth / Root or Tuber Development,26,42,29.0,1,3,0.619,7.54
Chilli,Black Soil,Vegetative Growth / Root or Tuber Development,27,43,26.0,1,3,0.6279,7.02
Chilli,Black Soil,Vegetative Growth / Root or Tuber Development,28,44,23.0,1,3,0.6364,6.44
Chilli,Black Soil,Vegetative Growth / Root or Tuber Development,29,45,20.0,1,3,0.6444,5.8
Chilli,Black Soil,Vegetative Growth / Root or Tuber Development,30,46,17.0,1,3,0.6522,5.1
Chilli,Black Soil,Vegetative Growth / Root or Tuber Development,31,25,80.0,1,3,1.24,24.8
Chilli,Black Soil,Vegetative Growth / Root or Tuber Development,32,26,77.0,1,3,1.2308,24.64
Chilli,Black Soil,Vegetative Growth / Root or Tuber Development,33,27,74.0,1,3,1.2222,24.42
Chilli,Black Soil,Vegetative Growth / Root or Tuber Development,34,28,71.0,1,3,1.2143,24.14
Chilli,Black Soil,Vegetative Growth / Root or Tuber Development,35,29,68.0,1,3,1.2069,23.8
Chilli,Black Soil,Vegetative Growth / Root or Tuber Development,36,30,65.0,1,3,1.2,23.4
Chilli,Black Soil,Vegetative Growth / Root or Tuber Development,37,31,62.0,1,3,1.1935,22.94
Chilli,Black Soil,Vegetative Growth / Root or Tuber Development,38,32,59.0,1,3,1.1875,22.42
Chilli,Black Soil,Vegetative Growth / Root or Tuber Development,39,33,56.0,1,3,1.1818,21.84
Chilli,Black Soil,Vegetative Growth / Root or Tuber Development,40,34,53.0,1,3,1.1765,21.2
Chilli,Black Soil,Vegetative Growth / Root or Tuber Development,41,35,50.0,1,3,1.1714,20.5
Chilli,Black Soil,Vegetative Growth / Root or Tuber Development,42,36,47.0,1,3,1.1667,19.74
Chilli,Black Soil,Vegetative Growth / Root or Tuber Development,43,37,44.0,1,3,1.1622,18.92
Chilli,Black Soil,Vegetative Growth / Root or Tuber Development,44,38,41.0,1,3,1.1579,18.04
Chilli,Black Soil,Vegetative Growth / Root or Tuber Development,45,39,38.0,1,3,1.1538,17.1
Chilli,Black Soil,Vegetative Growth / Root or Tuber Development,46,40,35.0,1,3,1.15,16.1
Chilli,Black Soil,Vegetative Growth / Root or Tuber Development,47,41,32.0,1,3,1.1463,15.04
Chilli,Black Soil,Vegetative Growth / Root or Tuber Development,48,42,29.0,1,3,1.1429,13.92
Chilli,Black Soil,Vegetative Growth / Root or Tuber Development,49,43,26.0,1,3,1.1395,12.74
Chilli,Black Soil,Vegetative Growth / Root or Tuber Development,50,44,23.0,1,3,1.1364,11.5
Chilli,Black Soil,Vegetative Growth / Root or Tuber Development,51,45,20.0,1,3,1.1333,10.2
Chilli,Black Soil,Vegetative Growth / Root or Tuber Development,52,46,17.0,1,3,1.1304,8.84
Chilli,Black Soil,Vegetative Growth / Root or Tuber Development,53,25,80.0,1,3,2.12,42.4
Chilli,Black Soil,Vegetative Growth / Root or Tuber Development,54,26,77.0,1,3,2.0769,41.58
Chilli,Black Soil,Vegetative Growth / Root or Tuber Development,55,27,74.0,1,3,2.037,40.7
Chilli,Black Soil,Vegetative Growth / Root or Tuber Development,56,28,71.0,1,3,2.0,39.76
Chilli,Black Soil,Vegetative Growth / Root or Tuber Development,57,29,68.0,1,3,1.9655,38.76
Chilli,Black Soil,Vegetative Growth / Root or Tuber Development,58,30,65.0,1,3,1.9333,37.7
Chilli,Black Soil,Vegetative Growth / Root or Tuber Development,59,31,62.0,1,3,1.9032,36.58
Chilli,Black Soil,Vegetative Growth / Root or Tuber Development,60,32,59.0,1,3,1.875,35.4
Chilli,Black Soil,Vegetative Growth / Root or Tuber Development,61,33,56.0,1,3,1.8485,34.16
Chilli,Black Soil,Vegetative Growth / Root or Tuber Development,62,34,53.0,1,3,1.8235,32.86
Chilli,Black Soil,Vegetative Growth / Root or Tuber Development,63,35,50.0,1,3,1.8,31.5
Chilli,Black Soil,Vegetative Growth / Root or Tuber Development,64,36,47.0,1,3,1.7778,30.08
Chilli,Black Soil,Vegetative Growth / Root or Tuber Development,65,37,44.0,1,3,1.7568,28.6
Chilli,Black Soil,Vegetative Growth / Root or Tuber Development,66,38,41.0,1,3,1.7368,27.06
Chilli,Black Soil,Vegetative Growth / Root or Tuber Development,67,39,38.0,1,3,1.7179,25.46
Chilli,Black Soil,Vegetative Growth / Root or Tuber Development,68,40,35.0,1,3,1.7,23.8
Chilli,Black Soil,Vegetative Growth / Root or Tuber Development,69,41,32.0,1,3,1.6829,22.08
Chilli,Black Soil,Vegetative Growth / Root or Tuber Development,70,42,29.0,1,3,1.6667,20.3
Chilli,Black Soil,Vegetative Growth / Root or Tuber Development,71,43,26.0,1,3,1.6512,18.46
Chilli,Black Soil,Vegetative Growth / Root or Tuber Development,72,44,23.0,1,3,1.6364,16.56
Chilli,Black Soil,Vegetative Growth / Root or Tuber Development,73,45,20.0,1,3,1.6222,14.6
Chilli,Black Soil,Vegetative Growth / Root or Tuber Development,74,46,17.0,1,3,1.6087,12.58
Chilli,Black Soil,Vegetative Growth / Root or Tuber Development,75,25,80.0,1,3,3.0,60.0
Chilli,Black Soil,Vegetative Growth / Root or Tuber Development,76,26,77.0,1,3,2.9231,58.52
Chilli,Black Soil,Vegetative Growth / Root or Tuber Development,77,27,74.0,1,3,2.8519,56.98
Chilli,Black Soil,Vegetative Growth / Root or Tuber Development,78,28,71.0,1,3,2.7857,55.38
Chilli,Black Soil,Vegetative Growth / Root or Tuber Development,79,29,68.0,1,3,2.7241,53.72
Chilli,Black Soil,Vegetative Growth / Root or Tuber Development,90,40,35.0,0,3,2.25,31.5
Chilli,Black Soil,Vegetative Growth / Root or Tuber Development,91,41,32.0,0,3,2.2195,29.12
Chilli,Black Soil,Vegetative Growth / Root or Tuber Development,92,42,29.0,0,3,2.1905,26.68
Chilli,Black Soil,Vegetative Growth / Root or Tuber Development,93,43,26.0,0,3,2.1628,24.18
Chilli,Black Soil,Vegetative Growth / Root or Tuber Development,94,44,23.0,0,3,2.1364,21.62
Chilli,Black Soil,Vegetative Growth / Root or Tuber Development,95,45,20.0,0,3,2.1111,19.0
Chilli,Black Soil,Vegetative Growth / Root or Tuber Development,96,46,17.0,0,3,2.087,16.32
Chilli,Black Soil,Vegetative Growth / Root or Tuber Development,97,25,81.0,0,3,3.88,78.57
Chilli,Black Soil,Vegetative Growth / Root or Tuber Development,98,26,79.0,0,3,3.7692,77.42
Chilli,Black Soil,Vegetative Growth / Root or Tuber Development,99,27,76.0,0,3,3.6667,75.24
Chilli,Black Soil,Vegetative Growth / Root or Tuber Development,100,28,73.0,0,3,3.5714,73.0
Chilli,Black Soil,Flowering,1,29,70.0,1,4,0.0345,0.7
Chilli,Black Soil,Flowering,2,30,67.0,1,4,0.0667,1.34
Chilli,Black Soil,Flowering,3,31,64.0,1,4,0.0968,1.92
Chilli,Black Soil,Flowering,4,32,61.0,1,4,0.125,2.44
Chilli,Black Soil,Flowering,5,33,58.0,1,4,0.1515,2.9
Chilli,Black Soil,Flowering,6,34,55.0,1,4,0.1765,3.3
Chilli,Black Soil,Flowering,7,35,52.0,1,4,0.2,3.64
Chilli,Black Soil,Flowering,8,36,49.0,1,4,0.2222,3.92
Chilli,Black Soil,Flowering,9,25,80.0,1,4,0.36,7.2
Chilli,Black Soil,Flowering,10,26,77.0,1,4,0.3846,7.7
Chilli,Black Soil,Flowering,11,27,74.0,1,4,0.4074,8.14
Chilli,Black Soil,Flowering,12,28,71.0,1,4,0.4286,8.52
Chilli,Black Soil,Flowering,13,29,68.0,1,4,0.4483,8.84
Chilli,Black Soil,Flowering,14,30,65.0,1,4,0.4667,9.1
Chilli,Black Soil,Flowering,15,31,62.0,1,4,0.4839,9.3
Chilli,Black Soil,Flowering,16,32,59.0,1,4,0.5,9.44
Chilli,Black Soil,Flowering,17,33,56.0,1,4,0.5152,9.52
Chilli,Black Soil,Flowering,18,34,53.0,1,4,0.5294,9.54
Chilli,Black Soil,Flowering,19,35,50.0,1,4,0.5429,9.5
Chilli,Black Soil,Flowering,20,36,47.0,1,4,0.5556,9.4
Chilli,Black Soil,Flowering,21,37,44.0,1,4,0.5676,9.24
Chilli,Black Soil,Flowering,22,38,41.0,1,4,0.5789,9.02
Chilli,Black Soil,Flowering,23,39,38.0,1,4,0.5897,8.74
Chilli,Black Soil,Flowering,24,40,35.0,1,4,0.6,8.4
Chilli,Black Soil,Flowering,25,41,32.0,1,4,0.6098,8.0
Chilli,Black Soil,Flowering,26,42,29.0,1,4,0.619,7.54
Chilli,Black Soil,Flowering,27,43,26.0,1,4,0.6279,7.02
Chilli,Black Soil,Flowering,28,44,23.0,1,4,0.6364,6.44
Chilli,Black Soil,Flowering,29,45,20.0,1,4,0.6444,5.8
Chilli,Black Soil,Flowering,30,46,17.0,1,4,0.6522,5.1
Chilli,Black Soil,Flowering,31,25,80.0,1,4,1.24,24.8
Chilli,Black Soil,Flowering,32,26,77.0,1,4,1.2308,24.64
Chilli,Black Soil,Flowering,33,27,74.0,1,4,1.2222,24.42
Chilli,Black Soil,Flowering,34,28,71.0,1,4,1.2143,24.14
Chilli,Black Soil,Flowering,35,29,68.0,1,4,1.2069,23.8
Chilli,Black Soil,Flowering,36,30,65.0,1,4,1.2,23.4
Chilli,Black Soil,Flowering,37,31,62.0,1,4,1.1935,22.94
Chilli,Black Soil,Flowering,38,32,59.0,1,4,1.1875,22.42
Chilli,Black Soil,Flowering,39,33,56.0,1,4,1.1818,21.84
Chilli,Black Soil,Flowering,40,34,53.0,1,4,1.1765,21.2
Chilli,Black Soil,Flowering,41,35,50.0,1,4,1.1714,20.5
Chilli,Black Soil,Flowering,42,36,47.0,1,4,1.1667,19.74
Chilli,Black Soil,Flowering,43,37,44.0,1,4,1.1622,18.92
Chilli,Black Soil,Flowering,44,38,41.0,1,4,1.1579,18.04
Chilli,Black Soil,Flowering,45,39,38.0,1,4,1.1538,17.1
Chilli,Black Soil,Flowering,46,40,35.0,1,4,1.15,16.1
Chilli,Black Soil,Flowering,47,41,32.0,1,4,1.1463,15.04
Chilli,Black Soil,Flowering,48,42,29.0,1,4,1.1429,13.92
Chilli,Black Soil,Flowering,49,43,26.0,1,4,1.1395,12.74
Chilli,Black Soil,Flowering,50,44,23.0,1,4,1.1364,11.5
Chilli,Black Soil,Flowering,51,45,20.0,1,4,1.1333,10.2
Chilli,Black Soil,Flowering,52,46,17.0,1,4,1.1304,8.84
Chilli,Black Soil,Flowering,53,25,80.0,1,4,2.12,42.4
Chilli,Black Soil,Flowering,54,26,77.0,1,4,2.0769,41.58
Chilli,Black Soil,Flowering,55,27,74.0,1,4,2.037,40.7
Chilli,Black Soil,Flowering,56,28,71.0,1,4,2.0,39.76
Chilli,Black Soil,Flowering,57,29,68.0,1,4,1.9655,38.76
Chilli,Black Soil,Flowering,58,30,65.0,1,4,1.9333,37.7
Chilli,Black Soil,Flowering,59,31,62.0,1,4,1.9032,36.58
Chilli,Black Soil,Flowering,60,32,59.0,1,4,1.875,35.4
Chilli,Black Soil,Flowering,61,33,56.0,1,4,1.8485,34.16
Chilli,Black Soil,Flowering,62,34,53.0,1,4,1.8235,32.86
Chilli,Black Soil,Flowering,63,35,50.0,1,4,1.8,31.5
Chilli,Black Soil,Flowering,64,36,47.0,1,4,1.7778,30.08
Chilli,Black Soil,Flowering,65,37,44.0,1,4,1.7568,28.6
Chilli,Black Soil,Flowering,66,38,41.0,1,4,1.7368,27.06
Chilli,Black Soil,Flowering,67,39,38.0,1,4,1.7179,25.46
Chilli,Black Soil,Flowering,68,40,35.0,1,4,1.7,23.8
Chilli,Black Soil,Flowering,69,41,32.0,1,4,1.6829,22.08
Chilli,Black Soil,Flowering,70,42,29.0,1,4,1.6667,20.3
Chilli,Black Soil,Flowering,71,43,26.0,1,4,1.6512,18.46
Chilli,Black Soil,Flowering,72,44,23.0,1,4,1.6364,16.56
Chilli,Black Soil,Flowering,73,45,20.0,1,4,1.6222,14.6
Chilli,Black Soil,Flowering,74,46,17.0,1,4,1.6087,12.58
Chilli,Black Soil,Flowering,75,25,80.0,1,4,3.0,60.0
Chilli,Black Soil,Flowering,76,26,77.0,1,4,2.9231,58.52
Chilli,Black Soil,Flowering,77,27,74.0,1,4,2.8519,56.98
Chilli,Black Soil,Flowering,78,28,71.0,1,4,2.7857,55.38
Chilli,Black Soil,Flowering,79,29,68.0,1,4,2.7241,53.72
Chilli,Black Soil,Flowering,91,41,32.0,0,4,2.2195,29.12
Chilli,Black Soil,Flowering,92,42,29.0,0,4,2.1905,26.68
Chilli,Black Soil,Flowering,93,43,26.0,0,4,2.1628,24.18
Chilli,Black Soil,Flowering,94,44,23.0,0,4,2.1364,21.62
Chilli,Black Soil,Flowering,95,45,20.0,0,4,2.1111,19.0
Chilli,Black Soil,Flowering,96,46,17.0,0,4,2.087,16.32
Chilli,Black Soil,Flowering,97,25,81.0,0,4,3.88,78.57
Chilli,Black Soil,Flowering,98,26,79.0,0,4,3.7692,77.42
Chilli,Black Soil,Flowering,99,27,76.0,0,4,3.6667,75.24
Chilli,Black Soil,Flowering,100,28,73.0,0,4,3.5714,73.0
Chilli,Black Soil,Germination,1,21,83.0,0,1,0.0476,0.83
Chilli,Black Soil,Germination,2,20,84.0,0,1,0.1,1.68
Chilli,Black Soil,Germination,3,19,85.0,0,1,0.1579,2.55
Chilli,Black Soil,Germination,4,18,86.0,0,1,0.2222,3.44
Chilli,Black Soil,Germination,5,17,87.0,0,1,0.2941,4.35
Chilli,Black Soil,Germination,6,16,88.0,0,1,0.375,5.28
Chilli,Black Soil,Germination,7,15,89.0,0,1,0.4667,6.23
Chilli,Black Soil,Germination,8,14,90.0,0,1,0.5714,7.2
Chilli,Black Soil,Germination,9,13,91.0,0,1,0.6923,8.19
Chilli,Black Soil,Germination,10,24,80.0,0,1,0.4167,8.0
Chilli,Black Soil,Germination,11,23,81.0,0,1,0.4783,8.91
Chilli,Black Soil,Germination,12,22,82.0,0,1,0.5455,9.84
Chilli,Black Soil,Germination,13,21,83.0,0,1,0.619,10.79
Chilli,Black Soil,Germination,14,20,84.0,0,1,0.7,11.76
Chilli,Black Soil,Germination,15,19,85.0,0,1,0.7895,12.75
Chilli,Black Soil,Germination,16,18,86.0,0,1,0.8889,13.76
Chilli,Black Soil,Germination,17,17,87.0,0,1,1.0,14.79
Chilli,Black Soil,Germination,18,16,88.0,0,1,1.125,15.84
Chilli,Black Soil,Germination,19,15,89.0,0,1,1.2667,16.91
Chilli,Black Soil,Germination,20,14,90.0,0,1,1.4286,18.0
Chilli,Black Soil,Germination,21,24,80.0,0,1,0.875,16.8
Chilli,Black Soil,Germination,22,23,81.0,0,1,0.9565,17.82
Chilli,Black Soil,Germination,23,22,82.0,0,1,1.0455,18.86
Chilli,Black Soil,Germination,24,21,83.0,0,1,1.1429,19.92
Chilli,Black Soil,Germination,25,20,84.0,0,1,1.25,21.0
Chilli,Black Soil,Germination,26,19,85.0,0,1,1.3684,22.1
Chilli,Black Soil,Germination,27,18,86.0,0,1,1.5,23.22
Chilli,Black Soil,Germination,28,17,87.0,0,1,1.6471,24.36
Chilli,Black Soil,Germination,29,16,88.0,0,1,1.8125,25.52
Chilli,Black Soil,Germination,30,15,89.0,0,1,2.0,26.7
Chilli,Black Soil,Germination,31,24,80.0,0,1,1.2917,24.8
Chilli,Black Soil,Germination,32,23,81.0,0,1,1.3913,25.92
Chilli,Black Soil,Germination,33,22,82.0,0,1,1.5,27.06
Chilli,Black Soil,Germination,34,21,83.0,0,1,1.619,28.22
Chilli,Black Soil,Germination,35,20,84.0,0,1,1.75,29.4
Chilli,Black Soil,Germination,36,19,85.0,0,1,1.8947,30.6
Chilli,Black Soil,Germination,37,18,86.0,0,1,2.0556,31.82
Chilli,Black Soil,Germination,38,17,87.0,0,1,2.2353,33.06
Chilli,Black Soil,Germination,39,16,88.0,0,1,2.4375,34.32
Chilli,Black Soil,Germination,40,15,89.0,0,1,2.6667,35.6
Chilli,Black Soil,Germination,41,14,90.0,0,1,2.9286,36.9
Chilli,Black Soil,Germination,42,13,91.0,0,1,3.2308,38.22
Chilli,Black Soil,Germination,43,24,80.0,0,1,1.7917,34.4
Chilli,Black Soil,Germination,44,23,81.0,0,1,1.913,35.64
Chilli,Black Soil,Germination,45,22,82.0,0,1,2.0455,36.9
Chilli,Black Soil,Germination,46,21,83.0,0,1,2.1905,38.18
Chilli,Black Soil,Germination,47,20,84.0,0,1,2.35,39.48
Chilli,Black Soil,Germination,48,19,85.0,0,1,2.5263,40.8
Chilli,Black Soil,Germination,49,18,86.0,0,1,2.7222,42.14
Chilli,Black Soil,Germination,50,17,87.0,0,1,2.9412,43.5
Chilli,Black Soil,Germination,51,16,88.0,0,1,3.1875,44.88
Chilli,Black Soil,Germination,52,15,89.0,0,1,3.4667,46.28
Chilli,Black Soil,Germination,53,14,90.0,0,1,3.7857,47.7
Chilli,Black Soil,Germination,54,13,91.0,0,1,4.1538,49.14
Chilli,Black Soil,Germination,55,24,80.0,0,1,2.2917,44.0
Chilli,Black Soil,Germination,56,23,81.0,0,1,2.4348,45.36
Chilli,Black Soil,Germination,57,22,82.0,0,1,2.5909,46.74
Chilli,Black Soil,Germination,58,21,83.0,0,1,2.7619,48.14
Chilli,Black Soil,Germination,59,20,84.0,0,1,2.95,49.56
Chilli,Black Soil,Seedling Stage,1,19,85.0,0,2,0.0526,0.85
Chilli,Black Soil,Seedling Stage,2,18,86.0,0,2,0.1111,1.72
Chilli,Black Soil,Seedling Stage,3,17,87.0,0,2,0.1765,2.61
Chilli,Black Soil,Seedling Stage,4,16,88.0,0,2,0.25,3.52
Chilli,Black Soil,Seedling Stage,5,15,89.0,0,2,0.3333,4.45
Chilli,Black Soil,Seedling Stage,6,14,90.0,0,2,0.4286,5.4
Chilli,Black Soil,Seedling Stage,7,13,91.0,0,2,0.5385,6.37
Chilli,Black Soil,Seedling Stage,8,24,80.0,0,2,0.3333,6.4
Chilli,Black Soil,Seedling Stage,9,23,81.0,0,2,0.3913,7.29
Chilli,Black Soil,Seedling Stage,10,22,82.0,0,2,0.4545,8.2
Chilli,Black Soil,Seedling Stage,11,21,83.0,0,2,0.5238,9.13
Chilli,Black Soil,Seedling Stage,12,20,84.0,0,2,0.6,10.08
Chilli,Black Soil,Seedling Stage,13,19,85.0,0,2,0.6842,11.05
Chilli,Black Soil,Seedling Stage,14,18,86.0,0,2,0.7778,12.04
Chilli,Black Soil,Seedling Stage,15,17,87.0,0,2,0.8824,13.05
Chilli,Black Soil,Seedling Stage,16,16,88.0,0,2,1.0,14.08
Chilli,Black Soil,Seedling Stage,17,15,89.0,0,2,1.1333,15.13
Chilli,Black Soil,Seedling Stage,18,14,90.0,0,2,1.2857,16.2
Chilli,Black Soil,Seedling Stage,19,13,91.0,0,2,1.4615,17.29
Chilli,Black Soil,Seedling Stage,20,24,80.0,0,2,0.8333,16.0
Chilli,Black Soil,Seedling Stage,21,23,81.0,0,2,0.913,17.01
Chilli,Black Soil,Seedling Stage,22,22,82.0,0,2,1.0,18.04
Chilli,Black Soil,Seedling Stage,23,21,83.0,0,2,1.0952,19.09
Chilli,Black Soil,Seedling Stage,24,20,84.0,0,2,1.2,20.16
Chilli,Black Soil,Seedling Stage,25,19,85.0,0,2,1.3158,21.25
Chilli,Black Soil,Seedling Stage,26,18,86.0,0,2,1.4444,22.36
Chilli,Black Soil,Seedling Stage,27,17,87.0,0,2,1.5882,23.49
Chilli,Black Soil,Seedling Stage,28,16,88.0,0,2,1.75,24.64
Chilli,Black Soil,Seedling Stage,29,15,89.0,0,2,1.9333,25.81
Chilli,Black Soil,Seedling Stage,30,14,90.0,0,2,2.1429,27.0
Chilli,Black Soil,Seedling Stage,31,24,80.0,0,2,1.2917,24.8
Chilli,Black Soil,Seedling Stage,32,23,81.0,0,2,1.3913,25.92
Chilli,Black Soil,Seedling Stage,33,22,82.0,0,2,1.5,27.06
Chilli,Black Soil,Seedling Stage,34,21,83.0,0,2,1.619,28.22
Chilli,Black Soil,Seedling Stage,35,20,84.0,0,2,1.75,29.4
Chilli,Black Soil,Seedling Stage,36,19,85.0,0,2,1.8947,30.6
Chilli,Black Soil,Seedling Stage,37,18,86.0,0,2,2.0556,31.82
Chilli,Black Soil,Seedling Stage,38,17,87.0,0,2,2.2353,33.06
Chilli,Black Soil,Seedling Stage,39,16,88.0,0,2,2.4375,34.32
Chilli,Black Soil,Seedling Stage,40,15,89.0,0,2,2.6667,35.6
Chilli,Black Soil,Seedling Stage,41,14,90.0,0,2,2.9286,36.9
Chilli,Black Soil,Seedling Stage,42,13,91.0,0,2,3.2308,38.22
Chilli,Black Soil,Seedling Stage,43,24,80.0,0,2,1.7917,34.4
Chilli,Black Soil,Seedling Stage,44,23,81.0,0,2,1.913,35.64
Chilli,Black Soil,Seedling Stage,45,22,82.0,0,2,2.0455,36.9
Chilli,Black Soil,Seedling Stage,46,21,83.0,0,2,2.1905,38.18
Chilli,Black Soil,Seedling Stage,47,20,84.0,0,2,2.35,39.48
Chilli,Black Soil,Seedling Stage,48,19,85.0,0,2,2.5263,40.8
Chilli,Black Soil,Seedling Stage,49,18,86.0,0,2,2.7222,42.14
Chilli,Black Soil,Seedling Stage,50,17,87.0,0,2,2.9412,43.5
Chilli,Black Soil,Seedling Stage,51,16,88.0,0,2,3.1875,44.88
Chilli,Black Soil,Seedling Stage,52,15,89.0,0,2,3.4667,46.28
Chilli,Black Soil,Seedling Stage,53,14,90.0,0,2,3.7857,47.7
Chilli,Black Soil,Seedling Stage,54,13,91.0,0,2,4.1538,49.14
Chilli,Black Soil,Seedling Stage,55,24,80.0,0,2,2.2917,44.0
Chilli,Black Soil,Seedling Stage,56,23,81.0,0,2,2.4348,45.36
Chilli,Black Soil,Seedling Stage,57,22,82.0,0,2,2.5909,46.74
Chilli,Black Soil,Seedling Stage,58,21,83.0,0,2,2.7619,48.14
Chilli,Black Soil,Seedling Stage,59,20,84.0,0,2,2.95,49.56
Chilli,Black Soil,Seedling Stage,60,19,85.0,0,2,3.1579,51.0
Chilli,Black Soil,Seedling Stage,61,18,86.0,0,2,3.3889,52.46
Chilli,Black Soil,Seedling Stage,62,17,87.0,0,2,3.6471,53.94
Chilli,Black Soil,Seedling Stage,63,16,88.0,0,2,3.9375,55.44
Chilli,Black Soil,Seedling Stage,64,15,89.0,0,2,4.2667,56.96
Chilli,Black Soil,Seedling Stage,65,14,90.0,0,2,4.6429,58.5
Chilli,Black Soil,Seedling Stage,66,13,91.0,0,2,5.0769,60.06
Chilli,Black Soil,Seedling Stage,67,24,80.0,0,2,2.7917,53.6
Chilli,Black Soil,Seedling Stage,68,23,81.0,0,2,2.9565,55.08
Chilli,Black Soil,Seedling Stage,69,22,82.0,0,2,3.1364,56.58
Chilli,Black Soil,Vegetative Growth / Root or Tuber Development,1,17,87.0,0,3,0.0588,0.87
Chilli,Black Soil,Vegetative Growth / Root or Tuber Development,2,16,88.0,0,3,0.125,1.76
Chilli,Black Soil,Vegetative Growth / Root or Tuber Development,3,15,89.0,0,3,0.2,2.67
Chilli,Black Soil,Vegetative Growth / Root or Tuber Development,4,14,90.0,0,3,0.2857,3.6
Chilli,Black Soil,Vegetative Growth / Root or Tuber Development,5,13,91.0,0,3,0.3846,4.55
Chilli,Black Soil,Vegetative Growth / Root or Tuber Development,6,24,80.0,0,3,0.25,4.8
Chilli,Black Soil,Vegetative Growth / Root or Tuber Development,7,23,81.0,0,3,0.3043,5.67
Chilli,Black Soil,Vegetative Growth / Root or Tuber Development,8,22,82.0,0,3,0.3636,6.56
Chilli,Black Soil,Vegetative Growth / Root or Tuber Development,9,21,83.0,0,3,0.4286,7.47
Chilli,Black Soil,Vegetative Growth / Root or Tuber Development,10,20,84.0,0,3,0.5,8.4
Chilli,Black Soil,Vegetative Growth / Root or Tuber Development,11,19,85.0,0,3,0.5789,9.35
Chilli,Black Soil,Vegetative Growth / Root or Tuber Development,12,18,86.0,0,3,0.6667,10.32
Chilli,Black Soil,Vegetative Growth / Root or Tuber Development,13,17,87.0,0,3,0.7647,11.31
Chilli,Black Soil,Vegetative Growth / Root or Tuber Development,14,16,88.0,0,3,0.875,12.32
Chilli,Black Soil,Vegetative Growth / Root or Tuber Development,15,15,89.0,0,3,1.0,13.35
Chilli,Black Soil,Vegetative Growth / Root or Tuber Development,16,14,90.0,0,3,1.1429,14.4
Chilli,Black Soil,Vegetative Growth / Root or Tuber Development,17,13,91.0,0,3,1.3077,15.47
Chilli,Black Soil,Vegetative Growth / Root or Tuber Development,18,24,80.0,0,3,0.75,14.4
Chilli,Black Soil,Vegetative Growth / Root or Tuber Development,19,23,81.0,0,3,0.8261,15.39
Chilli,Black Soil,Vegetative Growth / Root or Tuber Development,20,22,82.0,0,3,0.9091,16.4
Chilli,Black Soil,Vegetative Growth / Root or Tuber Development,21,21,83.0,0,3,1.0,17.43
Chilli,Black Soil,Vegetative Growth / Root or Tuber Development,22,20,84.0,0,3,1.1,18.48
Chilli,Black Soil,Vegetative Growth / Root or Tuber Development,23,19,85.0,0,3,1.2105,19.55
Chilli,Black Soil,Vegetative Growth / Root or Tuber Development,24,18,86.0,0,3,1.3333,20.64
Chilli,Black Soil,Vegetative Growth / Root or Tuber Development,25,17,87.0,0,3,1.4706,21.75
Chilli,Black Soil,Vegetative Growth / Root or Tuber Development,26,16,88.0,0,3,1.625,22.88
Chilli,Black Soil,Vegetative Growth / Root or Tuber Development,27,15,89.0,0,3,1.8,24.03
Chilli,Black Soil,Vegetative Growth / Root or Tuber Development,28,14,90.0,0,3,2.0,25.2
Chilli,Black Soil,Vegetative Growth / Root or Tuber Development,29,13,91.0,0,3,2.2308,26.39
Chilli,Black Soil,Vegetative Growth / Root or Tuber Development,30,24,80.0,0,3,1.25,24.0
Chilli,Black Soil,Vegetative Growth / Root or Tuber Development,31,24,80.0,0,3,1.2917,24.8
Chilli,Black Soil,Vegetative Growth / Root or Tuber Development,32,23,81.0,0,3,1.3913,25.92
Chilli,Black Soil,Vegetative Growth / Root or Tuber Development,33,22,82.0,0,3,1.5,27.06
Chilli,Black Soil,Vegetative Growth / Root or Tuber Development,34,21,83.0,0,3,1.619,28.22
Chilli,Black Soil,Vegetative Growth / Root or Tuber Development,35,20,84.0,0,3,1.75,29.4
Chilli,Black Soil,Vegetative Growth / Root or Tuber Development,36,19,85.0,0,3,1.8947,30.6
Chilli,Black Soil,Vegetative Growth / Root or Tuber Development,37,18,86.0,0,3,2.0556,31.82
Chilli,Black Soil,Vegetative Growth / Root or Tuber Development,38,17,87.0,0,3,2.2353,33.06
Chilli,Black Soil,Vegetative Growth / Root or Tuber Development,39,16,88.0,0,3,2.4375,34.32
Chilli,Black Soil,Vegetative Growth / Root or Tuber Development,40,15,89.0,0,3,2.6667,35.6
Chilli,Black Soil,Vegetative Growth / Root or Tuber Development,41,14,90.0,0,3,2.9286,36.9
Chilli,Black Soil,Vegetative Growth / Root or Tuber Development,42,13,91.0,0,3,3.2308,38.22
Chilli,Black Soil,Vegetative Growth / Root or Tuber Development,43,24,80.0,0,3,1.7917,34.4
Chilli,Black Soil,Vegetative Growth / Root or Tuber Development,44,23,81.0,0,3,1.913,35.64
Chilli,Black Soil,Vegetative Growth / Root or Tuber Development,45,22,82.0,0,3,2.0455,36.9
Chilli,Black Soil,Vegetative Growth / Root or Tuber Development,46,21,83.0,0,3,2.1905,38.18
Chilli,Black Soil,Vegetative Growth / Root or Tuber Development,47,20,84.0,0,3,2.35,39.48
Chilli,Black Soil,Vegetative Growth / Root or Tuber Development,48,19,85.0,0,3,2.5263,40.8
Chilli,Black Soil,Vegetative Growth / Root or Tuber Development,49,18,86.0,0,3,2.7222,42.14
Chilli,Black Soil,Vegetative Growth / Root or Tuber Development,50,17,87.0,0,3,2.9412,43.5
Chilli,Black Soil,Vegetative Growth / Root or Tuber Development,51,16,88.0,0,3,3.1875,44.88
Chilli,Black Soil,Vegetative Growth / Root or Tuber Development,52,15,89.0,0,3,3.4667,46.28
Chilli,Black Soil,Vegetative Growth / Root or Tuber Development,53,14,90.0,0,3,3.7857,47.7
Chilli,Black Soil,Vegetative Growth / Root or Tuber Development,54,13,91.0,0,3,4.1538,49.14
Chilli,Black Soil,Vegetative Growth / Root or Tuber Development,55,24,80.0,0,3,2.2917,44.0
Chilli,Black Soil,Vegetative Growth / Root or Tuber Development,56,23,81.0,0,3,2.4348,45.36
Chilli,Black Soil,Vegetative Growth / Root or Tuber Development,57,22,82.0,0,3,2.5909,46.74
Chilli,Black Soil,Vegetative Growth / Root or Tuber Development,58,21,83.0,0,3,2.7619,48.14
Chilli,Black Soil,Vegetative Growth / Root or Tuber Development,59,20,84.0,0,3,2.95,49.56
Chilli,Black Soil,Vegetative Growth / Root or Tuber Development,60,19,85.0,0,3,3.1579,51.0
Chilli,Black Soil,Vegetative Growth / Root or Tuber Development,61,18,86.0,0,3,3.3889,52.46
Chilli,Black Soil,Vegetative Growth / Root or Tuber Development,62,17,87.0,0,3,3.6471,53.94
Chilli,Black Soil,Vegetative Growth / Root or Tuber Development,63,16,88.0,0,3,3.9375,55.44
Chilli,Black Soil,Vegetative Growth / Root or Tuber Development,64,15,89.0,0,3,4.2667,56.96
Chilli,Black Soil,Vegetative Growth / Root or Tuber Development,65,14,90.0,0,3,4.6429,58.5
Chilli,Black Soil,Vegetative Growth / Root or Tuber Development,66,13,91.0,0,3,5.0769,60.06
Chilli,Black Soil,Vegetative Growth / Root or Tuber Development,67,24,80.0,0,3,2.7917,53.6
Chilli,Black Soil,Vegetative Growth / Root or Tuber Development,68,23,81.0,0,3,2.9565,55.08
Chilli,Black Soil,Vegetative Growth / Root or Tuber Development,69,22,82.0,0,3,3.1364,56.58
Chilli,Black Soil,Vegetative Growth / Root or Tuber Development,70,21,83.0,0,3,3.3333,58.1
Chilli,Black Soil,Vegetative Growth / Root or Tuber Development,71,20,84.0,0,3,3.55,59.64
Chilli,Black Soil,Vegetative Growth / Root or Tuber Development,72,19,85.0,0,3,3.7895,61.2
Chilli,Black Soil,Vegetative Growth / Root or Tuber Development,73,18,86.0,0,3,4.0556,62.78
Chilli,Black Soil,Vegetative Growth / Root or Tuber Development,74,17,87.0,0,3,4.3529,64.38
Chilli,Black Soil,Vegetative Growth / Root or Tuber Development,75,16,88.0,0,3,4.6875,66.0
Chilli,Black Soil,Vegetative Growth / Root or Tuber Development,76,15,89.0,0,3,5.0667,67.64
Chilli,Black Soil,Vegetative Growth / Root or Tuber Development,77,14,90.0,0,3,5.5,69.3
Chilli,Black Soil,Vegetative Growth / Root or Tuber Development,78,13,91.0,0,3,6.0,70.98
Chilli,Black Soil,Vegetative Growth / Root or Tuber Development,79,24,80.0,0,3,3.2917,63.2
Chilli,Black Soil,Flowering,1,17,87.0,0,4,0.0588,0.87
Chilli,Black Soil,Flowering,2,16,88.0,0,4,0.125,1.76
Chilli,Black Soil,Flowering,3,15,89.0,0,4,0.2,2.67
Chilli,Black Soil,Flowering,4,14,90.0,0,4,0.2857,3.6
Chilli,Black Soil,Flowering,5,13,91.0,0,4,0.3846,4.55
Chilli,Black Soil,Flowering,6,24,80.0,0,4,0.25,4.8
Chilli,Black Soil,Flowering,7,23,81.0,0,4,0.3043,5.67
Chilli,Black Soil,Flowering,8,22,82.0,0,4,0.3636,6.56
Chilli,Black Soil,Flowering,9,21,83.0,0,4,0.4286,7.47
Chilli,Black Soil,Flowering,10,20,84.0,0,4,0.5,8.4
Chilli,Black Soil,Flowering,11,19,85.0,0,4,0.5789,9.35
Chilli,Black Soil,Flowering,12,18,86.0,0,4,0.6667,10.32
Chilli,Black Soil,Flowering,13,17,87.0,0,4,0.7647,11.31
Chilli,Black Soil,Flowering,14,16,88.0,0,4,0.875,12.32
Chilli,Black Soil,Flowering,15,15,89.0,0,4,1.0,13.35
Chilli,Black Soil,Flowering,16,14,90.0,0,4,1.1429,14.4
Chilli,Black Soil,Flowering,17,13,91.0,0,4,1.3077,15.47
Chilli,Black Soil,Flowering,18,24,80.0,0,4,0.75,14.4
Chilli,Black Soil,Flowering,19,23,81.0,0,4,0.8261,15.39
Chilli,Black Soil,Flowering,20,22,82.0,0,4,0.9091,16.4
Chilli,Black Soil,Flowering,21,21,83.0,0,4,1.0,17.43
Chilli,Black Soil,Flowering,22,20,84.0,0,4,1.1,18.48
Chilli,Black Soil,Flowering,23,19,85.0,0,4,1.2105,19.55
Chilli,Black Soil,Flowering,24,18,86.0,0,4,1.3333,20.64
Chilli,Black Soil,Flowering,25,17,87.0,0,4,1.4706,21.75
Chilli,Black Soil,Flowering,26,16,88.0,0,4,1.625,22.88
Chilli,Black Soil,Flowering,27,15,89.0,0,4,1.8,24.03
Chilli,Black Soil,Flowering,28,14,90.0,0,4,2.0,25.2
Chilli,Black Soil,Flowering,29,13,91.0,0,4,2.2308,26.39
Chilli,Black Soil,Flowering,30,24,80.0,0,4,1.25,24.0
Chilli,Black Soil,Flowering,31,24,80.0,0,4,1.2917,24.8
Chilli,Black Soil,Flowering,32,23,81.0,0,4,1.3913,25.92
Chilli,Black Soil,Flowering,33,22,82.0,0,4,1.5,27.06
Chilli,Black Soil,Flowering,34,21,83.0,0,4,1.619,28.22
Chilli,Black Soil,Flowering,35,20,84.0,0,4,1.75,29.4
Chilli,Black Soil,Flowering,36,19,85.0,0,4,1.8947,30.6
Chilli,Black Soil,Flowering,37,18,86.0,0,4,2.0556,31.82
Chilli,Black Soil,Flowering,38,17,87.0,0,4,2.2353,33.06
Chilli,Black Soil,Flowering,39,16,88.0,0,4,2.4375,34.32
Chilli,Black Soil,Flowering,40,15,89.0,0,4,2.6667,35.6
Chilli,Black Soil,Flowering,41,14,90.0,0,4,2.9286,36.9
Chilli,Black Soil,Flowering,42,13,91.0,0,4,3.2308,38.22
Chilli,Black Soil,Flowering,43,24,80.0,0,4,1.7917,34.4
Chilli,Black Soil,Flowering,44,23,81.0,0,4,1.913,35.64
Chilli,Black Soil,Flowering,45,22,82.0,0,4,2.0455,36.9
Chilli,Black Soil,Flowering,46,21,83.0,0,4,2.1905,38.18
Chilli,Black Soil,Flowering,47,20,84.0,0,4,2.35,39.48
Chilli,Black Soil,Flowering,48,19,85.0,0,4,2.5263,40.8
Chilli,Black Soil,Flowering,49,18,86.0,0,4,2.7222,42.14
Chilli,Black Soil,Flowering,50,17,87.0,0,4,2.9412,43.5
Chilli,Black Soil,Flowering,51,16,88.0,0,4,3.1875,44.88
Chilli,Black Soil,Flowering,52,15,89.0,0,4,3.4667,46.28
Chilli,Black Soil,Flowering,53,14,90.0,0,4,3.7857,47.7
Chilli,Black Soil,Flowering,54,13,91.0,0,4,4.1538,49.14
Chilli,Black Soil,Flowering,55,24,80.0,0,4,2.2917,44.0
Chilli,Black Soil,Flowering,56,23,81.0,0,4,2.4348,45.36
Chilli,Black Soil,Flowering,57,22,82.0,0,4,2.5909,46.74
Chilli,Black Soil,Flowering,58,21,83.0,0,4,2.7619,48.14
Chilli,Black Soil,Flowering,59,20,84.0,0,4,2.95,49.56
Chilli,Black Soil,Flowering,60,19,85.0,0,4,3.1579,51.0
Chilli,Black Soil,Flowering,61,18,86.0,0,4,3.3889,52.46
Chilli,Black Soil,Flowering,62,17,87.0,0,4,3.6471,53.94
Chilli,Black Soil,Flowering,63,16,88.0,0,4,3.9375,55.44
Chilli,Black Soil,Flowering,64,15,89.0,0,4,4.2667,56.96
Chilli,Black Soil,Flowering,65,14,90.0,0,4,4.6429,58.5
Chilli,Black Soil,Flowering,66,13,91.0,0,4,5.0769,60.06
Chilli,Black Soil,Flowering,67,24,80.0,0,4,2.7917,53.6
Chilli,Black Soil,Flowering,68,23,81.0,0,4,2.9565,55.08
Chilli,Black Soil,Flowering,69,22,82.0,0,4,3.1364,56.58
Chilli,Black Soil,Flowering,70,21,83.0,0,4,3.3333,58.1
Chilli,Black Soil,Flowering,71,20,84.0,0,4,3.55,59.64
Chilli,Black Soil,Flowering,72,19,85.0,0,4,3.7895,61.2
Chilli,Black Soil,Flowering,73,18,86.0,0,4,4.0556,62.78
Chilli,Black Soil,Flowering,74,17,87.0,0,4,4.3529,64.38
Chilli,Black Soil,Flowering,75,16,88.0,0,4,4.6875,66.0
Chilli,Black Soil,Flowering,76,15,89.0,0,4,5.0667,67.64
Chilli,Black Soil,Flowering,77,14,90.0,0,4,5.5,69.3
Chilli,Black Soil,Flowering,78,13,91.0,0,4,6.0,70.98
Chilli,Black Soil,Flowering,79,24,80.0,0,4,3.2917,63.2
Chilli,Red Soil,Germination,1,21,83.0,0,1,0.0476,0.83
Chilli,Red Soil,Germination,2,20,84.0,0,1,0.1,1.68
Chilli,Red Soil,Germination,3,19,85.0,0,1,0.1579,2.55
Chilli,Red Soil,Germination,4,18,86.0,0,1,0.2222,3.44
Chilli,Red Soil,Germination,5,17,87.0,0,1,0.2941,4.35
Chilli,Red Soil,Germination,6,16,88.0,0,1,0.375,5.28
Chilli,Red Soil,Germination,7,15,89.0,0,1,0.4667,6.23
Chilli,Red Soil,Germination,8,14,90.0,0,1,0.5714,7.2
Chilli,Red Soil,Germination,9,13,91.0,0,1,0.6923,8.19
Chilli,Red Soil,Germination,10,24,80.0,0,1,0.4167,8.0
Chilli,Red Soil,Germination,11,23,81.0,0,1,0.4783,8.91
Chilli,Red Soil,Germination,12,22,82.0,0,1,0.5455,9.84
Chilli,Red Soil,Germination,13,21,83.0,0,1,0.619,10.79
Chilli,Red Soil,Germination,14,20,84.0,0,1,0.7,11.76
Chilli,Red Soil,Germination,15,19,85.0,0,1,0.7895,12.75
Chilli,Red Soil,Germination,16,18,86.0,0,1,0.8889,13.76
Chilli,Red Soil,Germination,17,17,87.0,0,1,1.0,14.79
Chilli,Red Soil,Germination,18,16,88.0,0,1,1.125,15.84
Chilli,Red Soil,Germination,19,15,89.0,0,1,1.2667,16.91
Chilli,Red Soil,Germination,20,14,90.0,0,1,1.4286,18.0
Chilli,Red Soil,Germination,21,24,80.0,0,1,0.875,16.8
Chilli,Red Soil,Germination,22,23,81.0,0,1,0.9565,17.82
Chilli,Red Soil,Germination,23,22,82.0,0,1,1.0455,18.86
Chilli,Red Soil,Germination,24,21,83.0,0,1,1.1429,19.92
Chilli,Red Soil,Germination,25,20,84.0,0,1,1.25,21.0
Chilli,Red Soil,Germination,26,19,85.0,0,1,1.3684,22.1
Chilli,Red Soil,Germination,27,18,86.0,0,1,1.5,23.22
Chilli,Red Soil,Germination,28,17,87.0,0,1,1.6471,24.36
Chilli,Red Soil,Germination,29,16,88.0,0,1,1.8125,25.52
Chilli,Red Soil,Germination,30,15,89.0,0,1,2.0,26.7
Chilli,Red Soil,Germination,31,24,80.0,0,1,1.2917,24.8
Chilli,Red Soil,Germination,32,23,81.0,0,1,1.3913,25.92
Chilli,Red Soil,Germination,33,22,82.0,0,1,1.5,27.06
Chilli,Red Soil,Germination,34,21,83.0,0,1,1.619,28.22
Chilli,Red Soil,Germination,35,20,84.0,0,1,1.75,29.4
Chilli,Red Soil,Germination,36,19,85.0,0,1,1.8947,30.6
Chilli,Red Soil,Germination,37,18,86.0,0,1,2.0556,31.82
Chilli,Red Soil,Germination,38,17,87.0,0,1,2.2353,33.06
Chilli,Red Soil,Germination,39,16,88.0,0,1,2.4375,34.32
Chilli,Red Soil,Germination,40,15,89.0,0,1,2.6667,35.6
Chilli,Red Soil,Germination,41,14,90.0,0,1,2.9286,36.9
Chilli,Red Soil,Germination,42,13,91.0,0,1,3.2308,38.22
Chilli,Red Soil,Germination,43,24,80.0,0,1,1.7917,34.4
Chilli,Red Soil,Germination,44,23,81.0,0,1,1.913,35.64
Chilli,Red Soil,Germination,45,22,82.0,0,1,2.0455,36.9
Chilli,Red Soil,Germination,46,21,83.0,0,1,2.1905,38.18
Chilli,Red Soil,Germination,47,20,84.0,0,1,2.35,39.48
Chilli,Red Soil,Germination,48,19,85.0,0,1,2.5263,40.8
Chilli,Red Soil,Germination,49,18,86.0,0,1,2.7222,42.14
Chilli,Red Soil,Germination,50,17,87.0,0,1,2.9412,43.5
Chilli,Red Soil,Germination,51,16,88.0,0,1,3.1875,44.88
Chilli,Red Soil,Germination,52,15,89.0,0,1,3.4667,46.28
Chilli,Red Soil,Germination,53,14,90.0,0,1,3.7857,47.7
Chilli,Red Soil,Germination,54,13,91.0,0,1,4.1538,49.14
Chilli,Red Soil,Germination,55,24,80.0,0,1,2.2917,44.0
Chilli,Red Soil,Germination,56,23,81.0,0,1,2.4348,45.36
Chilli,Red Soil,Germination,57,22,82.0,0,1,2.5909,46.74
Chilli,Red Soil,Germination,58,21,83.0,0,1,2.7619,48.14
Chilli,Red Soil,Germination,59,20,84.0,0,1,2.95,49.56
Chilli,Red Soil,Seedling Stage,1,19,85.0,0,2,0.0526,0.85
Chilli,Red Soil,Seedling Stage,2,18,86.0,0,2,0.1111,1.72
Chilli,Red Soil,Seedling Stage,3,17,87.0,0,2,0.1765,2.61
Chilli,Red Soil,Seedling Stage,4,16,88.0,0,2,0.25,3.52
Chilli,Red Soil,Seedling Stage,5,15,89.0,0,2,0.3333,4.45
Chilli,Red Soil,Seedling Stage,6,14,90.0,0,2,0.4286,5.4
Chilli,Red Soil,Seedling Stage,7,13,91.0,0,2,0.5385,6.37
Chilli,Red Soil,Seedling Stage,8,24,80.0,0,2,0.3333,6.4
Chilli,Red Soil,Seedling Stage,9,23,81.0,0,2,0.3913,7.29
Chilli,Red Soil,Seedling Stage,10,22,82.0,0,2,0.4545,8.2
Chilli,Red Soil,Seedling Stage,11,21,83.0,0,2,0.5238,9.13
Chilli,Red Soil,Seedling Stage,12,20,84.0,0,2,0.6,10.08
Chilli,Red Soil,Seedling Stage,13,19,85.0,0,2,0.6842,11.05
Chilli,Red Soil,Seedling Stage,14,18,86.0,0,2,0.7778,12.04
Chilli,Red Soil,Seedling Stage,15,17,87.0,0,2,0.8824,13.05
Chilli,Red Soil,Seedling Stage,16,16,88.0,0,2,1.0,14.08
Chilli,Red Soil,Seedling Stage,17,15,89.0,0,2,1.1333,15.13
Chilli,Red Soil,Seedling Stage,18,14,90.0,0,2,1.2857,16.2
Chilli,Red Soil,Seedling Stage,19,13,91.0,0,2,1.4615,17.29
Chilli,Red Soil,Seedling Stage,20,24,80.0,0,2,0.8333,16.0
Chilli,Red Soil,Seedling Stage,21,23,81.0,0,2,0.913,17.01
Chilli,Red Soil,Seedling Stage,22,22,82.0,0,2,1.0,18.04
Chilli,Red Soil,Seedling Stage,23,21,83.0,0,2,1.0952,19.09
Chilli,Red Soil,Seedling Stage,24,20,84.0,0,2,1.2,20.16
Chilli,Red Soil,Seedling Stage,25,19,85.0,0,2,1.3158,21.25
Chilli,Red Soil,Seedling Stage,26,18,86.0,0,2,1.4444,22.36
Chilli,Red Soil,Seedling Stage,27,17,87.0,0,2,1.5882,23.49
Chilli,Red Soil,Seedling Stage,28,16,88.0,0,2,1.75,24.64
Chilli,Red Soil,Seedling Stage,29,15,89.0,0,2,1.9333,25.81
Chilli,Red Soil,Seedling Stage,30,14,90.0,0,2,2.1429,27.0
Chilli,Red Soil,Seedling Stage,31,24,80.0,0,2,1.2917,24.8
Chilli,Red Soil,Seedling Stage,32,23,81.0,0,2,1.3913,25.92
Chilli,Red Soil,Seedling Stage,33,22,82.0,0,2,1.5,27.06
Chilli,Red Soil,Seedling Stage,34,21,83.0,0,2,1.619,28.22
Chilli,Red Soil,Seedling Stage,35,20,84.0,0,2,1.75,29.4
Chilli,Red Soil,Seedling Stage,36,19,85.0,0,2,1.8947,30.6
Chilli,Red Soil,Seedling Stage,37,18,86.0,0,2,2.0556,31.82
Chilli,Red Soil,Seedling Stage,38,17,87.0,0,2,2.2353,33.06
Chilli,Red Soil,Seedling Stage,39,16,88.0,0,2,2.4375,34.32
Chilli,Red Soil,Seedling Stage,40,15,89.0,0,2,2.6667,35.6
Chilli,Red Soil,Seedling Stage,41,14,90.0,0,2,2.9286,36.9
Chilli,Red Soil,Seedling Stage,42,13,91.0,0,2,3.2308,38.22
Chilli,Red Soil,Seedling Stage,43,24,80.0,0,2,1.7917,34.4
Chilli,Red Soil,Seedling Stage,44,23,81.0,0,2,1.913,35.64
Chilli,Red Soil,Seedling Stage,45,22,82.0,0,2,2.0455,36.9
Chilli,Red Soil,Seedling Stage,46,21,83.0,0,2,2.1905,38.18
Chilli,Red Soil,Seedling Stage,47,20,84.0,0,2,2.35,39.48
Chilli,Red Soil,Seedling Stage,48,19,85.0,0,2,2.5263,40.8
Chilli,Red Soil,Seedling Stage,49,18,86.0,0,2,2.7222,42.14
Chilli,Red Soil,Seedling Stage,50,17,87.0,0,2,2.9412,43.5
Chilli,Red Soil,Seedling Stage,51,16,88.0,0,2,3.1875,44.88
Chilli,Red Soil,Seedling Stage,52,15,89.0,0,2,3.4667,46.28
Chilli,Red Soil,Seedling Stage,53,14,90.0,0,2,3.7857,47.7
Chilli,Red Soil,Seedling Stage,54,13,91.0,0,2,4.1538,49.14
Chilli,Red Soil,Seedling Stage,55,24,80.0,0,2,2.2917,44.0
Chilli,Red Soil,Seedling Stage,56,23,81.0,0,2,2.4348,45.36
Chilli,Red Soil,Seedling Stage,57,22,82.0,0,2,2.5909,46.74
Chilli,Red Soil,Seedling Stage,58,21,83.0,0,2,2.7619,48.14
Chilli,Red Soil,Seedling Stage,59,20,84.0,0,2,2.95,49.56
Chilli,Red Soil,Seedling Stage,60,19,85.0,0,2,3.1579,51.0
Chilli,Red Soil,Seedling Stage,61,18,86.0,0,2,3.3889,52.46
Chilli,Red Soil,Seedling Stage,62,17,87.0,0,2,3.6471,53.94
Chilli,Red Soil,Seedling Stage,63,16,88.0,0,2,3.9375,55.44
Chilli,Red Soil,Seedling Stage,64,15,89.0,0,2,4.2667,56.96
Chilli,Red Soil,Seedling Stage,65,14,90.0,0,2,4.6429,58.5
Chilli,Red Soil,Seedling Stage,66,13,91.0,0,2,5.0769,60.06
Chilli,Red Soil,Seedling Stage,67,24,80.0,0,2,2.7917,53.6
Chilli,Red Soil,Seedling Stage,68,23,81.0,0,2,2.9565,55.08
Chilli,Red Soil,Seedling Stage,69,22,82.0,0,2,3.1364,56.58
Chilli,Red Soil,Vegetative Growth / Root or Tuber Development,1,17,87.0,0,3,0.0588,0.87
Chilli,Red Soil,Vegetative Growth / Root or Tuber Development,2,16,88.0,0,3,0.125,1.76
Chilli,Red Soil,Vegetative Growth / Root or Tuber Development,3,15,89.0,0,3,0.2,2.67
Chilli,Red Soil,Vegetative Growth / Root or Tuber Development,4,14,90.0,0,3,0.2857,3.6
Chilli,Red Soil,Vegetative Growth / Root or Tuber Development,5,13,91.0,0,3,0.3846,4.55
Chilli,Red Soil,Vegetative Growth / Root or Tuber Development,6,24,80.0,0,3,0.25,4.8
Chilli,Red Soil,Vegetative Growth / Root or Tuber Development,7,23,81.0,0,3,0.3043,5.67
Chilli,Red Soil,Vegetative Growth / Root or Tuber Development,8,22,82.0,0,3,0.3636,6.56
Chilli,Red Soil,Vegetative Growth / Root or Tuber Development,9,21,83.0,0,3,0.4286,7.47
Chilli,Red Soil,Vegetative Growth / Root or Tuber Development,10,20,84.0,0,3,0.5,8.4
Chilli,Red Soil,Vegetative Growth / Root or Tuber Development,11,19,85.0,0,3,0.5789,9.35
Chilli,Red Soil,Vegetative Growth / Root or Tuber Development,12,18,86.0,0,3,0.6667,10.32
Chilli,Red Soil,Vegetative Growth / Root or Tuber Development,13,17,87.0,0,3,0.7647,11.31
Chilli,Red Soil,Vegetative Growth / Root or Tuber Development,14,16,88.0,0,3,0.875,12.32
Chilli,Red Soil,Vegetative Growth / Root or Tuber Development,15,15,89.0,0,3,1.0,13.35
Chilli,Red Soil,Vegetative Growth / Root or Tuber Development,16,14,90.0,0,3,1.1429,14.4
Chilli,Red Soil,Vegetative Growth / Root or Tuber Development,17,13,91.0,0,3,1.3077,15.47
Chilli,Red Soil,Vegetative Growth / Root or Tuber Development,18,24,80.0,0,3,0.75,14.4
Chilli,Red Soil,Vegetative Growth / Root or Tuber Development,19,23,81.0,0,3,0.8261,15.39
Chilli,Red Soil,Vegetative Growth / Root or Tuber Development,20,22,82.0,0,3,0.9091,16.4
Chilli,Red Soil,Vegetative Growth / Root or Tuber Development,21,21,83.0,0,3,1.0,17.43
Chilli,Red Soil,Vegetative Growth / Root or Tuber Development,22,20,84.0,0,3,1.1,18.48
Chilli,Red Soil,Vegetative Growth / Root or Tuber Development,23,19,85.0,0,3,1.2105,19.55
Chilli,Red Soil,Vegetative Growth / Root or Tuber Development,24,18,86.0,0,3,1.3333,20.64
Chilli,Red Soil,Vegetative Growth / Root or Tuber Development,25,17,87.0,0,3,1.4706,21.75
Chilli,Red Soil,Vegetative Growth / Root or Tuber Development,26,16,88.0,0,3,1.625,22.88
Chilli,Red Soil,Vegetative Growth / Root or Tuber Development,27,15,89.0,0,3,1.8,24.03
Chilli,Red Soil,Vegetative Growth / Root or Tuber Development,28,14,90.0,0,3,2.0,25.2
Chilli,Red Soil,Vegetative Growth / Root or Tuber Development,29,13,91.0,0,3,2.2308,26.39
Chilli,Red Soil,Vegetative Growth / Root or Tuber Development,30,24,80.0,0,3,1.25,24.0
Chilli,Red Soil,Vegetative Growth / Root or Tuber Development,31,24,80.0,0,3,1.2917,24.8
Chilli,Red Soil,Vegetative Growth / Root or Tuber Development,32,23,81.0,0,3,1.3913,25.92
Chilli,Red Soil,Vegetative Growth / Root or Tuber Development,33,22,82.0,0,3,1.5,27.06
Chilli,Red Soil,Vegetative Growth / Root or Tuber Development,34,21,83.0,0,3,1.619,28.22
Chilli,Red Soil,Vegetative Growth / Root or Tuber Development,35,20,84.0,0,3,1.75,29.4
Chilli,Red Soil,Vegetative Growth / Root or Tuber Development,36,19,85.0,0,3,1.8947,30.6
Chilli,Red Soil,Vegetative Growth / Root or Tuber Development,37,18,86.0,0,3,2.0556,31.82
Chilli,Red Soil,Vegetative Growth / Root or Tuber Development,38,17,87.0,0,3,2.2353,33.06
Chilli,Red Soil,Vegetative Growth / Root or Tuber Development,39,16,88.0,0,3,2.4375,34.32
Chilli,Red Soil,Vegetative Growth / Root or Tuber Development,40,15,89.0,0,3,2.6667,35.6
Chilli,Red Soil,Vegetative Growth / Root or Tuber Development,41,14,90.0,0,3,2.9286,36.9
Chilli,Red Soil,Vegetative Growth / Root or Tuber Development,42,13,91.0,0,3,3.2308,38.22
Chilli,Red Soil,Vegetative Growth / Root or Tuber Development,43,24,80.0,0,3,1.7917,34.4
Chilli,Red Soil,Vegetative Growth / Root or Tuber Development,44,23,81.0,0,3,1.913,35.64
Chilli,Red Soil,Vegetative Growth / Root or Tuber Development,45,22,82.0,0,3,2.0455,36.9
Chilli,Red Soil,Vegetative Growth / Root or Tuber Development,46,21,83.0,0,3,2.1905,38.18
Chilli,Red Soil,Vegetative Growth / Root or Tuber Development,47,20,84.0,0,3,2.35,39.48
Chilli,Red Soil,Vegetative Growth / Root or Tuber Development,48,19,85.0,0,3,2.5263,40.8
Chilli,Red Soil,Vegetative Growth / Root or Tuber Development,49,18,86.0,0,3,2.7222,42.14
Chilli,Red Soil,Vegetative Growth / Root or Tuber Development,50,17,87.0,0,3,2.9412,43.5
Chilli,Red Soil,Vegetative Growth / Root or Tuber Development,51,16,88.0,0,3,3.1875,44.88
Chilli,Red Soil,Vegetative Growth / Root or Tuber Development,52,15,89.0,0,3,3.4667,46.28
Chilli,Red Soil,Vegetative Growth / Root or Tuber Development,53,14,90.0,0,3,3.7857,47.7
Chilli,Red Soil,Vegetative Growth / Root or Tuber Development,54,13,91.0,0,3,4.1538,49.14
Chilli,Red Soil,Vegetative Growth / Root or Tuber Development,55,24,80.0,0,3,2.2917,44.0
Chilli,Red Soil,Vegetative Growth / Root or Tuber Development,56,23,81.0,0,3,2.4348,45.36
Chilli,Red Soil,Vegetative Growth / Root or Tuber Development,57,22,82.0,0,3,2.5909,46.74
Chilli,Red Soil,Vegetative Growth / Root or Tuber Development,58,21,83.0,0,3,2.7619,48.14
Chilli,Red Soil,Vegetative Growth / Root or Tuber Development,59,20,84.0,0,3,2.95,49.56
Chilli,Red Soil,Vegetative Growth / Root or Tuber Development,60,19,85.0,0,3,3.1579,51.0
Chilli,Red Soil,Vegetative Growth / Root or Tuber Development,61,18,86.0,0,3,3.3889,52.46
Chilli,Red Soil,Vegetative Growth / Root or Tuber Development,62,17,87.0,0,3,3.6471,53.94
Chilli,Red Soil,Vegetative Growth / Root or Tuber Development,63,16,88.0,0,3,3.9375,55.44
Chilli,Red Soil,Vegetative Growth / Root or Tuber Development,64,15,89.0,0,3,4.2667,56.96
Chilli,Red Soil,Vegetative Growth / Root or Tuber Development,65,14,90.0,0,3,4.6429,58.5
Chilli,Red Soil,Vegetative Growth / Root or Tuber Development,66,13,91.0,0,3,5.0769,60.06
Chilli,Red Soil,Vegetative Growth / Root or Tuber Development,67,24,80.0,0,3,2.7917,53.6
Chilli,Red Soil,Vegetative Growth / Root or Tuber Development,68,23,81.0,0,3,2.9565,55.08
Chilli,Red Soil,Vegetative Growth / Root or Tuber Development,69,22,82.0,0,3,3.1364,56.58
Chilli,Red Soil,Vegetative Growth / Root or Tuber Development,70,21,83.0,0,3,3.3333,58.1
Chilli,Red Soil,Vegetative Growth / Root or Tuber Development,71,20,84.0,0,3,3.55,59.64
Chilli,Red Soil,Vegetative Growth / Root or Tuber Development,72,19,85.0,0,3,3.7895,61.2
Chilli,Red Soil,Vegetative Growth / Root or Tuber Development,73,18,86.0,0,3,4.0556,62.78
Chilli,Red Soil,Vegetative Growth / Root or Tuber Development,74,17,87.0,0,3,4.3529,64.38
Chilli,Red Soil,Vegetative Growth / Root or Tuber Development,75,16,88.0,0,3,4.6875,66.0
Chilli,Red Soil,Vegetative Growth / Root or Tuber Development,76,15,89.0,0,3,5.0667,67.64
Chilli,Red Soil,Vegetative Growth / Root or Tuber Development,77,14,90.0,0,3,5.5,69.3
Chilli,Red Soil,Vegetative Growth / Root or Tuber Development,78,13,91.0,0,3,6.0,70.98
Chilli,Red Soil,Vegetative Growth / Root or Tuber Development,79,24,80.0,0,3,3.2917,63.2
Chilli,Red Soil,Flowering,1,17,87.0,0,4,0.0588,0.87
Chilli,Red Soil,Flowering,2,16,88.0,0,4,0.125,1.76
Chilli,Red Soil,Flowering,3,15,89.0,0,4,0.2,2.67
Chilli,Red Soil,Flowering,4,14,90.0,0,4,0.2857,3.6
Chilli,Red Soil,Flowering,5,13,91.0,0,4,0.3846,4.55
Chilli,Red Soil,Flowering,6,24,80.0,0,4,0.25,4.8
Chilli,Red Soil,Flowering,7,23,81.0,0,4,0.3043,5.67
Chilli,Red Soil,Flowering,8,22,82.0,0,4,0.3636,6.56
Chilli,Red Soil,Flowering,9,21,83.0,0,4,0.4286,7.47
Chilli,Red Soil,Flowering,10,20,84.0,0,4,0.5,8.4
Chilli,Red Soil,Flowering,11,19,85.0,0,4,0.5789,9.35
Chilli,Red Soil,Flowering,12,18,86.0,0,4,0.6667,10.32
Chilli,Red Soil,Flowering,13,17,87.0,0,4,0.7647,11.31
Chilli,Red Soil,Flowering,14,16,88.0,0,4,0.875,12.32
Chilli,Red Soil,Flowering,15,15,89.0,0,4,1.0,13.35
Chilli,Red Soil,Flowering,16,14,90.0,0,4,1.1429,14.4
Chilli,Red Soil,Flowering,17,13,91.0,0,4,1.3077,15.47
Chilli,Red Soil,Flowering,18,24,80.0,0,4,0.75,14.4
Chilli,Red Soil,Flowering,19,23,81.0,0,4,0.8261,15.39
Chilli,Red Soil,Flowering,20,22,82.0,0,4,0.9091,16.4
Chilli,Red Soil,Flowering,21,21,83.0,0,4,1.0,17.43
Chilli,Red Soil,Flowering,22,20,84.0,0,4,1.1,18.48
Chilli,Red Soil,Flowering,23,19,85.0,0,4,1.2105,19.55
Chilli,Red Soil,Flowering,24,18,86.0,0,4,1.3333,20.64
Chilli,Red Soil,Flowering,25,17,87.0,0,4,1.4706,21.75
Chilli,Red Soil,Flowering,26,16,88.0,0,4,1.625,22.88
Chilli,Red Soil,Flowering,27,15,89.0,0,4,1.8,24.03
Chilli,Red Soil,Flowering,28,14,90.0,0,4,2.0,25.2
Chilli,Red Soil,Flowering,29,13,91.0,0,4,2.2308,26.39
Chilli,Red Soil,Flowering,30,24,80.0,0,4,1.25,24.0
Chilli,Red Soil,Flowering,31,24,80.0,0,4,1.2917,24.8
Chilli,Red Soil,Flowering,32,23,81.0,0,4,1.3913,25.92
Chilli,Red Soil,Flowering,33,22,82.0,0,4,1.5,27.06
Chilli,Red Soil,Flowering,34,21,83.0,0,4,1.619,28.22
Chilli,Red Soil,Flowering,35,20,84.0,0,4,1.75,29.4
Chilli,Red Soil,Flowering,36,19,85.0,0,4,1.8947,30.6
Chilli,Red Soil,Flowering,37,18,86.0,0,4,2.0556,31.82
Chilli,Red Soil,Flowering,38,17,87.0,0,4,2.2353,33.06
Chilli,Red Soil,Flowering,39,16,88.0,0,4,2.4375,34.32
Chilli,Red Soil,Flowering,40,15,89.0,0,4,2.6667,35.6
Chilli,Red Soil,Flowering,41,14,90.0,0,4,2.9286,36.9
Chilli,Red Soil,Flowering,42,13,91.0,0,4,3.2308,38.22
Chilli,Red Soil,Flowering,43,24,80.0,0,4,1.7917,34.4
Chilli,Red Soil,Flowering,44,23,81.0,0,4,1.913,35.64
Chilli,Red Soil,Flowering,45,22,82.0,0,4,2.0455,36.9
Chilli,Red Soil,Flowering,46,21,83.0,0,4,2.1905,38.18
Chilli,Red Soil,Flowering,47,20,84.0,0,4,2.35,39.48
Chilli,Red Soil,Flowering,48,19,85.0,0,4,2.5263,40.8
Chilli,Red Soil,Flowering,49,18,86.0,0,4,2.7222,42.14
Chilli,Red Soil,Flowering,50,17,87.0,0,4,2.9412,43.5
Chilli,Red Soil,Flowering,51,16,88.0,0,4,3.1875,44.88
Chilli,Red Soil,Flowering,52,15,89.0,0,4,3.4667,46.28
Chilli,Red Soil,Flowering,53,14,90.0,0,4,3.7857,47.7
Chilli,Red Soil,Flowering,54,13,91.0,0,4,4.1538,49.14
Chilli,Red Soil,Flowering,55,24,80.0,0,4,2.2917,44.0
Chilli,Red Soil,Flowering,56,23,81.0,0,4,2.4348,45.36
Chilli,Red Soil,Flowering,57,22,82.0,0,4,2.5909,46.74
Chilli,Red Soil,Flowering,58,21,83.0,0,4,2.7619,48.14
Chilli,Red Soil,Flowering,59,20,84.0,0,4,2.95,49.56
Chilli,Red Soil,Flowering,60,19,85.0,0,4,3.1579,51.0
Chilli,Red Soil,Flowering,61,18,86.0,0,4,3.3889,52.46
Chilli,Red Soil,Flowering,62,17,87.0,0,4,3.6471,53.94
Chilli,Red Soil,Flowering,63,16,88.0,0,4,3.9375,55.44
Chilli,Red Soil,Flowering,64,15,89.0,0,4,4.2667,56.96
Chilli,Red Soil,Flowering,65,14,90.0,0,4,4.6429,58.5
Chilli,Red Soil,Flowering,66,13,91.0,0,4,5.0769,60.06
Chilli,Red Soil,Flowering,67,24,80.0,0,4,2.7917,53.6
Chilli,Red Soil,Flowering,68,23,81.0,0,4,2.9565,55.08
Chilli,Red Soil,Flowering,69,22,82.0,0,4,3.1364,56.58
Chilli,Red Soil,Flowering,70,21,83.0,0,4,3.3333,58.1
Chilli,Red Soil,Flowering,71,20,84.0,0,4,3.55,59.64
Chilli,Red Soil,Flowering,72,19,85.0,0,4,3.7895,61.2
Chilli,Red Soil,Flowering,73,18,86.0,0,4,4.0556,62.78
Chilli,Red Soil,Flowering,74,17,87.0,0,4,4.3529,64.38
Chilli,Red Soil,Flowering,75,16,88.0,0,4,4.6875,66.0
Chilli,Red Soil,Flowering,76,15,89.0,0,4,5.0667,67.64
Chilli,Red Soil,Flowering,77,14,90.0,0,4,5.5,69.3
Chilli,Red Soil,Flowering,78,13,91.0,0,4,6.0,70.98
Chilli,Red Soil,Flowering,79,24,80.0,0,4,3.2917,63.2
Chilli,Sandy Soil,Germination,1,19,85.0,0,1,0.0526,0.85
Chilli,Sandy Soil,Germination,2,18,86.0,0,1,0.1111,1.72
Chilli,Sandy Soil,Germination,3,17,87.0,0,1,0.1765,2.61
Chilli,Sandy Soil,Germination,4,16,88.0,0,1,0.25,3.52
Chilli,Sandy Soil,Germination,5,15,89.0,0,1,0.3333,4.45
Chilli,Sandy Soil,Germination,6,14,90.0,0,1,0.4286,5.4
Chilli,Sandy Soil,Germination,7,13,91.0,0,1,0.5385,6.37
Chilli,Sandy Soil,Germination,8,24,80.0,0,1,0.3333,6.4
Chilli,Sandy Soil,Germination,9,23,81.0,0,1,0.3913,7.29
Chilli,Sandy Soil,Germination,10,22,82.0,0,1,0.4545,8.2
Chilli,Sandy Soil,Germination,11,21,83.0,0,1,0.5238,9.13
Chilli,Sandy Soil,Germination,12,20,84.0,0,1,0.6,10.08
Chilli,Sandy Soil,Germination,13,19,85.0,0,1,0.6842,11.05
Chilli,Sandy Soil,Germination,14,18,86.0,0,1,0.7778,12.04
Chilli,Sandy Soil,Germination,15,17,87.0,0,1,0.8824,13.05
Chilli,Sandy Soil,Germination,16,16,88.0,0,1,1.0,14.08
Chilli,Sandy Soil,Germination,17,15,89.0,0,1,1.1333,15.13
Chilli,Sandy Soil,Germination,18,14,90.0,0,1,1.2857,16.2
Chilli,Sandy Soil,Germination,19,13,91.0,0,1,1.4615,17.29
Chilli,Sandy Soil,Germination,20,24,80.0,0,1,0.8333,16.0
Chilli,Sandy Soil,Germination,21,23,81.0,0,1,0.913,17.01
Chilli,Sandy Soil,Germination,22,22,82.0,0,1,1.0,18.04
Chilli,Sandy Soil,Germination,23,21,83.0,0,1,1.0952,19.09
Chilli,Sandy Soil,Germination,24,20,84.0,0,1,1.2,20.16
Chilli,Sandy Soil,Germination,25,19,85.0,0,1,1.3158,21.25
Chilli,Sandy Soil,Germination,26,18,86.0,0,1,1.4444,22.36
Chilli,Sandy Soil,Germination,27,17,87.0,0,1,1.5882,23.49
Chilli,Sandy Soil,Germination,28,16,88.0,0,1,1.75,24.64
Chilli,Sandy Soil,Germination,29,15,89.0,0,1,1.9333,25.81
Chilli,Sandy Soil,Germination,30,14,90.0,0,1,2.1429,27.0
Chilli,Sandy Soil,Germination,31,24,80.0,0,1,1.2917,24.8
Chilli,Sandy Soil,Germination,32,23,81.0,0,1,1.3913,25.92
Chilli,Sandy Soil,Germination,33,22,82.0,0,1,1.5,27.06
Chilli,Sandy Soil,Germination,34,21,83.0,0,1,1.619,28.22
Chilli,Sandy Soil,Germination,35,20,84.0,0,1,1.75,29.4
Chilli,Sandy Soil,Germination,36,19,85.0,0,1,1.8947,30.6
Chilli,Sandy Soil,Germination,37,18,86.0,0,1,2.0556,31.82
Chilli,Sandy Soil,Germination,38,17,87.0,0,1,2.2353,33.06
Chilli,Sandy Soil,Germination,39,16,88.0,0,1,2.4375,34.32
Chilli,Sandy Soil,Germination,40,15,89.0,0,1,2.6667,35.6
Chilli,Sandy Soil,Germination,41,14,90.0,0,1,2.9286,36.9
Chilli,Sandy Soil,Germination,42,13,91.0,0,1,3.2308,38.22
Chilli,Sandy Soil,Germination,43,24,80.0,0,1,1.7917,34.4
Chilli,Sandy Soil,Germination,44,23,81.0,0,1,1.913,35.64
Chilli,Sandy Soil,Germination,45,22,82.0,0,1,2.0455,36.9
Chilli,Sandy Soil,Germination,46,21,83.0,0,1,2.1905,38.18
Chilli,Sandy Soil,Germination,47,20,84.0,0,1,2.35,39.48
Chilli,Sandy Soil,Germination,48,19,85.0,0,1,2.5263,40.8
Chilli,Sandy Soil,Germination,49,18,86.0,0,1,2.7222,42.14
Chilli,Sandy Soil,Germination,50,17,87.0,0,1,2.9412,43.5
Chilli,Sandy Soil,Germination,51,16,88.0,0,1,3.1875,44.88
Chilli,Sandy Soil,Germination,52,15,89.0,0,1,3.4667,46.28
Chilli,Sandy Soil,Germination,53,14,90.0,0,1,3.7857,47.7
Chilli,Sandy Soil,Germination,54,13,91.0,0,1,4.1538,49.14
Chilli,Sandy Soil,Germination,55,24,80.0,0,1,2.2917,44.0
Chilli,Sandy Soil,Germination,56,23,81.0,0,1,2.4348,45.36
Chilli,Sandy Soil,Germination,57,22,82.0,0,1,2.5909,46.74
Chilli,Sandy Soil,Germination,58,21,83.0,0,1,2.7619,48.14
Chilli,Sandy Soil,Germination,59,20,84.0,0,1,2.95,49.56
Chilli,Sandy Soil,Germination,60,19,85.0,0,1,3.1579,51.0
Chilli,Sandy Soil,Germination,61,18,86.0,0,1,3.3889,52.46
Chilli,Sandy Soil,Germination,62,17,87.0,0,1,3.6471,53.94
Chilli,Sandy Soil,Germination,63,16,88.0,0,1,3.9375,55.44
Chilli,Sandy Soil,Germination,64,15,89.0,0,1,4.2667,56.96
Chilli,Sandy Soil,Germination,65,14,90.0,0,1,4.6429,58.5
Chilli,Sandy Soil,Germination,66,13,91.0,0,1,5.0769,60.06
Chilli,Sandy Soil,Germination,67,24,80.0,0,1,2.7917,53.6
Chilli,Sandy Soil,Germination,68,23,81.0,0,1,2.9565,55.08
Chilli,Sandy Soil,Germination,69,22,82.0,0,1,3.1364,56.58
Chilli,Sandy Soil,Seedling Stage,1,19,85.0,0,2,0.0526,0.85
Chilli,Sandy Soil,Seedling Stage,2,18,86.0,0,2,0.1111,1.72
Chilli,Sandy Soil,Seedling Stage,3,17,87.0,0,2,0.1765,2.61
Chilli,Sandy Soil,Seedling Stage,4,16,88.0,0,2,0.25,3.52
Chilli,Sandy Soil,Seedling Stage,5,15,89.0,0,2,0.3333,4.45
Chilli,Sandy Soil,Seedling Stage,6,14,90.0,0,2,0.4286,5.4
Chilli,Sandy Soil,Seedling Stage,7,13,91.0,0,2,0.5385,6.37
Chilli,Sandy Soil,Seedling Stage,8,24,80.0,0,2,0.3333,6.4
Chilli,Sandy Soil,Seedling Stage,9,23,81.0,0,2,0.3913,7.29
Chilli,Sandy Soil,Seedling Stage,10,22,82.0,0,2,0.4545,8.2
Chilli,Sandy Soil,Seedling Stage,11,21,83.0,0,2,0.5238,9.13
Chilli,Sandy Soil,Seedling Stage,12,20,84.0,0,2,0.6,10.08
Chilli,Sandy Soil,Seedling Stage,13,19,85.0,0,2,0.6842,11.05
Chilli,Sandy Soil,Seedling Stage,14,18,86.0,0,2,0.7778,12.04
Chilli,Sandy Soil,Seedling Stage,15,17,87.0,0,2,0.8824,13.05
Chilli,Sandy Soil,Seedling Stage,16,16,88.0,0,2,1.0,14.08
Chilli,Sandy Soil,Seedling Stage,17,15,89.0,0,2,1.1333,15.13
Chilli,Sandy Soil,Seedling Stage,18,14,90.0,0,2,1.2857,16.2
Chilli,Sandy Soil,Seedling Stage,19,13,91.0,0,2,1.4615,17.29
Chilli,Sandy Soil,Seedling Stage,20,24,80.0,0,2,0.8333,16.0
Chilli,Sandy Soil,Seedling Stage,21,23,81.0,0,2,0.913,17.01
Chilli,Sandy Soil,Seedling Stage,22,22,82.0,0,2,1.0,18.04
Chilli,Sandy Soil,Seedling Stage,23,21,83.0,0,2,1.0952,19.09
Chilli,Sandy Soil,Seedling Stage,24,20,84.0,0,2,1.2,20.16
Chilli,Sandy Soil,Seedling Stage,25,19,85.0,0,2,1.3158,21.25
Chilli,Sandy Soil,Seedling Stage,26,18,86.0,0,2,1.4444,22.36
Chilli,Sandy Soil,Seedling Stage,27,17,87.0,0,2,1.5882,23.49
Chilli,Sandy Soil,Seedling Stage,28,16,88.0,0,2,1.75,24.64
Chilli,Sandy Soil,Seedling Stage,29,15,89.0,0,2,1.9333,25.81
Chilli,Sandy Soil,Seedling Stage,30,14,90.0,0,2,2.1429,27.0
Chilli,Sandy Soil,Seedling Stage,31,24,80.0,0,2,1.2917,24.8
Chilli,Sandy Soil,Seedling Stage,32,23,81.0,0,2,1.3913,25.92
Chilli,Sandy Soil,Seedling Stage,33,22,82.0,0,2,1.5,27.06
Chilli,Sandy Soil,Seedling Stage,34,21,83.0,0,2,1.619,28.22
Chilli,Sandy Soil,Seedling Stage,35,20,84.0,0,2,1.75,29.4
Chilli,Sandy Soil,Seedling Stage,36,19,85.0,0,2,1.8947,30.6
Chilli,Sandy Soil,Seedling Stage,37,18,86.0,0,2,2.0556,31.82
Chilli,Sandy Soil,Seedling Stage,38,17,87.0,0,2,2.2353,33.06
Chilli,Sandy Soil,Seedling Stage,39,16,88.0,0,2,2.4375,34.32
Chilli,Sandy Soil,Seedling Stage,40,15,89.0,0,2,2.6667,35.6
Chilli,Sandy Soil,Seedling Stage,41,14,90.0,0,2,2.9286,36.9
Chilli,Sandy Soil,Seedling Stage,42,13,91.0,0,2,3.2308,38.22
Chilli,Sandy Soil,Seedling Stage,43,24,80.0,0,2,1.7917,34.4
Chilli,Sandy Soil,Seedling Stage,44,23,81.0,0,2,1.913,35.64
Chilli,Sandy Soil,Seedling Stage,45,22,82.0,0,2,2.0455,36.9
Chilli,Sandy Soil,Seedling Stage,46,21,83.0,0,2,2.1905,38.18
Chilli,Sandy Soil,Seedling Stage,47,20,84.0,0,2,2.35,39.48
Chilli,Sandy Soil,Seedling Stage,48,19,85.0,0,2,2.5263,40.8
Chilli,Sandy Soil,Seedling Stage,49,18,86.0,0,2,2.7222,42.14
Chilli,Sandy Soil,Seedling Stage,50,17,87.0,0,2,2.9412,43.5
Chilli,Sandy Soil,Seedling Stage,51,16,88.0,0,2,3.1875,44.88
Chilli,Sandy Soil,Seedling Stage,52,15,89.0,0,2,3.4667,46.28
Chilli,Sandy Soil,Seedling Stage,53,14,90.0,0,2,3.7857,47.7
Chilli,Sandy Soil,Seedling Stage,54,13,91.0,0,2,4.1538,49.14
Chilli,Sandy Soil,Seedling Stage,55,24,80.0,0,2,2.2917,44.0
Chilli,Sandy Soil,Seedling Stage,56,23,81.0,0,2,2.4348,45.36
Chilli,Sandy Soil,Seedling Stage,57,22,82.0,0,2,2.5909,46.74
Chilli,Sandy Soil,Seedling Stage,58,21,83.0,0,2,2.7619,48.14
Chilli,Sandy Soil,Seedling Stage,59,20,84.0,0,2,2.95,49.56
Chilli,Sandy Soil,Seedling Stage,60,19,85.0,0,2,3.1579,51.0
Chilli,Sandy Soil,Seedling Stage,61,18,86.0,0,2,3.3889,52.46
Chilli,Sandy Soil,Seedling Stage,62,17,87.0,0,2,3.6471,53.94
Chilli,Sandy Soil,Seedling Stage,63,16,88.0,0,2,3.9375,55.44
Chilli,Sandy Soil,Seedling Stage,64,15,89.0,0,2,4.2667,56.96
Chilli,Sandy Soil,Seedling Stage,65,14,90.0,0,2,4.6429,58.5
Chilli,Sandy Soil,Seedling Stage,66,13,91.0,0,2,5.0769,60.06
Chilli,Sandy Soil,Seedling Stage,67,24,80.0,0,2,2.7917,53.6
Chilli,Sandy Soil,Seedling Stage,68,23,81.0,0,2,2.9565,55.08
Chilli,Sandy Soil,Seedling Stage,69,22,82.0,0,2,3.1364,56.58
Chilli,Sandy Soil,Vegetative Growth / Root or Tuber Development,1,17,87.0,0,3,0.0588,0.87
Chilli,Sandy Soil,Vegetative Growth / Root or Tuber Development,2,16,88.0,0,3,0.125,1.76
Chilli,Sandy Soil,Vegetative Growth / Root or Tuber Development,3,15,89.0,0,3,0.2,2.67
Chilli,Sandy Soil,Vegetative Growth / Root or Tuber Development,4,14,90.0,0,3,0.2857,3.6
Chilli,Sandy Soil,Vegetative Growth / Root or Tuber Development,5,13,91.0,0,3,0.3846,4.55
Chilli,Sandy Soil,Vegetative Growth / Root or Tuber Development,6,24,80.0,0,3,0.25,4.8
Chilli,Sandy Soil,Vegetative Growth / Root or Tuber Development,7,23,81.0,0,3,0.3043,5.67
Chilli,Sandy Soil,Vegetative Growth / Root or Tuber Development,8,22,82.0,0,3,0.3636,6.56
Chilli,Sandy Soil,Vegetative Growth / Root or Tuber Development,9,21,83.0,0,3,0.4286,7.47
Chilli,Sandy Soil,Vegetative Growth / Root or Tuber Development,10,20,84.0,0,3,0.5,8.4
Chilli,Sandy Soil,Vegetative Growth / Root or Tuber Development,11,19,85.0,0,3,0.5789,9.35
Chilli,Sandy Soil,Vegetative Growth / Root or Tuber Development,12,18,86.0,0,3,0.6667,10.32
Chilli,Sandy Soil,Vegetative Growth / Root or Tuber Development,13,17,87.0,0,3,0.7647,11.31
Chilli,Sandy Soil,Vegetative Growth / Root or Tuber Development,14,16,88.0,0,3,0.875,12.32
Chilli,Sandy Soil,Vegetative Growth / Root or Tuber Development,15,15,89.0,0,3,1.0,13.35
Chilli,Sandy Soil,Vegetative Growth / Root or Tuber Development,16,14,90.0,0,3,1.1429,14.4
Chilli,Sandy Soil,Vegetative Growth / Root or Tuber Development,17,13,91.0,0,3,1.3077,15.47
Chilli,Sandy Soil,Vegetative Growth / Root or Tuber Development,18,24,80.0,0,3,0.75,14.4
Chilli,Sandy Soil,Vegetative Growth / Root or Tuber Development,19,23,81.0,0,3,0.8261,15.39
Chilli,Sandy Soil,Vegetative Growth / Root or Tuber Development,20,22,82.0,0,3,0.9091,16.4
Chilli,Sandy Soil,Vegetative Growth / Root or Tuber Development,21,21,83.0,0,3,1.0,17.43
Chilli,Sandy Soil,Vegetative Growth / Root or Tuber Development,22,20,84.0,0,3,1.1,18.48
Chilli,Sandy Soil,Vegetative Growth / Root or Tuber Development,23,19,85.0,0,3,1.2105,19.55
Chilli,Sandy Soil,Vegetative Growth / Root or Tuber Development,24,18,86.0,0,3,1.3333,20.64
Chilli,Sandy Soil,Vegetative Growth / Root or Tuber Development,25,17,87.0,0,3,1.4706,21.75
Chilli,Sandy Soil,Vegetative Growth / Root or Tuber Development,26,16,88.0,0,3,1.625,22.88
Chilli,Sandy Soil,Vegetative Growth / Root or Tuber Development,27,15,89.0,0,3,1.8,24.03
Chilli,Sandy Soil,Vegetative Growth / Root or Tuber Development,28,14,90.0,0,3,2.0,25.2
Chilli,Sandy Soil,Vegetative Growth / Root or Tuber Development,29,13,91.0,0,3,2.2308,26.39
Chilli,Sandy Soil,Vegetative Growth / Root or Tuber Development,30,24,80.0,0,3,1.25,24.0
Chilli,Sandy Soil,Vegetative Growth / Root or Tuber Development,31,24,80.0,0,3,1.2917,24.8
Chilli,Sandy Soil,Vegetative Growth / Root or Tuber Development,32,23,81.0,0,3,1.3913,25.92
Chilli,Sandy Soil,Vegetative Growth / Root or Tuber Development,33,22,82.0,0,3,1.5,27.06
Chilli,Sandy Soil,Vegetative Growth / Root or Tuber Development,34,21,83.0,0,3,1.619,28.22
Chilli,Sandy Soil,Vegetative Growth / Root or Tuber Development,35,20,84.0,0,3,1.75,29.4
Chilli,Sandy Soil,Vegetative Growth / Root or Tuber Development,36,19,85.0,0,3,1.8947,30.6
Chilli,Sandy Soil,Vegetative Growth / Root or Tuber Development,37,18,86.0,0,3,2.0556,31.82
Chilli,Sandy Soil,Vegetative Growth / Root or Tuber Development,38,17,87.0,0,3,2.2353,33.06
Chilli,Sandy Soil,Vegetative Growth / Root or Tuber Development,39,16,88.0,0,3,2.4375,34.32
Chilli,Sandy Soil,Vegetative Growth / Root or Tuber Development,40,15,89.0,0,3,2.6667,35.6
Chilli,Sandy Soil,Vegetative Growth / Root or Tuber Development,41,14,90.0,0,3,2.9286,36.9
Chilli,Sandy Soil,Vegetative Growth / Root or Tuber Development,42,13,91.0,0,3,3.2308,38.22
Chilli,Sandy Soil,Vegetative Growth / Root or Tuber Development,43,24,80.0,0,3,1.7917,34.4
Chilli,Sandy Soil,Vegetative Growth / Root or Tuber Development,44,23,81.0,0,3,1.913,35.64
Chilli,Sandy Soil,Vegetative Growth / Root or Tuber Development,45,22,82.0,0,3,2.0455,36.9
Chilli,Sandy Soil,Vegetative Growth / Root or Tuber Development,46,21,83.0,0,3,2.1905,38.18
Chilli,Sandy Soil,Vegetative Growth / Root or Tuber Development,47,20,84.0,0,3,2.35,39.48
Chilli,Sandy Soil,Vegetative Growth / Root or Tuber Development,48,19,85.0,0,3,2.5263,40.8
Chilli,Sandy Soil,Vegetative Growth / Root or Tuber Development,49,18,86.0,0,3,2.7222,42.14
Chilli,Sandy Soil,Vegetative Growth / Root or Tuber Development,50,17,87.0,0,3,2.9412,43.5
Chilli,Sandy Soil,Vegetative Growth / Root or Tuber Development,51,16,88.0,0,3,3.1875,44.88
Chilli,Sandy Soil,Vegetative Growth / Root or Tuber Development,52,15,89.0,0,3,3.4667,46.28
Chilli,Sandy Soil,Vegetative Growth / Root or Tuber Development,53,14,90.0,0,3,3.7857,47.7
Chilli,Sandy Soil,Vegetative Growth / Root or Tuber Development,54,13,91.0,0,3,4.1538,49.14
Chilli,Sandy Soil,Vegetative Growth / Root or Tuber Development,55,24,80.0,0,3,2.2917,44.0
Chilli,Sandy Soil,Vegetative Growth / Root or Tuber Development,56,23,81.0,0,3,2.4348,45.36
Chilli,Sandy Soil,Vegetative Growth / Root or Tuber Development,57,22,82.0,0,3,2.5909,46.74
Chilli,Sandy Soil,Vegetative Growth / Root or Tuber Development,58,21,83.0,0,3,2.7619,48.14
Chilli,Sandy Soil,Vegetative Growth / Root or Tuber Development,59,20,84.0,0,3,2.95,49.56
Chilli,Sandy Soil,Vegetative Growth / Root or Tuber Development,60,19,85.0,0,3,3.1579,51.0
Chilli,Sandy Soil,Vegetative Growth / Root or Tuber Development,61,18,86.0,0,3,3.3889,52.46
Chilli,Sandy Soil,Vegetative Growth / Root or Tuber Development,62,17,87.0,0,3,3.6471,53.94
Chilli,Sandy Soil,Vegetative Growth / Root or Tuber Development,63,16,88.0,0,3,3.9375,55.44
Chilli,Sandy Soil,Vegetative Growth / Root or Tuber Development,64,15,89.0,0,3,4.2667,56.96
Chilli,Sandy Soil,Vegetative Growth / Root or Tuber Development,65,14,90.0,0,3,4.6429,58.5
Chilli,Sandy Soil,Vegetative Growth / Root or Tuber Development,66,13,91.0,0,3,5.0769,60.06
Chilli,Sandy Soil,Vegetative Growth / Root or Tuber Development,67,24,80.0,0,3,2.7917,53.6
Chilli,Sandy Soil,Vegetative Growth / Root or Tuber Development,68,23,81.0,0,3,2.9565,55.08
Chilli,Sandy Soil,Vegetative Growth / Root or Tuber Development,69,22,82.0,0,3,3.1364,56.58
Chilli,Sandy Soil,Vegetative Growth / Root or Tuber Development,70,21,83.0,0,3,3.3333,58.1
Chilli,Sandy Soil,Vegetative Growth / Root or Tuber Development,71,20,84.0,0,3,3.55,59.64
Chilli,Sandy Soil,Vegetative Growth / Root or Tuber Development,72,19,85.0,0,3,3.7895,61.2
Chilli,Sandy Soil,Vegetative Growth / Root or Tuber Development,73,18,86.0,0,3,4.0556,62.78
Chilli,Sandy Soil,Vegetative Growth / Root or Tuber Development,74,17,87.0,0,3,4.3529,64.38
Chilli,Sandy Soil,Vegetative Growth / Root or Tuber Development,75,16,88.0,0,3,4.6875,66.0
Chilli,Sandy Soil,Vegetative Growth / Root or Tuber Development,76,15,89.0,0,3,5.0667,67.64
Chilli,Sandy Soil,Vegetative Growth / Root or Tuber Development,77,14,90.0,0,3,5.5,69.3
Chilli,Sandy Soil,Vegetative Growth / Root or Tuber Development,78,13,91.0,0,3,6.0,70.98
Chilli,Sandy Soil,Vegetative Growth / Root or Tuber Development,79,24,80.0,0,3,3.2917,63.2
Chilli,Sandy Soil,Flowering,1,17,87.0,0,4,0.0588,0.87
Chilli,Sandy Soil,Flowering,2,16,88.0,0,4,0.125,1.76
Chilli,Sandy Soil,Flowering,3,15,89.0,0,4,0.2,2.67
Chilli,Sandy Soil,Flowering,4,14,90.0,0,4,0.2857,3.6
Chilli,Sandy Soil,Flowering,5,13,91.0,0,4,0.3846,4.55
Chilli,Sandy Soil,Flowering,6,24,80.0,0,4,0.25,4.8
Chilli,Sandy Soil,Flowering,7,23,81.0,0,4,0.3043,5.67
Chilli,Sandy Soil,Flowering,8,22,82.0,0,4,0.3636,6.56
Chilli,Sandy Soil,Flowering,9,21,83.0,0,4,0.4286,7.47
Chilli,Sandy Soil,Flowering,10,20,84.0,0,4,0.5,8.4
Chilli,Sandy Soil,Flowering,11,19,85.0,0,4,0.5789,9.35
Chilli,Sandy Soil,Flowering,12,18,86.0,0,4,0.6667,10.32
Chilli,Sandy Soil,Flowering,13,17,87.0,0,4,0.7647,11.31
Chilli,Sandy Soil,Flowering,14,16,88.0,0,4,0.875,12.32
Chilli,Sandy Soil,Flowering,15,15,89.0,0,4,1.0,13.35
Chilli,Sandy Soil,Flowering,16,14,90.0,0,4,1.1429,14.4
Chilli,Sandy Soil,Flowering,17,13,91.0,0,4,1.3077,15.47
Chilli,Sandy Soil,Flowering,18,24,80.0,0,4,0.75,14.4
Chilli,Sandy Soil,Flowering,19,23,81.0,0,4,0.8261,15.39
Chilli,Sandy Soil,Flowering,20,22,82.0,0,4,0.9091,16.4
Chilli,Sandy Soil,Flowering,21,21,83.0,0,4,1.0,17.43
Chilli,Sandy Soil,Flowering,22,20,84.0,0,4,1.1,18.48
Chilli,Sandy Soil,Flowering,23,19,85.0,0,4,1.2105,19.55
Chilli,Sandy Soil,Flowering,24,18,86.0,0,4,1.3333,20.64
Chilli,Sandy Soil,Flowering,25,17,87.0,0,4,1.4706,21.75
Chilli,Sandy Soil,Flowering,26,16,88.0,0,4,1.625,22.88
Chilli,Sandy Soil,Flowering,27,15,89.0,0,4,1.8,24.03
Chilli,Sandy Soil,Flowering,28,14,90.0,0,4,2.0,25.2
Chilli,Sandy Soil,Flowering,29,13,91.0,0,4,2.2308,26.39
Chilli,Sandy Soil,Flowering,30,24,80.0,0,4,1.25,24.0
Chilli,Sandy Soil,Flowering,31,24,80.0,0,4,1.2917,24.8
Chilli,Sandy Soil,Flowering,32,23,81.0,0,4,1.3913,25.92
Chilli,Sandy Soil,Flowering,33,22,82.0,0,4,1.5,27.06
Chilli,Sandy Soil,Flowering,34,21,83.0,0,4,1.619,28.22
Chilli,Sandy Soil,Flowering,35,20,84.0,0,4,1.75,29.4
Chilli,Sandy Soil,Flowering,36,19,85.0,0,4,1.8947,30.6
Chilli,Sandy Soil,Flowering,37,18,86.0,0,4,2.0556,31.82
Chilli,Sandy Soil,Flowering,38,17,87.0,0,4,2.2353,33.06
Chilli,Sandy Soil,Flowering,39,16,88.0,0,4,2.4375,34.32
Chilli,Sandy Soil,Flowering,40,15,89.0,0,4,2.6667,35.6
Chilli,Sandy Soil,Flowering,41,14,90.0,0,4,2.9286,36.9
Chilli,Sandy Soil,Flowering,42,13,91.0,0,4,3.2308,38.22
Chilli,Sandy Soil,Flowering,43,24,80.0,0,4,1.7917,34.4
Chilli,Sandy Soil,Flowering,44,23,81.0,0,4,1.913,35.64
Chilli,Sandy Soil,Flowering,45,22,82.0,0,4,2.0455,36.9
Chilli,Sandy Soil,Flowering,46,21,83.0,0,4,2.1905,38.18
Chilli,Sandy Soil,Flowering,47,20,84.0,0,4,2.35,39.48
Chilli,Sandy Soil,Flowering,48,19,85.0,0,4,2.5263,40.8
Chilli,Sandy Soil,Flowering,49,18,86.0,0,4,2.7222,42.14
Chilli,Sandy Soil,Flowering,50,17,87.0,0,4,2.9412,43.5
Chilli,Sandy Soil,Flowering,51,16,88.0,0,4,3.1875,44.88
Chilli,Sandy Soil,Flowering,52,15,89.0,0,4,3.4667,46.28
Chilli,Sandy Soil,Flowering,53,14,90.0,0,4,3.7857,47.7
Chilli,Sandy Soil,Flowering,54,13,91.0,0,4,4.1538,49.14
Chilli,Sandy Soil,Flowering,55,24,80.0,0,4,2.2917,44.0
Chilli,Sandy Soil,Flowering,56,23,81.0,0,4,2.4348,45.36
Chilli,Sandy Soil,Flowering,57,22,82.0,0,4,2.5909,46.74
Chilli,Sandy Soil,Flowering,58,21,83.0,0,4,2.7619,48.14
Chilli,Sandy Soil,Flowering,59,20,84.0,0,4,2.95,49.56
Chilli,Sandy Soil,Flowering,60,19,85.0,0,4,3.1579,51.0
Chilli,Sandy Soil,Flowering,61,18,86.0,0,4,3.3889,52.46
Chilli,Sandy Soil,Flowering,62,17,87.0,0,4,3.6471,53.94
Chilli,Sandy Soil,Flowering,63,16,88.0,0,4,3.9375,55.44
Chilli,Sandy Soil,Flowering,64,15,89.0,0,4,4.2667,56.96
Chilli,Sandy Soil,Flowering,65,14,90.0,0,4,4.6429,58.5
Chilli,Sandy Soil,Flowering,66,13,91.0,0,4,5.0769,60.06
Chilli,Sandy Soil,Flowering,67,24,80.0,0,4,2.7917,53.6
Chilli,Sandy Soil,Flowering,68,23,81.0,0,4,2.9565,55.08
Chilli,Sandy Soil,Flowering,69,22,82.0,0,4,3.1364,56.58
Chilli,Sandy Soil,Flowering,70,21,83.0,0,4,3.3333,58.1
Chilli,Sandy Soil,Flowering,71,20,84.0,0,4,3.55,59.64
Chilli,Sandy Soil,Flowering,72,19,85.0,0,4,3.7895,61.2
Chilli,Sandy Soil,Flowering,73,18,86.0,0,4,4.0556,62.78
Chilli,Sandy Soil,Flowering,74,17,87.0,0,4,4.3529,64.38
Chilli,Sandy Soil,Flowering,75,16,88.0,0,4,4.6875,66.0
Chilli,Sandy Soil,Flowering,76,15,89.0,0,4,5.0667,67.64
Chilli,Sandy Soil,Flowering,77,14,90.0,0,4,5.5,69.3
Chilli,Sandy Soil,Flowering,78,13,91.0,0,4,6.0,70.98
Chilli,Sandy Soil,Flowering,79,24,80.0,0,4,3.2917,63.2
Chilli,Chalky Soil,Germination,1,19,85.0,0,1,0.0526,0.85
Chilli,Chalky Soil,Germination,2,18,86.0,0,1,0.1111,1.72
Chilli,Chalky Soil,Germination,3,17,87.0,0,1,0.1765,2.61
Chilli,Chalky Soil,Germination,4,16,88.0,0,1,0.25,3.52
Chilli,Chalky Soil,Germination,5,15,89.0,0,1,0.3333,4.45
Chilli,Chalky Soil,Germination,6,14,90.0,0,1,0.4286,5.4
Chilli,Chalky Soil,Germination,7,13,91.0,0,1,0.5385,6.37
Chilli,Chalky Soil,Germination,8,24,80.0,0,1,0.3333,6.4
Chilli,Chalky Soil,Germination,9,23,81.0,0,1,0.3913,7.29
Chilli,Chalky Soil,Germination,10,22,82.0,0,1,0.4545,8.2
Chilli,Chalky Soil,Germination,11,21,83.0,0,1,0.5238,9.13
Chilli,Chalky Soil,Germination,12,20,84.0,0,1,0.6,10.08
Chilli,Chalky Soil,Germination,13,19,85.0,0,1,0.6842,11.05
Chilli,Chalky Soil,Germination,14,18,86.0,0,1,0.7778,12.04
Chilli,Chalky Soil,Germination,15,17,87.0,0,1,0.8824,13.05
Chilli,Chalky Soil,Germination,16,16,88.0,0,1,1.0,14.08
Chilli,Chalky Soil,Germination,17,15,89.0,0,1,1.1333,15.13
Chilli,Chalky Soil,Germination,18,14,90.0,0,1,1.2857,16.2
Chilli,Chalky Soil,Germination,19,13,91.0,0,1,1.4615,17.29
Chilli,Chalky Soil,Germination,20,24,80.0,0,1,0.8333,16.0
Chilli,Chalky Soil,Germination,21,23,81.0,0,1,0.913,17.01
Chilli,Chalky Soil,Germination,22,22,82.0,0,1,1.0,18.04
Chilli,Chalky Soil,Germination,23,21,83.0,0,1,1.0952,19.09
Chilli,Chalky Soil,Germination,24,20,84.0,0,1,1.2,20.16
Chilli,Chalky Soil,Germination,25,19,85.0,0,1,1.3158,21.25
Chilli,Chalky Soil,Germination,26,18,86.0,0,1,1.4444,22.36
Chilli,Chalky Soil,Germination,27,17,87.0,0,1,1.5882,23.49
Chilli,Chalky Soil,Germination,28,16,88.0,0,1,1.75,24.64
Chilli,Chalky Soil,Germination,29,15,89.0,0,1,1.9333,25.81
Chilli,Chalky Soil,Germination,30,14,90.0,0,1,2.1429,27.0
Chilli,Chalky Soil,Germination,31,24,80.0,0,1,1.2917,24.8
Chilli,Chalky Soil,Germination,32,23,81.0,0,1,1.3913,25.92
Chilli,Chalky Soil,Germination,33,22,82.0,0,1,1.5,27.06
Chilli,Chalky Soil,Germination,34,21,83.0,0,1,1.619,28.22
Chilli,Chalky Soil,Germination,35,20,84.0,0,1,1.75,29.4
Chilli,Chalky Soil,Germination,36,19,85.0,0,1,1.8947,30.6
Chilli,Chalky Soil,Germination,37,18,86.0,0,1,2.0556,31.82
Chilli,Chalky Soil,Germination,38,17,87.0,0,1,2.2353,33.06
Chilli,Chalky Soil,Germination,39,16,88.0,0,1,2.4375,34.32
Chilli,Chalky Soil,Germination,40,15,89.0,0,1,2.6667,35.6
Chilli,Chalky Soil,Germination,41,14,90.0,0,1,2.9286,36.9
Chilli,Chalky Soil,Germination,42,13,91.0,0,1,3.2308,38.22
Chilli,Chalky Soil,Germination,43,24,80.0,0,1,1.7917,34.4
Chilli,Chalky Soil,Germination,44,23,81.0,0,1,1.913,35.64
Chilli,Chalky Soil,Germination,45,22,82.0,0,1,2.0455,36.9
Chilli,Chalky Soil,Germination,46,21,83.0,0,1,2.1905,38.18
Chilli,Chalky Soil,Germination,47,20,84.0,0,1,2.35,39.48
Chilli,Chalky Soil,Germination,48,19,85.0,0,1,2.5263,40.8
Chilli,Chalky Soil,Germination,49,18,86.0,0,1,2.7222,42.14
Chilli,Chalky Soil,Germination,50,17,87.0,0,1,2.9412,43.5
Chilli,Chalky Soil,Germination,51,16,88.0,0,1,3.1875,44.88
Chilli,Chalky Soil,Germination,52,15,89.0,0,1,3.4667,46.28
Chilli,Chalky Soil,Germination,53,14,90.0,0,1,3.7857,47.7
Chilli,Chalky Soil,Germination,54,13,91.0,0,1,4.1538,49.14
Chilli,Chalky Soil,Germination,55,24,80.0,0,1,2.2917,44.0
Chilli,Chalky Soil,Germination,56,23,81.0,0,1,2.4348,45.36
Chilli,Chalky Soil,Germination,57,22,82.0,0,1,2.5909,46.74
Chilli,Chalky Soil,Germination,58,21,83.0,0,1,2.7619,48.14
Chilli,Chalky Soil,Germination,59,20,84.0,0,1,2.95,49.56
Chilli,Chalky Soil,Germination,60,19,85.0,0,1,3.1579,51.0
Chilli,Chalky Soil,Germination,61,18,86.0,0,1,3.3889,52.46
Chilli,Chalky Soil,Germination,62,17,87.0,0,1,3.6471,53.94
Chilli,Chalky Soil,Germination,63,16,88.0,0,1,3.9375,55.44
Chilli,Chalky Soil,Germination,64,15,89.0,0,1,4.2667,56.96
Chilli,Chalky Soil,Germination,65,14,90.0,0,1,4.6429,58.5
Chilli,Chalky Soil,Germination,66,13,91.0,0,1,5.0769,60.06
Chilli,Chalky Soil,Germination,67,24,80.0,0,1,2.7917,53.6
Chilli,Chalky Soil,Germination,68,23,81.0,0,1,2.9565,55.08
Chilli,Chalky Soil,Germination,69,22,82.0,0,1,3.1364,56.58
Chilli,Chalky Soil,Seedling Stage,1,19,85.0,0,2,0.0526,0.85
Chilli,Chalky Soil,Seedling Stage,2,18,86.0,0,2,0.1111,1.72
Chilli,Chalky Soil,Seedling Stage,3,17,87.0,0,2,0.1765,2.61
Chilli,Chalky Soil,Seedling Stage,4,16,88.0,0,2,0.25,3.52
Chilli,Chalky Soil,Seedling Stage,5,15,89.0,0,2,0.3333,4.45
Chilli,Chalky Soil,Seedling Stage,6,14,90.0,0,2,0.4286,5.4
Chilli,Chalky Soil,Seedling Stage,7,13,91.0,0,2,0.5385,6.37
Chilli,Chalky Soil,Seedling Stage,8,24,80.0,0,2,0.3333,6.4
Chilli,Chalky Soil,Seedling Stage,9,23,81.0,0,2,0.3913,7.29
Chilli,Chalky Soil,Seedling Stage,10,22,82.0,0,2,0.4545,8.2
Chilli,Chalky Soil,Seedling Stage,11,21,83.0,0,2,0.5238,9.13
Chilli,Chalky Soil,Seedling Stage,12,20,84.0,0,2,0.6,10.08
Chilli,Chalky Soil,Seedling Stage,13,19,85.0,0,2,0.6842,11.05
Chilli,Chalky Soil,Seedling Stage,14,18,86.0,0,2,0.7778,12.04
Chilli,Chalky Soil,Seedling Stage,15,17,87.0,0,2,0.8824,13.05
Chilli,Chalky Soil,Seedling Stage,16,16,88.0,0,2,1.0,14.08
Chilli,Chalky Soil,Seedling Stage,17,15,89.0,0,2,1.1333,15.13
Chilli,Chalky Soil,Seedling Stage,18,14,90.0,0,2,1.2857,16.2
Chilli,Chalky Soil,Seedling Stage,19,13,91.0,0,2,1.4615,17.29
Chilli,Chalky Soil,Seedling Stage,20,24,80.0,0,2,0.8333,16.0
Chilli,Chalky Soil,Seedling Stage,21,23,81.0,0,2,0.913,17.01
Chilli,Chalky Soil,Seedling Stage,22,22,82.0,0,2,1.0,18.04
Chilli,Chalky Soil,Seedling Stage,23,21,83.0,0,2,1.0952,19.09
Chilli,Chalky Soil,Seedling Stage,24,20,84.0,0,2,1.2,20.16
Chilli,Chalky Soil,Seedling Stage,25,19,85.0,0,2,1.3158,21.25
Chilli,Chalky Soil,Seedling Stage,26,18,86.0,0,2,1.4444,22.36
Chilli,Chalky Soil,Seedling Stage,27,17,87.0,0,2,1.5882,23.49
Chilli,Chalky Soil,Seedling Stage,28,16,88.0,0,2,1.75,24.64
Chilli,Chalky Soil,Seedling Stage,29,15,89.0,0,2,1.9333,25.81
Chilli,Chalky Soil,Seedling Stage,30,14,90.0,0,2,2.1429,27.0
Chilli,Chalky Soil,Seedling Stage,31,24,80.0,0,2,1.2917,24.8
Chilli,Chalky Soil,Seedling Stage,32,23,81.0,0,2,1.3913,25.92
Chilli,Chalky Soil,Seedling Stage,33,22,82.0,0,2,1.5,27.06
Chilli,Chalky Soil,Seedling Stage,34,21,83.0,0,2,1.619,28.22
Chilli,Chalky Soil,Seedling Stage,35,20,84.0,0,2,1.75,29.4
Chilli,Chalky Soil,Seedling Stage,36,19,85.0,0,2,1.8947,30.6
Chilli,Chalky Soil,Seedling Stage,37,18,86.0,0,2,2.0556,31.82
Chilli,Chalky Soil,Seedling Stage,38,17,87.0,0,2,2.2353,33.06
Chilli,Chalky Soil,Seedling Stage,39,16,88.0,0,2,2.4375,34.32
Chilli,Chalky Soil,Seedling Stage,40,15,89.0,0,2,2.6667,35.6
Chilli,Chalky Soil,Seedling Stage,41,14,90.0,0,2,2.9286,36.9
Chilli,Chalky Soil,Seedling Stage,42,13,91.0,0,2,3.2308,38.22
Chilli,Chalky Soil,Seedling Stage,43,24,80.0,0,2,1.7917,34.4
Chilli,Chalky Soil,Seedling Stage,44,23,81.0,0,2,1.913,35.64
Chilli,Chalky Soil,Seedling Stage,45,22,82.0,0,2,2.0455,36.9
Chilli,Chalky Soil,Seedling Stage,46,21,83.0,0,2,2.1905,38.18
Chilli,Chalky Soil,Seedling Stage,47,20,84.0,0,2,2.35,39.48
Chilli,Chalky Soil,Seedling Stage,48,19,85.0,0,2,2.5263,40.8
Chilli,Chalky Soil,Seedling Stage,49,18,86.0,0,2,2.7222,42.14
Chilli,Chalky Soil,Seedling Stage,50,17,87.0,0,2,2.9412,43.5
Chilli,Chalky Soil,Seedling Stage,51,16,88.0,0,2,3.1875,44.88
Chilli,Chalky Soil,Seedling Stage,52,15,89.0,0,2,3.4667,46.28
Chilli,Chalky Soil,Seedling Stage,53,14,90.0,0,2,3.7857,47.7
Chilli,Chalky Soil,Seedling Stage,54,13,91.0,0,2,4.1538,49.14
Chilli,Chalky Soil,Seedling Stage,55,24,80.0,0,2,2.2917,44.0
Chilli,Chalky Soil,Seedling Stage,56,23,81.0,0,2,2.4348,45.36
Chilli,Chalky Soil,Seedling Stage,57,22,82.0,0,2,2.5909,46.74
Chilli,Chalky Soil,Seedling Stage,58,21,83.0,0,2,2.7619,48.14
Chilli,Chalky Soil,Seedling Stage,59,20,84.0,0,2,2.95,49.56
Chilli,Chalky Soil,Seedling Stage,60,19,85.0,0,2,3.1579,51.0
Chilli,Chalky Soil,Seedling Stage,61,18,86.0,0,2,3.3889,52.46
Chilli,Chalky Soil,Seedling Stage,62,17,87.0,0,2,3.6471,53.94
Chilli,Chalky Soil,Seedling Stage,63,16,88.0,0,2,3.9375,55.44
Chilli,Chalky Soil,Seedling Stage,64,15,89.0,0,2,4.2667,56.96
Chilli,Chalky Soil,Seedling Stage,65,14,90.0,0,2,4.6429,58.5
Chilli,Chalky Soil,Seedling Stage,66,13,91.0,0,2,5.0769,60.06
Chilli,Chalky Soil,Seedling Stage,67,24,80.0,0,2,2.7917,53.6
Chilli,Chalky Soil,Seedling Stage,68,23,81.0,0,2,2.9565,55.08
Chilli,Chalky Soil,Seedling Stage,69,22,82.0,0,2,3.1364,56.58
Chilli,Chalky Soil,Vegetative Growth / Root or Tuber Development,1,17,87.0,0,3,0.0588,0.87
Chilli,Chalky Soil,Vegetative Growth / Root or Tuber Development,2,16,88.0,0,3,0.125,1.76
Chilli,Chalky Soil,Vegetative Growth / Root or Tuber Development,3,15,89.0,0,3,0.2,2.67
Chilli,Chalky Soil,Vegetative Growth / Root or Tuber Development,4,14,90.0,0,3,0.2857,3.6
Chilli,Chalky Soil,Vegetative Growth / Root or Tuber Development,5,13,91.0,0,3,0.3846,4.55
Chilli,Chalky Soil,Vegetative Growth / Root or Tuber Development,6,24,80.0,0,3,0.25,4.8
Chilli,Chalky Soil,Vegetative Growth / Root or Tuber Development,7,23,81.0,0,3,0.3043,5.67
Chilli,Chalky Soil,Vegetative Growth / Root or Tuber Development,8,22,82.0,0,3,0.3636,6.56
Chilli,Chalky Soil,Vegetative Growth / Root or Tuber Development,9,21,83.0,0,3,0.4286,7.47
Chilli,Chalky Soil,Vegetative Growth / Root or Tuber Development,10,20,84.0,0,3,0.5,8.4
Chilli,Chalky Soil,Vegetative Growth / Root or Tuber Development,11,19,85.0,0,3,0.5789,9.35
Chilli,Chalky Soil,Vegetative Growth / Root or Tuber Development,12,18,86.0,0,3,0.6667,10.32
Chilli,Chalky Soil,Vegetative Growth / Root or Tuber Development,13,17,87.0,0,3,0.7647,11.31
Chilli,Chalky Soil,Vegetative Growth / Root or Tuber Development,14,16,88.0,0,3,0.875,12.32
Chilli,Chalky Soil,Vegetative Growth / Root or Tuber Development,15,15,89.0,0,3,1.0,13.35
Chilli,Chalky Soil,Vegetative Growth / Root or Tuber Development,16,14,90.0,0,3,1.1429,14.4
Chilli,Chalky Soil,Vegetative Growth / Root or Tuber Development,17,13,91.0,0,3,1.3077,15.47
Chilli,Chalky Soil,Vegetative Growth / Root or Tuber Development,18,24,80.0,0,3,0.75,14.4
Chilli,Chalky Soil,Vegetative Growth / Root or Tuber Development,19,23,81.0,0,3,0.8261,15.39
Chilli,Chalky Soil,Vegetative Growth / Root or Tuber Development,20,22,82.0,0,3,0.9091,16.4
Chilli,Chalky Soil,Vegetative Growth / Root or Tuber Development,21,21,83.0,0,3,1.0,17.43
Chilli,Chalky Soil,Vegetative Growth / Root or Tuber Development,22,20,84.0,0,3,1.1,18.48
Chilli,Chalky Soil,Vegetative Growth / Root or Tuber Development,23,19,85.0,0,3,1.2105,19.55
Chilli,Chalky Soil,Vegetative Growth / Root or Tuber Development,24,18,86.0,0,3,1.3333,20.64
Chilli,Chalky Soil,Vegetative Growth / Root or Tuber Development,25,17,87.0,0,3,1.4706,21.75
Chilli,Chalky Soil,Vegetative Growth / Root or Tuber Development,26,16,88.0,0,3,1.625,22.88
Chilli,Chalky Soil,Vegetative Growth / Root or Tuber Development,27,15,89.0,0,3,1.8,24.03
Chilli,Chalky Soil,Vegetative Growth / Root or Tuber Development,28,14,90.0,0,3,2.0,25.2
Chilli,Chalky Soil,Vegetative Growth / Root or Tuber Development,29,13,91.0,0,3,2.2308,26.39
Chilli,Chalky Soil,Vegetative Growth / Root or Tuber Development,30,24,80.0,0,3,1.25,24.0
Chilli,Chalky Soil,Vegetative Growth / Root or Tuber Development,31,24,80.0,0,3,1.2917,24.8
Chilli,Chalky Soil,Vegetative Growth / Root or Tuber Development,32,23,81.0,0,3,1.3913,25.92
Chilli,Chalky Soil,Vegetative Growth / Root or Tuber Development,33,22,82.0,0,3,1.5,27.06
Chilli,Chalky Soil,Vegetative Growth / Root or Tuber Development,34,21,83.0,0,3,1.619,28.22
Chilli,Chalky Soil,Vegetative Growth / Root or Tuber Development,35,20,84.0,0,3,1.75,29.4
Chilli,Chalky Soil,Vegetative Growth / Root or Tuber Development,36,19,85.0,0,3,1.8947,30.6
Chilli,Chalky Soil,Vegetative Growth / Root or Tuber Development,37,18,86.0,0,3,2.0556,31.82
Chilli,Chalky Soil,Vegetative Growth / Root or Tuber Development,38,17,87.0,0,3,2.2353,33.06
Chilli,Chalky Soil,Vegetative Growth / Root or Tuber Development,39,16,88.0,0,3,2.4375,34.32
Chilli,Chalky Soil,Vegetative Growth / Root or Tuber Development,40,15,89.0,0,3,2.6667,35.6
Chilli,Chalky Soil,Vegetative Growth / Root or Tuber Development,41,14,90.0,0,3,2.9286,36.9
Chilli,Chalky Soil,Vegetative Growth / Root or Tuber Development,42,13,91.0,0,3,3.2308,38.22
Chilli,Chalky Soil,Vegetative Growth / Root or Tuber Development,43,24,80.0,0,3,1.7917,34.4
Chilli,Chalky Soil,Vegetative Growth / Root or Tuber Development,44,23,81.0,0,3,1.913,35.64
Chilli,Chalky Soil,Vegetative Growth / Root or Tuber Development,45,22,82.0,0,3,2.0455,36.9
Chilli,Chalky Soil,Vegetative Growth / Root or Tuber Development,46,21,83.0,0,3,2.1905,38.18
Chilli,Chalky Soil,Vegetative Growth / Root or Tuber Development,47,20,84.0,0,3,2.35,39.48
Chilli,Chalky Soil,Vegetative Growth / Root or Tuber Development,48,19,85.0,0,3,2.5263,40.8
Chilli,Chalky Soil,Vegetative Growth / Root or Tuber Development,49,18,86.0,0,3,2.7222,42.14
Chilli,Chalky Soil,Vegetative Growth / Root or Tuber Development,50,17,87.0,0,3,2.9412,43.5
Chilli,Chalky Soil,Vegetative Growth / Root or Tuber Development,51,16,88.0,0,3,3.1875,44.88
Chilli,Chalky Soil,Vegetative Growth / Root or Tuber Development,52,15,89.0,0,3,3.4667,46.28
Chilli,Chalky Soil,Vegetative Growth / Root or Tuber Development,53,14,90.0,0,3,3.7857,47.7
Chilli,Chalky Soil,Vegetative Growth / Root or Tuber Development,54,13,91.0,0,3,4.1538,49.14
Chilli,Chalky Soil,Vegetative Growth / Root or Tuber Development,55,24,80.0,0,3,2.2917,44.0
Chilli,Chalky Soil,Vegetative Growth / Root or Tuber Development,56,23,81.0,0,3,2.4348,45.36
Chilli,Chalky Soil,Vegetative Growth / Root or Tuber Development,57,22,82.0,0,3,2.5909,46.74
Chilli,Chalky Soil,Vegetative Growth / Root or Tuber Development,58,21,83.0,0,3,2.7619,48.14
Chilli,Chalky Soil,Vegetative Growth / Root or Tuber Development,59,20,84.0,0,3,2.95,49.56
Chilli,Chalky Soil,Vegetative Growth / Root or Tuber Development,60,19,85.0,0,3,3.1579,51.0
Chilli,Chalky Soil,Vegetative Growth / Root or Tuber Development,61,18,86.0,0,3,3.3889,52.46
Chilli,Chalky Soil,Vegetative Growth / Root or Tuber Development,62,17,87.0,0,3,3.6471,53.94
Chilli,Chalky Soil,Vegetative Growth / Root or Tuber Development,63,16,88.0,0,3,3.9375,55.44
Chilli,Chalky Soil,Vegetative Growth / Root or Tuber Development,64,15,89.0,0,3,4.2667,56.96
Chilli,Chalky Soil,Vegetative Growth / Root or Tuber Development,65,14,90.0,0,3,4.6429,58.5
Chilli,Chalky Soil,Vegetative Growth / Root or Tuber Development,66,13,91.0,0,3,5.0769,60.06
Chilli,Chalky Soil,Vegetative Growth / Root or Tuber Development,67,24,80.0,0,3,2.7917,53.6
Chilli,Chalky Soil,Vegetative Growth / Root or Tuber Development,68,23,81.0,0,3,2.9565,55.08
Chilli,Chalky Soil,Vegetative Growth / Root or Tuber Development,69,22,82.0,0,3,3.1364,56.58
Chilli,Chalky Soil,Vegetative Growth / Root or Tuber Development,70,21,83.0,0,3,3.3333,58.1
Chilli,Chalky Soil,Vegetative Growth / Root or Tuber Development,71,20,84.0,0,3,3.55,59.64
Chilli,Chalky Soil,Vegetative Growth / Root or Tuber Development,72,19,85.0,0,3,3.7895,61.2
Chilli,Chalky Soil,Vegetative Growth / Root or Tuber Development,73,18,86.0,0,3,4.0556,62.78
Chilli,Chalky Soil,Vegetative Growth / Root or Tuber Development,74,17,87.0,0,3,4.3529,64.38
Chilli,Chalky Soil,Vegetative Growth / Root or Tuber Development,75,16,88.0,0,3,4.6875,66.0
Chilli,Chalky Soil,Vegetative Growth / Root or Tuber Development,76,15,89.0,0,3,5.0667,67.64
Chilli,Chalky Soil,Vegetative Growth / Root or Tuber Development,77,14,90.0,0,3,5.5,69.3
Chilli,Chalky Soil,Vegetative Growth / Root or Tuber Development,78,13,91.0,0,3,6.0,70.98
Chilli,Chalky Soil,Vegetative Growth / Root or Tuber Development,79,24,80.0,0,3,3.2917,63.2
Chilli,Chalky Soil,Flowering,1,17,87.0,0,4,0.0588,0.87
Chilli,Chalky Soil,Flowering,2,16,88.0,0,4,0.125,1.76
Chilli,Chalky Soil,Flowering,3,15,89.0,0,4,0.2,2.67
Chilli,Chalky Soil,Flowering,4,14,90.0,0,4,0.2857,3.6
Chilli,Chalky Soil,Flowering,5,13,91.0,0,4,0.3846,4.55
Chilli,Chalky Soil,Flowering,6,24,80.0,0,4,0.25,4.8
Chilli,Chalky Soil,Flowering,7,23,81.0,0,4,0.3043,5.67
Chilli,Chalky Soil,Flowering,8,22,82.0,0,4,0.3636,6.56
Chilli,Chalky Soil,Flowering,9,21,83.0,0,4,0.4286,7.47
Chilli,Chalky Soil,Flowering,10,20,84.0,0,4,0.5,8.4
Chilli,Chalky Soil,Flowering,11,19,85.0,0,4,0.5789,9.35
Chilli,Chalky Soil,Flowering,12,18,86.0,0,4,0.6667,10.32
Chilli,Chalky Soil,Flowering,13,17,87.0,0,4,0.7647,11.31
Chilli,Chalky Soil,Flowering,14,16,88.0,0,4,0.875,12.32
Chilli,Chalky Soil,Flowering,15,15,89.0,0,4,1.0,13.35
Chilli,Chalky Soil,Flowering,16,14,90.0,0,4,1.1429,14.4
Chilli,Chalky Soil,Flowering,17,13,91.0,0,4,1.3077,15.47
Chilli,Chalky Soil,Flowering,18,24,80.0,0,4,0.75,14.4
Chilli,Chalky Soil,Flowering,19,23,81.0,0,4,0.8261,15.39
Chilli,Chalky Soil,Flowering,20,22,82.0,0,4,0.9091,16.4
Chilli,Chalky Soil,Flowering,21,21,83.0,0,4,1.0,17.43
Chilli,Chalky Soil,Flowering,22,20,84.0,0,4,1.1,18.48
Chilli,Chalky Soil,Flowering,23,19,85.0,0,4,1.2105,19.55
Chilli,Chalky Soil,Flowering,24,18,86.0,0,4,1.3333,20.64
Chilli,Chalky Soil,Flowering,25,17,87.0,0,4,1.4706,21.75
Chilli,Chalky Soil,Flowering,26,16,88.0,0,4,1.625,22.88
Chilli,Chalky Soil,Flowering,27,15,89.0,0,4,1.8,24.03
Chilli,Chalky Soil,Flowering,28,14,90.0,0,4,2.0,25.2
Chilli,Chalky Soil,Flowering,29,13,91.0,0,4,2.2308,26.39
Chilli,Chalky Soil,Flowering,30,24,80.0,0,4,1.25,24.0
Chilli,Chalky Soil,Flowering,31,24,80.0,0,4,1.2917,24.8
Chilli,Chalky Soil,Flowering,32,23,81.0,0,4,1.3913,25.92
Chilli,Chalky Soil,Flowering,33,22,82.0,0,4,1.5,27.06
Chilli,Chalky Soil,Flowering,34,21,83.0,0,4,1.619,28.22
Chilli,Chalky Soil,Flowering,35,20,84.0,0,4,1.75,29.4
Chilli,Chalky Soil,Flowering,36,19,85.0,0,4,1.8947,30.6
Chilli,Chalky Soil,Flowering,37,18,86.0,0,4,2.0556,31.82
Chilli,Chalky Soil,Flowering,38,17,87.0,0,4,2.2353,33.06
Chilli,Chalky Soil,Flowering,39,16,88.0,0,4,2.4375,34.32
Chilli,Chalky Soil,Flowering,40,15,89.0,0,4,2.6667,35.6
Chilli,Chalky Soil,Flowering,41,14,90.0,0,4,2.9286,36.9
Chilli,Chalky Soil,Flowering,42,13,91.0,0,4,3.2308,38.22
Chilli,Chalky Soil,Flowering,43,24,80.0,0,4,1.7917,34.4
Chilli,Chalky Soil,Flowering,44,23,81.0,0,4,1.913,35.64
Chilli,Chalky Soil,Flowering,45,22,82.0,0,4,2.0455,36.9
Chilli,Chalky Soil,Flowering,46,21,83.0,0,4,2.1905,38.18
Chilli,Chalky Soil,Flowering,47,20,84.0,0,4,2.35,39.48
Chilli,Chalky Soil,Flowering,48,19,85.0,0,4,2.5263,40.8
Chilli,Chalky Soil,Flowering,49,18,86.0,0,4,2.7222,42.14
Chilli,Chalky Soil,Flowering,50,17,87.0,0,4,2.9412,43.5
Chilli,Chalky Soil,Flowering,51,16,88.0,0,4,3.1875,44.88
Chilli,Chalky Soil,Flowering,52,15,89.0,0,4,3.4667,46.28
Chilli,Chalky Soil,Flowering,53,14,90.0,0,4,3.7857,47.7
Chilli,Chalky Soil,Flowering,54,13,91.0,0,4,4.1538,49.14
Chilli,Chalky Soil,Flowering,55,24,80.0,0,4,2.2917,44.0
Chilli,Chalky Soil,Flowering,56,23,81.0,0,4,2.4348,45.36
Chilli,Chalky Soil,Flowering,57,22,82.0,0,4,2.5909,46.74
Chilli,Chalky Soil,Flowering,58,21,83.0,0,4,2.7619,48.14
Chilli,Chalky Soil,Flowering,59,20,84.0,0,4,2.95,49.56
Chilli,Chalky Soil,Flowering,60,19,85.0,0,4,3.1579,51.0
Chilli,Chalky Soil,Flowering,61,18,86.0,0,4,3.3889,52.46
Chilli,Chalky Soil,Flowering,62,17,87.0,0,4,3.6471,53.94
Chilli,Chalky Soil,Flowering,63,16,88.0,0,4,3.9375,55.44
Chilli,Chalky Soil,Flowering,64,15,89.0,0,4,4.2667,56.96
Chilli,Chalky Soil,Flowering,65,14,90.0,0,4,4.6429,58.5
Chilli,Chalky Soil,Flowering,66,13,91.0,0,4,5.0769,60.06
Chilli,Chalky Soil,Flowering,67,24,80.0,0,4,2.7917,53.6
Chilli,Chalky Soil,Flowering,68,23,81.0,0,4,2.9565,55.08
Chilli,Chalky Soil,Flowering,69,22,82.0,0,4,3.1364,56.58
Chilli,Chalky Soil,Flowering,70,21,83.0,0,4,3.3333,58.1
Chilli,Chalky Soil,Flowering,71,20,84.0,0,4,3.55,59.64
Chilli,Chalky Soil,Flowering,72,19,85.0,0,4,3.7895,61.2
Chilli,Chalky Soil,Flowering,73,18,86.0,0,4,4.0556,62.78
Chilli,Chalky Soil,Flowering,74,17,87.0,0,4,4.3529,64.38
Chilli,Chalky Soil,Flowering,75,16,88.0,0,4,4.6875,66.0
Chilli,Chalky Soil,Flowering,76,15,89.0,0,4,5.0667,67.64
Chilli,Chalky Soil,Flowering,77,14,90.0,0,4,5.5,69.3
Chilli,Chalky Soil,Flowering,78,13,91.0,0,4,6.0,70.98
Chilli,Chalky Soil,Flowering,79,24,80.0,0,4,3.2917,63.2
